demo_idx,record_id,pmid,gold,title,abstract,abs_triage,abs_reason,choice,pred,confidence,p_include,p_exclude,eligible_population,listed_adhd_drug,eligible_outcome,eligible_study_design,wrong_publication_type,inadequate_study_duration,is_drug_monograph_or_product_profile,is_imaging_or_biomarker_only,is_formulation_dev_without_efficacy,latency_ms,input_tokens,cost_usd,correct,error,rule
0,9773134,9773134,exclude,"Epidural fentanyl, adrenaline and clonidine as adjuvants to local anaesthetics  for surgical analgesia: meta-analyses of analgesia and side-effects.","BACKGROUND: The risk/benefit ratio of adding fentanyl, adrenaline and clonidine  to epidural local anaesthetics for improving intraoperative analgesia is unclear. This meta-analysis was performed to clarify this issue. METHODS: Trials retrieved by search were considered if they were prospective, controlled, epidural analgesia (without combining general anaesthesia) was planned and occurrence of pain during surgery or side-effects were reported. Papers entered meta-analysis if they reached a predefined minimum quality score. Pooled odds ratios (OR) and confidence intervals (CI) were computed. P < 0.05 was considered as significant. RESULTS: Eighteen trials were included in the analysis for fentanyl. Fentanyl decreased the likelihood of pain (OR = 0.21, 95% CI = 0.15-0.30, P < 0.001) and increased the incidence of pruritus (OR = 5.59, 95% CI = 3.12-10.05, P < 0.001) and sedation (OR = 1.88, 95% CI = 1.19-2.98, P = 0.003), compared to control (local anaesthetic without fentanyl). Fentanyl had no effect on respiratory depression, nausea, vomiting and Apgar score. One case of respiratory depression of a newborn was observed. Because of the very low number of trials selected, evaluation of adrenaline and clonidine was not feasible. CONCLUSION: The analysis of current literature shows that the addition of fentanyl to local anaesthetics for intraoperative epidural analgesia is safe and advantageous. The reduction in the incidence of pain during surgery is quantitatively high and therefore clinically significant. Side-effects are mild. Randomized, controlled trials have to be performed in order to clarify the role of adrenaline and clonidine as epidural adjuvants for surgical analgesia.",E,E,exclude,exclude,1.0,0.0,1.0,0.09,0.52,0.36,0.88,0.07,0.39,0.04,0.04,0.01,581.9192230701447,2274,9.5508e-05,True,,cohen_adhd_r2_ship
1,11282699,11282699,exclude,An MRI study of basal ganglia volumes in first-episode schizophrenia patients  treated with risperidone.,"OBJECTIVE: The basal ganglia may contribute to extrapyramidal movement disorders,  affective disturbances, and cognitive deficits in schizophrenia. Basal ganglia volumes are putatively affected by antipsychotic medications. The purpose of this study was to determine the long-term effects of risperidone treatment in a cohort of first-episode patients with schizophrenia. METHOD: The subjects were 30 patients with first-episode schizophrenia, 12 patients chronically treated with typical antipsychotics, and 23 healthy comparison subjects. They were scanned by magnetic resonance imaging at baseline. The first-episode patients received 1 year of continuous risperidone treatment, after which they and the comparison subjects were rescanned. Caudate, putamen, and globus pallidus volumes were determined from coronal images. RESULTS: The baseline caudate, putamen, and globus pallidus volumes were significantly larger in the chronically treated patients than in the untreated first-episode subjects and comparison subjects. These volumes did not differ between the first-episode patients and healthy comparison subjects. Basal ganglia volumes were unchanged after 1 year of exposure to risperidone in the first-episode subjects. Extrapyramidal movement disorders were present in the majority of chronically treated patients and more than one-third of the never-medicated first-episode patients at baseline. CONCLUSIONS: This group of first-episode patients did not exhibit abnormalities of basal ganglia volumes, nor were basal ganglia volumes affected by exposure to risperidone. Movement disorders were observed in both first-episode and chronically treated patients, suggesting effects of both illness and medications.",E,E,exclude,exclude,1.0,0.0,1.0,0.13,0.78,0.48,0.81,0.05,0.35,0.03,0.64,0.01,547.0813089050353,2198,9.2316e-05,True,,cohen_adhd_r2_ship
2,9067044,9067044,exclude,Clonidine at induction reduces shivering after general anaesthesia.,"PURPOSE: Postanaesthetic shivering occurs in 5-65% of patients. In addition to  causing discomfort, it is associated with deleterious consequences. Our objective was to investigate the effect of 150 micrograms clonidine, at induction of anaesthesia, on perioperative core and peripheral temperature, incidence of postanaesthetic shivering and patients' perception of cold. METHODS: Sixty ASA 1 or 2 patients scheduled for elective orthopaedic limb surgery were randomly allocated to group 1, who received 150 micrograms clonidine iv, or group 2, who received a saline bolus iv, before induction. In all patients, anaesthesia was induced with fentanyl and propofol and maintained by spontaneous respiration (via a laryngeal mask airway) of oxygen, nitrous oxide and enflurane. Core (nasopharyngeal) and peripheral (dorsal hand) temperatures were recorded at induction and 15-min intervals. Nurses, unaware of the treatment groups, recorded visible shivering in the recovery room. When cognitive function returned, patients were asked to grade their perception of cold on a 10 cm linear analogue scale, higher scores indicating heat discomfort. RESULTS: While core temperature decreased and peripheral temperature increased in both groups, there was no difference between the groups at any time. However, there was a lower incidence of shivering in the clonidine group (20% vs 66.7%, P < 0.001). Patients receiving clonidine felt warmer; thermal comfort score (median interquartile range) 5.9 (5.0-7.2) vs 5.0 (4.5-6.0), P < 0.05). CONCLUSION: Clonidine 150 g iv at induction of anaesthesia reduces the incidence of shivering and patients' subjective perception of cold on emergence from general anaesthesia.",E,E,exclude,exclude,0.99,0.0,1.0,0.08,0.74,0.25,0.83,0.05,0.47,0.04,0.05,0.01,552.4385189637542,2243,9.4206e-05,True,,cohen_adhd_r2_ship
3,10435394,10435394,exclude,Pharmacokinetic-pharmacodynamic modeling of risperidone effects on  electroencephalography in healthy volunteers.,"RATIONALE: CNS-active drugs produce specific electroencephalographic changes and  the concentration-effect relationship of antipsychotics may be elucidated by adopting electroencephalography (EEG) as an effect measurement tool. OBJECTIVE: The purpose of the present study was to determine the concentration-effect relationship of risperidone by assessing the EEG effect after oral administrations of single dose risperidone in healthy young males. METHODS: Nine healthy male volunteers received a 1 mg single oral dose of risperidone according to a placebo controlled crossover design. Plasma levels of risperidone and its active metabolite 9-hydroxyrisperidone were measured by radioimmunoassay. Quantitative EEG parameters were obtained for each of four frequency bands through spectral EEG analysis. The difference in the absolute power in the delta frequency band for the F3 lead between risperidone and placebo was used as a drug effect parameter. For pharmacokinetic-pharmacodynamic modeling, the hypothetical effect compartment kinetically linked to plasma by a first-order process was postulated. All curve fittings were done with the non-linear curve-fitting program NONLIN. RESULTS: Our results showed that absolute powers in delta and theta frequency bands were higher for risperidone administration than for placebo at all EEG leads, and the maximum effects were detected at about 3 h after administration of the drug. The hysteresis loop was observed in the plot of plasma concentration of risperidone or sum of risperidone and 9-hydroxyrisperidone (Cp) versus EEG effect for each subject. A linear model adequately described the relationship between the effect compartment concentrations (Ce) and EEG effects, and the two limbs of hysteresis in the Cp-effect plot were collapsed in the Ce-effect plot for risperidone or risperidone plus 9-hydroxyrisperidone. CONCLUSION: The increases of absolute power for delta and theta frequency bands of EEG were induced by single oral administration of risperidone. The linear PK-PD model fit well with the relationship between effect compartment concentrations (Ce) and EEG effects of risperidone.",E,E,exclude,exclude,1.0,0.0,1.0,0.12,0.75,0.44,0.47,0.06,0.77,0.06,0.77,0.02,505.0580610986799,2302,9.6684e-05,True,,cohen_adhd_r2_ship
4,9857806,9857806,exclude,[Central stimulants in adults with AD/HD. Do they help?].,"This article is a review of five controlled studies of the efficacy of  methylphenidate in adults with attention deficit/hyperactivity disorder (AD/HD). All five had a placebo cross-over design. In one of the studies, patients noted from the side-effects whether they were taking methylphenidate or placebo, and it is, in fact, unlikely that any of the studies were blind. The diagnostic criteria used in two of the studies were not appropriate according to present knowledge, leaving three samples of subjects meeting the present criteria for AD/HD. In one study, the patient material was extremely selective: 74% of subjects belonged to social class 1 and 2, and only 35% of those who came for treatment were eligible. Only one study has an acceptable (though not perfect) design. In this study of patients in a psychiatric clinic, no difference was found between methylphenidate and placebo. In two studies, subjects who improved on methylphenidate were followed up. Of the total of 24 subjects in these two samples, only four continued with methylphenidate after 3-12 months; two of them suffered from narcolepsy and one was a substance abuser. Thus, the efficacy of methylphenidate on AD/HD in adults has not been demonstrated. Present research is more against than in favour of its existence.",5,5,include,include,0.95,0.98,0.02,0.87,0.87,0.79,0.66,0.27,0.44,0.16,0.03,0.02,590.196164092049,2109,8.8578e-05,False,,cohen_adhd_r2_ship
5,9241010,9241010,exclude,Economic and health state utility determinations for schizophrenic patients  treated with risperidone or haloperidol.,"The current study uses utility analysis to assess economic and quality-of-life  benefits of risperidone in patients with chronic schizophrenia. A retrospective analysis was performed on Positive and Negative Syndrome Symptoms (PANSS) data obtained from the published Canadian multicenter risperidone trial (part of the North American trial). Cluster analysis applied to endpoint PANSS scores, including all patients (N = 135), identified three clusters representing 130 patients with mild, moderate, and severe symptomatology. A narrative health state profile was written for each cluster, and 100 psychiatric nurses from Washington, DC, were asked to assign preference ratings to each one using linear analog and standard gamble (SG) methods. Mean utility values (confidence interval 95%) obtained from the SG ratings for the three health state profiles were 0.61 +/- 0.069 (mild); 0.36 +/- 0.073 (moderate); and 0.29 +/- 0.071 (severe). The mild health state (including the majority of risperidone 6 mg-treated patients) was rated by nurses to have a 0.25 +/- 0.0501 greater utility than the moderate health state (composed of the majority of haloperidol-treated patients). The results of these utility evaluations (SG) by the nurses were related to the clinical outcome for three of the six drug treatment groups (N = 65) by multiplying the percentage of patients in each of the three clusters, both at baseline and end-point, who were receiving risperidone 6 mg/day, haloperidol, or placebo, by the utility value for the health state assigned to that cluster. The gain in utility for risperidone-treated patients was 2.6 times higher (0.125) compared with haloperidol-treated patients (0.049), and 7 times higher compared with placebo (-0.021). After multiplying the gain in utility of each treatment by the remaining expected life span for men and women, it was found that risperidone-treated patients obtained more than twice as many quality-adjusted years as haloperidol patients. The incremental drug treatment cost divided by the incremental benefit of risperidone versus haloperidol was found to yield a favorable, generally accepted cost-utility ratio.",E,E,exclude,exclude,0.99,0.0,1.0,0.16,0.67,0.66,0.81,0.08,0.35,0.05,0.03,0.01,558.831576956436,2329,9.781800000000002e-05,True,,cohen_adhd_r2_ship
6,9874861,9874861,exclude,Pre-anesthetic oral clonidine is effective to prevent post-spinal shivering.,"BACKGROUND: Shivering is a common event during spinal anesthesia. Customarily we  just treat it rather than prevent it. This study was designed to evaluate the efficacy of oral clonidine as a premedication to prevent post-spinal shivering. METHODS: One hundred males of ASA physical status I-III, aged above 40, scheduled for elective urological surgery under spinal anesthesia, were included in this study. All participants were randomly divided into the clonidine and control groups. They received either oral clonidine 150 micrograms (n = 48) or placebo (n = 52) 90 min before spinal anesthesia in a double-blind fashion. Spinal blockade was induced with heavy bupivacaine to a dermatomal level near T10. The shivering was graded as: none, no perceptible tension of muscles observed; mild, slight muscle tonus (masseter muscle); moderate, real shivering (proximal muscles); and severe, generalized shivering (whole body). The tympanic membrane temperature was recorded 30 min after spinal anesthesia. Data were expressed as mean +/- standard deviation. Chi-square and Student's t-test were used. A p value less than 0.05 was considered statistically significant. RESULTS: The incidence of post-spinal shivering, which was graded as none, mild, moderate, and severe, showed statistically significant differences (p < 0.05) between clonidine 150 micrograms and placebo (83% vs. 42%, 10% vs. 6%, 10% vs. 19%, 0% vs. 33%, respectively) during the 30 min immediately after spinal anesthesia. The respective mean tympanic temperature in oral clonidine and placebo groups showed no difference (clonidine vs. control = 35.9 +/- 0.8 degrees C vs. 35.9 +/- 0.7 degrees C). CONCLUSIONS: Pre-anesthetic medication with oral clonidine 150 micrograms is effective to prevent post-spinal shivering in patients undergoing elective urological surgery.",E,E,exclude,exclude,1.0,0.0,1.0,0.07,0.77,0.26,0.85,0.05,0.46,0.03,0.03,0.01,574.2898648604751,2286,9.6012e-05,True,,cohen_adhd_r2_ship
7,8033025,8033025,exclude,N of 1 study: methylphenidate in a patient with borderline personality disorder  and attention deficit hyperactivity disorder.,,6,6,include,exclude,0.94,0.97,0.03,0.79,0.78,0.5,0.33,0.23,0.53,0.18,0.08,0.05,475.472612073645,1832,7.6944e-05,True,,cohen_adhd_r2_ship
8,9357879,9357879,exclude,Epidural epinephrine and clonidine: segmental analgesia and effects on different  pain modalities.,"BACKGROUND: It is not known whether epidural epinephrine has an analgesic effect  per se. The segmental distribution of clonidine epidural analgesia and its effects on temporal summation and different types of noxious stimuli are unknown. The aim of this study was to clarify these issues. METHODS: Fifteen healthy volunteers received epidurally (L2-L3 or L3-L4) 20 ml of either epinephrine, 100 microg, in saline; clonidine, 8 microg/kg, in saline; or saline, 0.9%, alone, on three different days in a randomized, double-blind, cross-over fashion. Pain rating after electrical stimulation, pinprick, and cold perception were recorded on the dermatomes S1, L4, L1, T9, T6, T1, and forehead. Pressure pain tolerance threshold was recorded at S1, T6, and ear. Pain thresholds to single and repeated (temporal summation) electrical stimulation of the sural nerve were determined. RESULTS: Epinephrine significantly reduced sensitivity to pinprick at L1-L4-S1. Clonidine significantly decreased pain rating after electrical stimulation at L1-L4 and sensitivity to pinprick and cold at L1-L4-S1, increased pressure pain tolerance threshold at S1, and increased thresholds after single and repeated stimulation of the sural nerve. CONCLUSIONS: Epidural epinephrine and clonidine produce segmental hypoalgesia. Clonidine bolus should be administered at a spinal level corresponding to the painful area. Clonidine inhibits temporal summation elicited by repeated electrical stimulation and may therefore attenuate spinal cord hyperexcitability.",E,E,exclude,exclude,1.0,0.0,1.0,0.07,0.76,0.26,0.72,0.06,0.48,0.03,0.07,0.02,519.6257550269365,2201,9.2442e-05,True,,cohen_adhd_r2_ship
9,11886019,11886019,include,Psychopharmacology and aggression. I: A meta-analysis of stimulant effects on  overt/covert aggression-related behaviors in ADHD.,"OBJECTIVE: To determine by meta-analysis the effect size for stimulants on overt  and covert aggression-related behaviors in children with attention-deficit/hyperactivity disorder (ADHD), separately from stimulant effects on the core symptoms of ADHD. METHOD: A review of the literature from 1970 to 2001 revealed 28 studies meeting inclusion/exclusion criteria for meta-analysis. These studies yielded 28 independent effects of overt aggression and 7 independent effects of covert aggression. RESULTS: The overall weighted mean effect size was 0.84 for overt and 0.69 for covert aggression related behaviors in ADHD. Comorbid conduct disorder is associated with diminishing stimulant effect size for overt aggression. CONCLUSION: Stimulant effects for aggression-related behaviors in ADHD have effect sizes similar to those for the core symptoms of ADHD.",I,I,include,include,0.95,0.98,0.02,0.91,0.9,0.62,0.92,0.06,0.44,0.04,0.03,0.01,548.0279780458659,2015,8.463000000000001e-05,True,,cohen_adhd_r2_ship
10,9448656,9448656,exclude,Double-blind comparison of bupropion sustained release and sertraline in  depressed outpatients.,"BACKGROUND: A sustained-release formulation of bupropion (bupropion SR),  developed with an improved pharmacokinetic profile to permit less frequent dosing than the immediate-release form, has not been evaluated in active comparator trials. This randomized, double-blind, parallel-group trial was conducted to compare the efficacy and safety of bupropion SR and sertraline. METHOD: Outpatients with moderate to severe major depressive disorder (DSM-IV) received bupropion SR (100-300 mg/day) or sertraline (50-200 mg/day) for 16 weeks. Psychiatric evaluations, including the Hamilton Rating Scale for Depression (HAM-D), the Hamilton Rating Scale for Anxiety (HAM-A), the Clinical Global Impressions scale for Severity of Illness (CGI-S), and for Improvement (CGI-I) were completed, and adverse events were assessed in the clinic periodically throughout treatment. Patients' orgasm function was also assessed. RESULTS: Mean HAM-D, HAM-A, CGI-I, and CGI-S scores improved over the course of treatment in both the bupropion SR group and the sertraline group; no between-group differences were observed on any of the scales. Orgasm dysfunction was significantly (p < .001) more common in sertraline-treated patients compared with bupropion SR-treated patients. The adverse events of nausea, diarrhea, somnolence, and sweating were also experienced more frequently (p < .05) in sertraline-treated patients. No differences were noted between the two treatments for vital signs and weight. CONCLUSION: This double-blind comparison of bupropion SR and sertraline demonstrates that bupropion and sertraline are similarly effective for the treatment of depression. Both compounds were relatively well tolerated, and orgasm dysfunction, nausea, diarrhea, somnolence, and sweating were reported more frequently in sertraline-treated patients.",E,E,exclude,exclude,0.99,0.0,1.0,0.07,0.8,0.63,0.89,0.05,0.42,0.03,0.02,0.05,556.2036358751357,2230,9.366e-05,True,,cohen_adhd_r2_ship
11,12888781,12888781,exclude,Olanzapine reduces craving for alcohol: a DRD4 VNTR polymorphism by  pharmacotherapy interaction.,"Separate investigations have suggested that olanzapine, a D4 antagonist,  decreases craving after a priming dose of alcohol and that the DRD4 variable number of tandem repeats (VNTR) polymorphism influences the expression of craving after a priming dose of alcohol. The present study tested the hypothesis that olanzapine may be differentially effective at reducing cue-elicited craving based on individual differences in DRD4 VNTR in a sample of heavy social drinkers. Participants were randomly assigned to receive olanzapine (5 mg) or a control medication (cyproheptadine, 4 mg) prior to consuming three alcoholic drinks. Participants completed subjective measures of craving and euphoria after each drink. Participants who were homozygous or heterozygous for the 7 (or longer) repeat allele of the DRD4 VNTR were classified as DRD4 L, while the other participants were classified as DRD4 S. The findings indicated that olanzapine reduces craving for alcohol at baseline for both DRD4 S and DRD4 L individuals, but only reduces craving after exposure to alcohol cues and after a priming dose of alcohol for DRD4 L individuals.",E,E,exclude,exclude,1.0,0.0,1.0,0.12,0.68,0.32,0.86,0.08,0.43,0.05,0.09,0.01,479.8863849136978,2083,8.748600000000001e-05,True,,cohen_adhd_r2_ship
12,8873539,8873539,exclude,"Small, oral dose of clonidine reduces the incidence of intraoperative myocardial  ischemia in patients having vascular surgery.","BACKGROUND: Most new perioperative myocardial ischemic episodes occur in the  absence of hypertension or tachycardia. The ability of alpha 2-adrenoceptor agonists to inhibit central sympathetic outflow may benefit patients with coronary artery disease by increasing the myocardial oxygen supply and -demand ratio. METHODS: A randomized double-blind study design was used in 297 patients scheduled to have elective vascular surgical procedures to evaluate the effects of 2 micrograms/kg-1 oral clonidine (n = 145) or placebo (n = 152) on the incidence of perioperative myocardial ischemic episodes, myocardial infarction, and cardiac death. Continuous real-time S-T segment trend analysis (lead II and V5) was performed during anesthesia and surgery and correlated with arterial blood pressure and heart rate before and during ischemic events. Dose requirements for vasoactive and antiischemic drugs to control blood pressure and heart rate as well as episodes of myocardial ischemia (i.e., catecholamines, beta-adrenoceptor antagonists, nitrates, and systemic vasodilators) and fluid volume load were recorded. RESULTS: Administration of clonidine reduced the incidence of perioperative myocardial ischemic episodes from 39% (59 of 152) to 24% (35 of 145) (P < 0.01). Hemodynamic patterns, percentage of ischemic time, and the number of ischemic episodes per patient did not differ. Nonfatal myocardial infarction developed after operation in four patients receiving placebo compared with none receiving clonidine (day 2 to 21; P = 0.07). The incidence of fatal cardiac events (1 vs. 2) was not different. Dose requirements for vasoactive and antiischemic drugs did not differ between the groups, but the amount of presurgical fluid volume was slightly greater in patients receiving clonidine (951 +/- 388 vs. 867 +/- 381 ml; P < 0.03). CONCLUSION: A small oral dose of clonidine, given prophylactically, can reduce the incidence of perioperative myocardial ischemic episodes without affecting hemodynamic stability in patients with suspected or documented coronary artery disease.",E,E,exclude,exclude,0.99,0.0,1.0,0.09,0.72,0.28,0.83,0.04,0.43,0.03,0.05,0.01,487.2562049422413,2340,9.828e-05,True,,cohen_adhd_r2_ship
13,11949778,11949778,exclude,A systematic review of the use of atypical antipsychotics in autism.,"Conventional antipsychotic medication is commonly prescribed to patients with  autistic spectrum disorder. However, a high incidence of severe adverse reactions highlights the need to find more favourable treatments. Atypical antipsychotics may combine efficacy in ameliorating some autistic symptoms with a lower incidence of some adverse reactions. This article reviews the use of atypical antipsychotics in autistic disorder, with particular focus on behaviour, cognition and physical well-being. Thirteen studies using risperidone, three using olanzapine, one using clozapine, one using amisulpride and one using quetiapine were identified. Few firm conclusions can be drawn due to the limitations of the studies; however, there is an indication that risperidone may be effective in reducing hyperactivity, aggression and repetitive behaviours, often without inducing severe adverse reactions. Olanzapine and clozapine may also be effective; however, there is little evidence for using amisulpride or quetiapine in this population. Randomized trials are required to clarify the effectiveness of these agents.",E,E,exclude,exclude,0.94,0.03,0.97,0.11,0.76,0.7,0.84,0.15,0.38,0.09,0.03,0.01,494.07188105396926,2048,8.601600000000001e-05,True,,cohen_adhd_r2_ship
14,11564483,11564483,exclude,"Effect of levodopa in combination with physiotherapy on functional motor recovery  after stroke: a prospective, randomised, double-blind study.","BACKGROUND: Functional disability is generally caused by hemiplegia after stroke.  Physiotherapy used to be the only way of improving motor function in such patients. However, administration of amphetamines in addition to exercise improves motor recovery in animals, probably by increasing the concentration of norepinephrine in the central nervous system. Our aim was to ascertain whether levodopa could enhance the efficacy of physiotherapy after hemiplegia. METHODS: We did a prospective, randomised, placebo-controlled, double-blind study in which we enrolled 53 primary stroke patients. For the first 3 weeks patients received single doses of levodopa 100 mg or placebo daily in combination with physiotherapy. For the second 3 weeks patients had only physiotherapy. We quantitatively assessed motor function every week with Rivermead motor assessment (RMA). FINDINGS: Six patients were excluded from analyses because of non-neurological complications. Motor recovery was significantly improved after 3 weeks of drug intervention in those on levodopa (RMA improved by 6.4 points) compared with placebo (4.1), and the result was independent of initial degree of impairment (p<0.004). The advantage of the levodopa group was maintained at study endpoint 3 weeks after levodopa was stopped. At the end of the study the total RMA score gain for the levodopa group was 8.2 points compared with 5.7 in the placebo group (p=0.020). INTERPRETATION: A single dose of levodopa is well tolerated and, when given in combination with physiotherapy, enhances motor recovery in patients with hemiplegia. In view of its minimal side-effects, levodopa will be a possible add- on during stroke rehabilitation.",E,E,exclude,exclude,1.0,0.0,1.0,0.08,0.1,0.52,0.89,0.04,0.4,0.03,0.03,0.01,598.5228351783007,2223,9.3366e-05,True,,cohen_adhd_r2_ship
15,11432684,11432684,exclude,Dropout rates in randomised antipsychotic drug trials.,"RATIONALE: It has been assumed that new atypical drugs improve treatment  compliance due to fewer adverse effects. Data supporting this assumption are scarce. OBJECTIVES: The aim of this study was to study attrition rates in randomised controlled trials of oral administration of conventional antipsychotic drugs, atypical antipsychotic drugs and placebo. METHODS: The database of the Schizophrenia Module of the Cochrane Library was utilised for the present study. The data in the Cochrane Module are collected by identifying relevant randomised controlled trials from several electronic databases and other sources. Number of dropouts was defined as patients leaving the study preterm due to any reason. RESULTS: Data from 328 treatment groups, consisting of 18,585 randomised subjects from 163 drug trials, were entered in the analysis. One-third of the subjects had dropped out of the trials. The dropout rates significantly increased for each calendar year. Year of trial publication, type of drug and trial length remained statistically significant contributors to dropout rates. In a model incorporating year of publication and trial length, placebo groups and groups treated with conventional antipsychotics had significantly higher attrition rates than groups treated with atypical drugs. When clozapine-treated groups were excluded from the analysis, no statistically significant advantage for atypical drugs over conventional drugs remained. CONCLUSIONS: Trial data implicate that a better compliance can be achieved by favouring atypical drugs rather than conventional alternatives in the treatment of schizophrenia. However, this effect is found only when groups treated with the atypical antipsychotic clozapine are included in the analysis. Our study did not find evidence for a statistically significant superiority in acceptability of novel atypical drugs when compared to conventional antipsychotics.",E,E,exclude,exclude,0.99,0.0,1.0,0.15,0.56,0.66,0.9,0.07,0.36,0.02,0.03,0.01,502.802599221468,2203,9.252600000000002e-05,True,,cohen_adhd_r2_ship
16,9661556,9661556,exclude,Clonidine added to the anesthetic solution enhances analgesia and improves  oxygenation after intercostal nerve block for thoracotomy.,"We evaluated the effect of adding clonidine to bupivacaine on postoperative pain  control and oxygenation after intercostal nerve blockade (ICB) for thoracotomy, and attempted to distinguish a systemic from a local effect of clonidine. ICB with 2 mg/kg 0.5% bupivacaine was performed in 36 patients undergoing thoracotomy. Patients were randomized to one of three groups: 1) a control group that received bupivacaine with saline for ICB and an IM injection of saline, 2) an IM group that received bupivacaine with saline for ICB and an IM injection of 2 micrograms/kg clonidine, and 3) a block group that received bupivacaine with 2 micrograms/kg clonidine for ICB and an IM injection of saline. Blood gases, visual analog scale (VAS) scores, and analgesic demand were determined hourly for 8 h after arrival in the postoperative care unit (PCU). Patients in the block group had significantly lower VAS scores, higher arterial oxygen tension, and lower analgesic demand for the first 4 h in the PCU, compared with the two other groups. No difference was noted thereafter. We conclude that the addition of clonidine to bupivacaine for ICB leads to a short-term effect enhancing postoperative pain control and improving arterial oxygenation, probably mediated by a direct effect on the nerves. IMPLICATIONS: Severe pain after thoracotomy can lead to impaired ventilation. We studied the effect of adding clonidine to bupivacaine for intercostal nerve blockade after thoracotomy. Clonidine administered directly on the nerves enhanced analgesia and improved oxygenation for a short time compared with systemic administration or control.",E,E,exclude,exclude,0.99,0.0,1.0,0.07,0.67,0.36,0.8,0.06,0.42,0.04,0.05,0.02,520.9142670501024,2227,9.3534e-05,True,,cohen_adhd_r2_ship
17,10910854,10910854,exclude,Small-dose clonidine prolongs postoperative analgesia after sciatic-femoral nerve  block with 0.75% ropivacaine for foot surgery.,"To evaluate the effects of adding small-dose clonidine to 0.75% ropivacaine  during peripheral nerve blocks, 30 ASA physical status I and II patients undergoing hallux valgus repair under combined sciatic-femoral nerve block were randomly allocated in a double-blinded fashion to receive block placement with 30 mL of either 0.75% ropivacaine alone (group Ropivacaine, n = 15) or 0.75% ropivacaine plus 1 microg/kg clonidine (group Ropivacaine-Clonidine, n = 15). Hemodynamic variables, oxygen saturation, and levels of sedation, as well as the time required to achieve surgical block and time to first analgesic request, were recorded by a blinded observer. Time to surgical blockade required 10 min in both groups. Patients in the Ropivacaine-Clonidine group were more sedated than patients in the Ropivacaine group only 10 min after block placement. No differences in oxygen saturation and hemodynamic variables, degree of pain measured at first analgesic request, and consumption of postoperative analgesics were observed between the two groups. The mean time from block placement to first request for pain medication was shorter in group Ropivacaine (13.7 h; 25th-75th percentiles: 11. 8-14.5 h) than in group Ropivacaine-Clonidine (16.8 h; 25th-75th percentiles: 13.5-17.8 h) (P = 0.038). We conclude that adding 1 microg/kg clonidine to 0.75% ropivacaine provided a 3-h delay in first request for pain medication after hallux valgus repair, with no clinically relevant side effects. IMPLICATIONS: This prospective, randomized, double-blinded study demonstrated that, when providing combined sciatic-femoral nerve block for hallux valgus repair, the addition of 1 microg/kg clonidine to 0.75% ropivacaine prolongs the duration of postoperative analgesia by 3 h, with only a slight and short-lived increase in the degree of sedation and no hemodynamic adverse effects.",E,E,exclude,exclude,0.99,0.0,1.0,0.09,0.79,0.52,0.85,0.04,0.41,0.03,0.03,0.01,484.78134511969984,2359,9.9078e-05,True,,cohen_adhd_r2_ship
18,12452546,12452546,exclude,Olanzapine vs. haloperidol in the treatment of elderly chronic schizophrenia  patients.,"OBJECTIVE: Most of the data supporting the use of atypical antipsychotics (AA) is  based on studies in young adult patients. The present study is an open-label naturalistic follow-up study of olanzapine treatment vs. haloperidol for elderly chronic schizophrenia patients. MEHTOD: 20 patients (mean age 72.7+/-5.9 years, mean disease duration 33.1+/-12.0 years) who met the DSM-IV criteria for schizophrenia were randomly assigned to olanzapine (n=10) or haloperidol (n=10) treatment during acute exacerbation. Primary outcome measure was rating on the Clinical Global Impression (CGI) scale and the Positive and Negative Symptom Scale (PANSS). RESULTS: Between-group differences were computed using analysis of covariance. PANSS Total score decreased from 84 at baseline to 65 after treatment with olanzapine while decreased only from 79 to 74 with haloperidol treatment (F= 6.66, P=.02). PANSS Negative subscale decreased from 19 at baseline to 15 with olanzapine treatment while increased (deteriorated) from 18 to 20 with haloperidol treatment (F=23.37, P=.0003). CGI decreased from baseline with both olanzapine and haloperidol treatments (1.1 vs. 0.4) but the decrease in the olanzapine group was significantly greater (F=4.63, P=.05). Mean weight increased in both groups but without statistical difference between groups. CONCLUSIONS: In elderly chronic schizophrenia patients, olanzapine treatment is superior to haloperidol in reducing negative symptoms as well as less induction of extrapyramidal symptoms (EPS).",E,E,exclude,exclude,1.0,0.0,1.0,0.14,0.74,0.54,0.81,0.08,0.39,0.03,0.02,0.01,511.1103809904307,2220,9.324e-05,True,,cohen_adhd_r2_ship
19,9306050,9306050,exclude,Safety issues in the use of methylphenidate. An American perspective.,"Methylphenidate is the most widely use psychotropic medication in children in the  US. It is both well tolerated and efficacious in the treatment of attention deficit hyperactivity disorder, and is associated with few serious adverse effects. However, the abuse of methylphenidate for the purpose of experiencing a 'high' is hazardous. The use of methylphenidate in combination with other medications increases the risk of adverse effects and drug interactions. Good communication between the physician, patient and family, together with monitoring, increases the likelihood that methylphenidate therapy will be effective and have no adverse consequences.",5,5,exclude,exclude,0.62,0.19,0.81,0.84,0.73,0.71,0.38,0.79,0.48,0.88,0.06,0.02,478.04503119550645,1951,8.194200000000001e-05,True,,cohen_adhd_r2_ship
20,10072008,10072008,exclude,Spinal clonidine prolongs labor analgesia from spinal sufentanil and bupivacaine.,"We sought to determine whether spinal clonidine 50 microg prolongs the analgesia  from the spinal administration of sufentanil 7.5 microg and bupivacaine 2.5 mg early in the first stage of labor. Thirty patients were randomized to receive a 2-mL spinal injection of sufentanil 7.5 microg + bupivacaine 2.5 mg with or without clonidine 50 microg using a combined spinal-epidural (CSE) technique. Pain, nausea, pruritus, sedation, motor block, blood pressure, and heart rate were assessed until the patient requested additional analgesia. Analgesia was significantly prolonged in patients who received spinal sufentanil + bupivacaine + clonidine (197 +/- 70 vs 132 +/- 39 min; P = 0.004). Pain scores and side effects, including motor block, sedation, and hypotension, were similar between groups. Spinal clonidine significantly prolongs labor analgesia from spinal sufentanil and bupivacaine without producing serious adverse side effects. IMPLICATIONS: We studied the effects of spinal clonidine administered with spinal sufentanil and bupivacaine on labor analgesia using a combined spinal-epidural technique and conclude that spinal clonidine significantly prolongs labor analgesia from spinal sufentanil and bupivacaine without producing serious adverse effects.",E,E,exclude,exclude,1.0,0.0,1.0,0.07,0.74,0.53,0.82,0.07,0.42,0.04,0.04,0.02,543.3798958547413,2152,9.0384e-05,True,,cohen_adhd_r2_ship
21,11305706,11305706,exclude,Analysis of the QTc interval during olanzapine treatment of patients with  schizophrenia and related psychosis.,"BACKGROUND: There may be a temporal association between some antipsychotics and  prolongation of the heart-rate-corrected QT interval (QTc) representing a delay in ventricular repolarization. QTc prolongation significantly exceeding normal intra-individual and interindividual variation may increase the risk of ventricular tachydysrhythmias, especially torsade de pointes, and therefore, sudden cardiac death. METHOD: Electrocardiogram recordings obtained as part of the safety assessment of olanzapine in 4 controlled, randomized clinical trials (N = 2,700) were analyzed. These analyses were conducted to characterize any change in QTc temporally associated with olanzapine, compared with placebo, haloperidol, and risperidone, in acutely psychotic patients (DSM-III-R and DSM-IV) and to characterize variability and temporal course of the QTc in this patient population. Changes from baseline to minimum and maximum QTc were tested for significance, and baseline to acute-phase endpoint change in mean QTc was tested for significance within treatments and for differences between olanzapine and comparators. The possibility of a linear relationship between dose of olanzapine and mean change in QTc, as well as incidence of treatment-emergent prolongation of QTc (change from < 430 msec at baseline to > or =430 msec at endpoint), was tested. RESULTS: The incidence of maximum QTc > or = 450 msec during treatment was approximately equal to the incidence of QTc > or =450 msec at baseline. CONCLUSION: Results of these analyses suggest that olanzapine, as therapeutically administered to patients with schizophrenia and related psychoses, does not contribute to QTc prolongation resulting in potentially fatal ventricular arrhythmias.",E,E,exclude,exclude,1.0,0.0,1.0,0.16,0.73,0.47,0.89,0.06,0.41,0.07,0.1,0.01,468.8440291211009,2224,9.3408e-05,True,,cohen_adhd_r2_ship
22,10770448,10770448,exclude,Evaluation of sexual functioning in depressed outpatients: a double-blind  comparison of sustained-release bupropion and sertraline treatment.,"Sexual dysfunction is a frequently reported side effect of many antidepressants,  including serotonin reuptake inhibitors. Bupropion, an antidepressant of the aminoketone class, is relatively free of adverse sexual effects. In a randomized, double-blind, multicenter trial, sustained-release bupropion (bupropion SR) and sertraline, a selective serotonin reuptake inhibitor, were found to be similarly efficacious in the treatment of outpatients with moderate to severe depression. This report describes the results of a double-blind comparison of the sexual side effect profiles of bupropion SR and sertraline. Two hundred forty-eight patients who had received a diagnosis of moderate to severe major depression were randomly assigned to receive treatment with bupropion SR (100-300 mg/day) or sertraline (50-200 mg/day) for 16 weeks. Eligible patients were required to be in a stable relationship and to have normal sexual functioning. Sexual functioning was assessed by the investigator at each clinic visit using investigator-rated structured interviews. A significantly greater percentage of sertraline-treated patients (63% and 41% of men and women, respectively) developed sexual dysfunction compared with bupropion SR-treated patients (15% and 7%, respectively). Sexual dysfunction was noted as early as day 7 in sertraline-treated patients at a dose of 50 mg/day and persisted until the end of the 16-week treatment phase. Four patients, all of whom were treated with sertraline, discontinued from the study prematurely because of sexual dysfunction. Given the similar efficacy of the two drugs in treating depression, bupropion SR may be a more appropriate antidepressant choice than sertraline in patients for whom sexual dysfunction is a concern.",E,E,exclude,exclude,0.99,0.01,0.99,0.08,0.85,0.66,0.88,0.05,0.34,0.04,0.04,0.02,576.7626829911023,2217,9.3114e-05,True,,cohen_adhd_r2_ship
23,11763010,11763010,exclude,"Therapeutic effect of pirenzepine for clozapine-induced hypersalivation: a  randomized, double-blind, placebo-controlled, cross-over study.","The objective of this study was to investigate the efficacy of pirenzepine in the  treatment of clozapine-induced hypersalivation. Pirenzepine is reported to counteract hypersalivation by its selective antagonistic activity on the M4-muscarinic receptor, which is stimulated by clozapine. Twenty patients with clozapine-induced hypersalivation underwent a random-order, double-blind, placebo-controlled, cross-over trial which lasted 8 weeks each for the pirenzepine and placebo investigations, with a 4-week washout period in between. The severity of hypersalivation was assessed using an objective measure: saliva production monitored through the diameter of wetted surface on tissue paper placed over the patient's pillow. Our study showed that pirenzepine had no significant therapeutic effect on hypersalivation compared with placebo, suggesting that hypersalivation induced by clozapine might have a neurobiological basis other than the M4-muscarinic receptor.",E,E,exclude,exclude,0.99,0.0,1.0,0.16,0.6,0.3,0.84,0.06,0.38,0.04,0.09,0.01,492.4580920487642,2057,8.6394e-05,True,,cohen_adhd_r2_ship
24,9796240,9796240,exclude,Incidence of hypotension and bradycardia during integrated epidural/general  anaesthesia. An epidemiologic observational study on 1200 consecutive patients. Italian Study Group on Integrated Anaesthesia.,"BACKGROUND: Combined epidural/general anaesthesia might theoretically emphasise  the cardiovascular effects of epidural block alone. The goal of the present investigation was to evaluate the incidence of both hypotension and bradycardia during integrated epidural/general anaesthesia in a multicentric, observational study. METHODS: The incidence of clinical hypotension (systolic arterial blood pressure decrease by 30% or more from baseline), and bradycardia (heart rate < 50 beats/min) and other side effects have been evaluated in 1200 consecutive patients receiving integrated epidural/general anaesthesia. The time from induction of epidural anaesthesia to induction of general anaesthesia was considered as preoperative; while the time after general anaesthesia induction was considered as intraoperative. RESULTS: Preoperatively hypotension developed in 85 patients (2.8%), and bradycardia in 54 patients (4.5%). Intraoperatively, hypotension was observed in 380 patients (31.6%), and bradycardia in 153 patients (12.7%). Hypotension and bradycardia were not influenced by the type of surgical procedure, the type of maintenance of general anaesthesia (inhalational versus total intravenous general anaesthesia) and the level of epidural block (lumbar versus thoracic); but they were more frequent in patients with ASA physical status II and III-IV compared to patients with ASA physical status I (p < 0.05). Prophylactic volume preload decreased the incidence of hypotension from 41.5% to 22.4% (p < 0.0001), while prophylactic atropine before epidural block did not affect the incidence of bradycardia. Patients receiving epidural clonidine showed an increased incidence of intraoperative bradycardia compared to those who did not receive it (p < 0.0001). DISCUSSION: Randomized, controlled studies should be advocated in order to compare the incidence of hypotension and bradycardia during integrated anaesthesia and during epidural block alone. Our results demonstrated that the use of integrated epidural/general anaesthesia produces an incidence of perioperative hypotension and bradycardia similar to that reported when central blocks are used alone.",E,E,exclude,exclude,1.0,0.0,1.0,0.07,0.65,0.31,0.89,0.06,0.37,0.02,0.05,0.01,586.3155052065849,2395,0.00010059,True,,cohen_adhd_r2_ship
25,9075040,9075040,exclude,Effects of intravenous and oral clonidine on hemodynamic and plasma-catecholamine  response due to endotracheal intubation.,"STUDY OBJECTIVE: To investigate the effects of intravenous (IV) versus oral  clonidine on alterations of heart rate (HR), mean arterial pressure (MAP), cardiac output (CO), and plasma-catecholamines due to endotracheal intubation. DESIGN: Randomized, double-blind, placebo-controlled study. SETTING: University hospital surgery operating room. PATIENTS: 33 ASA physical status I patients were randomly assigned to either receive clonidine 3 micrograms/kg IV immediately prior to anesthesia induction, clonidine 4 micrograms/kg orally 90 minutes prior to anesthesia induction, or placebo. INTERVENTIONS: Insertion of a 14 G cannula in a large cubital vein for the determination of plasma-catecholamines using local anesthesia. Insertion of a radial artery catheter for measuring blood pressure (BP) using local anesthesia. Transthoracic echocardiography determined CO. MEASUREMENTS AND MAIN RESULTS: Heart rate, MAP, CO, and plasma-catecholamine concentrations were measured. Measurements were performed prior to induction, during intubation, and 10 minutes after intubation. During endotracheal intubation, MAP was significantly lower in the IV clonidine group compared with the placebo and the oral clonidine groups. Cardiac output was significantly lower in the IV clonidine group only. In contrast to the placebo group, norepinephrine plasma concentrations did not increase in either clonidine group. Significant alterations of epinephrine plasma concentrations due to intubation were not observed in either group. Hemodynamics after intubation were not impaired by clonidine treatment. CONCLUSIONS: In conclusion, IV clonidine reduced stress response to endotracheal intubation compared with placebo. Oral clonidine at the dose used was less effective in blunting hemodynamic stress response than IV clonidine.",E,E,exclude,exclude,0.99,0.0,1.0,0.1,0.88,0.3,0.87,0.05,0.55,0.03,0.14,0.01,487.79790312983096,2240,9.408e-05,True,,cohen_adhd_r2_ship
26,7978438,7978438,exclude,Premedication with oral and transdermal clonidine provides safe and efficacious  postoperative sympatholysis.,"We studied 61 patients undergoing elective major non-cardiac surgery in a  randomized, double-blind, placebo-control clinical trial to test the hypothesis that the addition of clonidine to a standardized general anesthetic could safely provide postoperative sympatholysis for patients with known or suspected coronary artery disease. Patients were allocated randomly to receive either placebo (n = 31) or clonidine (n = 30). The treatment group received premedication with a transdermal clonidine system (0.2 mg/d) the night prior to surgery, which was left in place for 72 h, and 0.3 mg oral clonidine 60-90 min before surgery. Clonidine reduced enflurane requirements, intraoperative tachycardia, and myocardial ischemia (1/28 clonidine patients vs 5/24 placebo, P = 0.05). However, clonidine decreased heart rates only during the first five postoperative hours; the incidence of postoperative myocardial ischemia (6/28 clonidine vs 5/26 placebo) did not differ between the two groups. Patients who experienced postoperative myocardial ischemia tended to have higher heart rates after surgery. Clonidine significantly reduced the plasma levels of epinephrine (P = 0.009) and norepinephrine (P = 0.026) measured on the first postoperative morning. There were no differences in the need for intravenous fluid therapy or antihypertensive therapy after surgery. The number of hours spent in an intensive care setting and the number of days spent in hospital were not different between the two groups. These results suggest that larger doses of clonidine should be investigated for their ability to decrease postoperative tachycardia and myocardial ischemia.",E,E,exclude,exclude,0.99,0.0,1.0,0.1,0.7,0.26,0.84,0.05,0.43,0.04,0.08,0.02,573.0525329709053,2230,9.366e-05,True,,cohen_adhd_r2_ship
27,10781465,10781465,exclude,Novel analgesic adjuncts for brachial plexus block: a systematic review.,"This article reviews current evidence for the efficacy of adding novel analgesic  adjuncts to brachial plexus block, the goal of which is to prolong analgesic effect without the disadvantage of systemic side effects or prolonged motor block. It may also allow for a reduction in the total dose of local anesthetic used. Novel adjuncts studied to date include opioids, clonidine, neostigmine, and tramadol. Twenty-four studies were reviewed and assessed by using specific inclusion criteria, and only those studies satisfying these criteria were included in the final assessment. Satisfactory studies were then assessed for inclusion of a systemic control group to determine peripheral effect, as opposed to possible systemic effect, of an adjunct administered peripherally. Evidence regarding the analgesic benefit of opioid adjuncts remains equivocal and more evidence is required before their routine use can be recommended. Clonidine appears to have significant analgesic benefit and to cause minimal adverse effects when used in doses up to 150 microg. Data regarding other drugs, such as tramadol and neostigmine, are not sufficient to allow for any recommendations, and further studies are required.",E,E,exclude,exclude,1.0,0.0,1.0,0.07,0.36,0.4,0.8,0.09,0.37,0.04,0.05,0.02,489.0198679640889,2064,8.668800000000001e-05,True,,cohen_adhd_r2_ship
28,9667273,9667273,exclude,"Methylphenidate therapy improves cognition, mood, and function of brain tumor  patients.","PURPOSE: Patients with malignant glioma develop progressive neurobehavioral  deficits over the course of their illness. These are caused both by the effects of the disease and the effects of radiation and chemotherapy. We sought to determine whether methylphenidate treatment would improve these patients' neurobehavioral functioning despite their expected neurologic deterioration. PATIENTS AND METHODS: Thirty patients with primary brain tumors underwent neuropsychologic assessment before and during treatment with methylphenidate. Ability to function in activities of daily living and magnetic resonance imaging (MRI) findings were also documented. Patients were assessed on 10, 20, and 30 mg of methylphenidate twice daily. RESULTS: Significant improvements in cognitive function were observed on the 10-mg twice-daily dose. Functional improvements included improved gait, increased stamina and motivation to perform activities, and in one case, increased bladder control. Adverse effects were minimal and immediately resolved when treatment was discontinued. There was no increase in seizure frequency and the majority of patients on glucocorticoid therapy were able to decrease their dose. Gains in cognitive function and ability to perform activities were observed in the setting of progressive neurologic injury documented by MRI in half of the subjects. CONCLUSION: This study demonstrated improved patient function in the setting of a progressive neurologic illness. Methylphenidate should be more widely considered as adjuvant brain tumor therapy.",E,E,include,include,0.92,0.96,0.04,0.45,0.81,0.68,0.81,0.06,0.41,0.06,0.09,0.02,818.4537380002439,2126,8.9292e-05,False,,cohen_adhd_r2_ship
29,12509561,12509561,exclude,Does the treatment of attention-deficit/hyperactivity disorder with stimulants  contribute to drug use/abuse? A 13-year prospective study.,"OBJECTIVE: To examine the impact of stimulant treatment during childhood and high  school on risk for substance use, dependence, and abuse by young adulthood. METHODS: A total of 147 clinic-referred hyperactive children were followed approximately 13 years into adulthood (mean: 21 years old; range: 19-25). At adolescent (age 15) and adult follow-up, probands were interviewed about their use of various substances and duration of stimulant treatment. RESULTS: Duration of stimulant treatment was not significantly associated with frequency of any form of drug use by young adulthood. Stimulant-treated children had no greater risk of ever trying drugs by adolescence or any significantly greater frequency of drug use by young adulthood. Stimulant treatment in high school also did not influence drug use in adulthood except for greater use of cocaine. This difference was no longer significant after controlling for severity of attention-deficit/hyperactivity disorder and conduct disorder in childhood, adolescence, and adulthood. Stimulant treatment in either childhood or high school was not associated with any greater risk for any formal Diagnostic and Statistical Manual of Mental Disorders, Third Edition, Revised drug dependence or abuse disorders by adulthood. Treatment with stimulants did not increase the risk of ever having tried most illegal substances by adulthood except for cocaine. Subsequent analyses showed that this elevated risk was primarily mediated by severity of conduct disorder by young adulthood and not by stimulant treatment in childhood. CONCLUSION: This study concurs with 11 previous studies in finding no compelling evidence that stimulant treatment of children with attention-deficit/hyperactivity disorder leads to an increased risk for substance experimentation, use, dependence, or abuse by adulthood.",E,E,include,include,0.87,0.94,0.06,0.78,0.89,0.4,0.86,0.04,0.24,0.03,0.02,0.01,491.0914490465075,2193,9.2106e-05,False,,cohen_adhd_r2_ship
30,10553730,10553730,exclude,Antipsychotic-induced weight gain: a comprehensive research synthesis.,"OBJECTIVE: The purpose of this study was to estimate and compare the effects of  antipsychotics-both the newer ones and the conventional ones-on body weight. METHOD: A comprehensive literature search identified 81 English- and non-English-language articles that included data on weight change in antipsychotic-treated patients. For each agent, a meta-analysis and random effects metaregression estimated the weight change after 10 weeks of treatment at a standard dose. A comprehensive narrative review was also conducted on all articles that did not yield quantitative information but did yield important qualitative information. RESULTS: Placebo was associated with a mean weight reduction of 0.74 kg. Among conventional agents, mean weight change ranged from a reduction of 0.39 kg with molindone to an increase of 3.19 kg with thioridazine. Among newer antipsychotic agents, mean increases were as follows: clozapine, 4.45 kg; olanzapine, 4.15 kg; sertindole, 2.92 kg; risperidone, 2.10 kg; and ziprasidone, 0.04 kg. Insufficient data were available to evaluate quetiapine at 10 weeks. CONCLUSIONS: Both conventional and newer antipsychotics are associated with weight gain. Among the newer agents, clozapine appears to have the greatest potential to induce weight gain, and ziprasidone the least. The differences among newer agents may affect compliance with medication and health risk.",4,4,exclude,exclude,0.98,0.01,0.99,0.12,0.7,0.63,0.87,0.09,0.37,0.04,0.05,0.01,624.927539145574,2148,9.0216e-05,True,,cohen_adhd_r2_ship
31,11779284,11779284,exclude,Efficacy of olanzapine in combination with valproate or lithium in the treatment  of mania in patients partially nonresponsive to valproate or lithium monotherapy.,"BACKGROUND: A 6-week double-blind, randomized, placebo-controlled trial was  conducted to determine the efficacy of combined therapy with olanzapine and either valproate or lithium compared with valproate or lithium alone in treating acute manic or mixed bipolar episodes. METHODS: The primary objective was to evaluate the efficacy of olanzapine (5-20 mg/d) vs placebo when added to ongoing mood-stabilizer therapy as measured by reductions in Young Mania Rating Scale (YMRS) scores. Patients with bipolar disorder (n = 344), manic or mixed episode, who were inadequately responsive to more than 2 weeks of lithium or valproate therapy, were randomized to receive cotherapy (olanzapine + mood-stabilizer) or monotherapy (placebo + mood-stabilizer). RESULTS: Olanzapine cotherapy improved patients' YMRS total scores significantly more than monotherapy (-13.11 vs -9.10; P = .003). Clinical response rates (> or = 50% improvement on YMRS) were significantly higher with cotherapy (67.7% vs 44.7%; P< .001). Olanzapine cotherapy improved 21-item Hamilton Depression Rating Scale (HAMD-21) total scores significantly more than monotherapy (4.98 vs 0.89 points; P< .001). In patients with mixed-episodes with moderate to severe depressive symptoms (DSM-IV mixed episode; HAMD-21 score of > or = 20 at baseline), olanzapine cotherapy improved HAMD-21 scores by 10.31 points compared with 1.57 for monotherapy (P< .001). Extrapyramidal symptoms (Simpson-Angus Scale, Barnes Akathisia Scale, Abnormal Involuntary Movement Scale) were not significantly changed from baseline to end point in either treatment group. Treatment-emergent symptoms that were significantly higher for the olanzapine cotherapy group included somnolence, dry mouth, weight gain, increased appetite, tremor, and slurred speech. CONCLUSION: Compared with the use of valproate or lithium alone, the addition of olanzapine provided superior efficacy in the treatment of manic and mixed bipolar episodes.",E,E,exclude,exclude,0.99,0.0,1.0,0.11,0.67,0.48,0.81,0.04,0.4,0.03,0.02,0.01,537.1611029841006,2350,9.87e-05,True,,cohen_adhd_r2_ship
32,12499477,12499477,exclude,Modafinil reduces excessive somnolence and enhances mood in patients with  myotonic dystrophy.,"OBJECTIVE: To evaluate the potential of modafinil in reducing excessive daytime  somnolence (EDS) and enhancing indexes of quality of life and mood in patients with myotonic dystrophy (DM). METHODS: Forty patients with DM were randomized to receive modafinil and placebo for 14 days each, using a double-blind, cross-over design. Before and after each trial, subjects completed handgrip strength testing, spirometry, and quality-of-life measures (RAND). On days 7 and 14, each subject completed the Epworth Sleepiness Scale (ESS), the Stanford Sleepiness Scale (SSS), and the Profile of Mood States (POMS). RESULTS: ESS scores were lower while taking modafinil (mean 248 mm; 95% confidence limit 220 to 276 mm) as compared with placebo (309 mm; 281 to 336 mm) (p < 0.001). Mean SSS scores were also lower during the modafinil trial (3.05; 2.77 to 3.33) than during the placebo trial (3.45; 3.18 to 3.71) (p < 0.05). The POMS indicated that modafinil decreased fatigue-inertia (p < 0.001) and increased vigor-activity and tension-anxiety (p < 0.001) indexes. The total mood disturbance score was also decreased during the modafinil trial as compared with placebo (p < 0.05). The RAND quality-of-life measures of energy (p < 0.001) and health change (p < 0.05) were both significantly enhanced during the modafinil treatment phase. No changes in maximal grip strength or forced expired volume in 1 second were detected over the course of the study. Headache was the most frequently reported adverse event. Four patients withdrew from the study, three because of side effects (two during modafinil ingestion and one during placebo ingestion). CONCLUSION: Modafinil reduces somnolence and improves mood in patients with DM.",E,E,exclude,exclude,0.92,0.04,0.96,0.11,0.84,0.7,0.84,0.05,0.39,0.04,0.04,0.01,545.2390459831804,2291,9.6222e-05,True,,cohen_adhd_r2_ship
33,9989566,9989566,exclude,"Clozapine and risperidone in chronic schizophrenia: effects on symptoms,  parkinsonian side effects, and neuroendocrine response.","OBJECTIVE: Clozapine and risperidone were the first two ""second-generation""  antipsychotic drugs approved for schizophrenia. There is currently little information about their comparative efficacy from head-to-head clinical trials. The purpose of this study was to examine the comparative efficacy of clozapine and risperidone for positive and negative symptoms, depression, parkinsonian side effects, and indexes of neuroendocrine function in schizophrenic patients who met a priori criteria for partial response to traditional neuroleptic agents. METHOD: After a baseline fluphenazine treatment period, 29 patients participated in a 6-week, double-blind, parallel-group comparison of the effects of these agents. RESULTS: Clozapine was superior to risperidone for positive symptoms and parkinsonian side effects, but there were no significant differences between the drugs on two measures of negative symptoms, Brief Psychiatric Rating Scale total scores, and depression scores. The clozapine patients, but not the risperidone patients, demonstrated significant reductions from the fluphenazine baseline in positive symptoms, total symptoms, and depression. In addition, clozapine produced fewer effects on plasma prolactin than risperidone or fluphenazine. The mean daily doses during week 6 of the trial were 403.6 mg of clozapine and 5.9 mg of risperidone. CONCLUSIONS: The findings from this study indicate that these drugs have both important differences and similarities in their comparative efficacy in chronically ill, partially responsive patients with schizophrenia. Further research on second-generation antipsychotic drugs in this patient population that addresses key methodological issues, such as optimal dose and treatment duration, are needed.",E,E,exclude,exclude,1.0,0.0,1.0,0.13,0.79,0.56,0.87,0.05,0.32,0.03,0.05,0.01,541.1623329855502,2205,9.261e-05,True,,cohen_adhd_r2_ship
34,12417966,12417966,exclude,Cognitive enhancing effects of modafinil in healthy volunteers.,"RATIONALE: Modafinil, a novel wake-promoting agent, has been shown to have a  similar clinical profile to that of conventional stimulants such as methylphenidate. We were therefore interested in assessing whether modafinil, with its unique pharmacological mode of action, might offer similar potential as a cognitive enhancer, without the side effects commonly experienced with amphetamine-like drugs. OBJECTIVES: The main aim of this study was to evaluate the cognitive enhancing potential of this novel agent using a comprehensive battery of neuropsychological tests. METHODS: Sixty healthy young adult male volunteers received either a single oral dose of placebo, or 100 mg or 200 mg modafinil prior to performing a variety of tasks designed to test memory and attention. A randomised double-blind, between-subjects design was used. RESULTS: Modafinil significantly enhanced performance on tests of digit span, visual pattern recognition memory, spatial planning and stop-signal reaction time. These performance improvements were complemented by a slowing in latency on three tests: delayed matching to sample, a decision-making task and the spatial planning task. Subjects reported feeling more alert, attentive and energetic on drug. The effects were not clearly dose dependent, except for those seen with the stop-signal paradigm. In contrast to previous findings with methylphenidate, there were no significant effects of drug on spatial memory span, spatial working memory, rapid visual information processing or attentional set-shifting. Additionally, no effects on paired associates learning were identified. CONCLUSIONS: These data indicate that modafinil selectively improves neuropsychological task performance. This improvement may be attributable to an enhanced ability to inhibit pre-potent responses. This effect appears to reduce impulsive responding, suggesting that modafinil may be of benefit in the treatment of attention deficit hyperactivity disorder.",E,E,include,exclude,0.08,0.54,0.46,0.19,0.59,0.46,0.82,0.06,0.67,0.05,0.04,0.02,592.9093470331281,2211,9.2862e-05,True,,cohen_adhd_r2_ship
35,12206448,12206448,exclude,A comparison of sustained-release bupropion and placebo for smokeless tobacco  cessation.,"OBJECTIVE: To evaluate the potential efficacy of bupropion sustained release when  used in combination with minimal counseling for moist snuff cessation in males. METHODS: A double-blind, placebo-controlled 3-month trial. The active treatment group (n = 35) received bupropion SR at 150 mg/qd day for the first 3 days, then beginning day 4 through day 49 (7 weeks) 150 mg/ b.i.d. The placebo group (n= 35) received 1 tablet qd for 3 days and beginning day 4 through day 49, 1 tablet/b.i.d. RESULTS: Bupropion 300 mg/day (150 b.i.d.) produced significantly higher quit rates for smokeless tobacco cessation at the end of treatment (7 weeks) than placebo (p = 0.04) with an OR of 2.73. CONCLUSION: Bupropion SR appears to be effective for smokeless tobacco cessation.",E,E,exclude,exclude,0.99,0.0,1.0,0.11,0.8,0.29,0.87,0.06,0.38,0.04,0.03,0.02,579.9460578709841,2044,8.5848e-05,True,,cohen_adhd_r2_ship
36,12151468,12151468,exclude,Risperidone in children with autism and serious behavioral problems.,"BACKGROUND: Atypical antipsychotic agents, which block postsynaptic dopamine and  serotonin receptors, have advantages over traditional antipsychotic medications in the treatment of adults with schizophrenia and may be beneficial in children with autistic disorder who have serious behavioral disturbances. However, data on the safety and efficacy of atypical antipsychotic agents in children are limited. METHODS: We conducted a multisite, randomized, double-blind trial of risperidone as compared with placebo for the treatment of autistic disorder accompanied by severe tantrums, aggression, or self-injurious behavior in children 5 to 17 years old. The primary outcome measures were the score on the Irritability subscale of the Aberrant Behavior Checklist and the rating on the Clinical Global Impressions - Improvement (CGI-I) scale at eight weeks. RESULTS: A total of 101 children (82 boys and 19 girls; mean [+/-SD] age, 8.8+/-2.7 years) were randomly assigned to receive risperidone (49 children) or placebo (52). Treatment with risperidone for eight weeks (dose range, 0.5 to 3.5 mg per day) resulted in a 56.9 percent reduction in the Irritability score, as compared with a 14.1 percent decrease in the placebo group (P<0.001). The rate of a positive response, defined as at least a 25 percent decrease in the Irritability score and a rating of much improved or very much improved on the CGI-I scale, was 69 percent in the risperidone group (34 of 49 children had a positive response) and 12 percent in the placebo group (6 of 52, P<0.001). Risperidone therapy was associated with an average weight gain of 2.7+/-2.9 kg, as compared with 0.8+/-2.2 kg with placebo (P<0.001). Increased appetite, fatigue, drowsiness, dizziness, and drooling were more common in the risperidone group than in the placebo group (P<0.05 for each comparison). In two thirds of the children with a positive response to risperidone at eight weeks (23 of 34), the benefit was maintained at six months. CONCLUSIONS: Risperidone was effective and well tolerated for the treatment of tantrums, aggression, or self-injurious behavior in children with autistic disorder. The short period of this trial limits inferences about adverse effects such as tardive dyskinesia.",E,E,exclude,exclude,0.95,0.02,0.98,0.13,0.8,0.7,0.88,0.04,0.33,0.03,0.02,0.01,544.3943738937378,2386,0.000100212,True,,cohen_adhd_r2_ship
37,11812718,11812718,exclude,Pharmacological treatment of postoperative shivering: a quantitative systematic  review of randomized controlled trials.,"Shivering is a frequent complication in the postoperative period. The relative  efficacy of interventions that are used for the treatment of postoperative shivering is not well understood. We performed a systematic search (MEDLINE, EMBASE, Cochrane Library, hand searching, all languages, to August, 2000) for full reports of randomized comparisons of any pharmacological antishivering intervention (active) with placebo (control) in the postoperative period. Dichotomous data on absence of further shivering after treatment and adverse effects were extracted from original reports. Relative risk (RR) and number-needed-to-treat (NNT) were calculated with 95% confidence interval (CI) using a fixed effect model. Data from 20 trials (944 adults received an active intervention, 413 were controls) were analyzed. Antishivering efficacy depended on the active regimen and the length of follow-up. Efficacy with meperidine 25 mg, clonidine 150 microg, ketanserin 10 mg, and doxapram 100 mg was reported in at least three trials; all were significantly more effective than control. After 1 min, the NNT of meperidine 25 mg for no further shivering compared with placebo was 2.7 (RR, 6.8; 95% CI, 2.5-18.5). After 5 min, the NNT of meperidine 25 mg was 1.3 (RR, 9.6; 95% CI, 5.7-16), the NNT of clonidine 150 microg was 1.3 (RR, 6.8; 95% CI, 3.3-14.2), the NNT of doxapram 100 mg was 1.7 (RR 4.0; 95% CI, 2.4-6.5), and the NNT of ketanserin 10 mg was 2.3 (RR 3.1; 95% CI, 1.9-5.1). After 10 min, the NNT of meperidine 25 mg was 1.5 (RR 4.0; 95% CI, 2.5-6.2). After 15 min, the NNT of ketanserin 10 mg was 3.3 (RR 1.5; 95% CI, 1.2-1.9). Long-term outcome data were lacking. There were not enough data for alfentanil, fentanyl, morphine, nalbuphine, lidocaine, magnesium, metamizol, methylphenidate, nefopam, pentazocine, and tramadol to draw meaningful conclusions. Reporting of adverse drug reactions was sparse. Fewer than two shivering patients need to be treated with meperidine 25 mg, clonidine 150 microg, or doxapram 100 mg for one to stop shivering within 5 min who would have continued to shiver had they all received a placebo. IMPLICATIONS: Less than two shivering patients need to be treated with meperidine 25 mg, clonidine 150 microg, or doxapram 100 mg for one to stop shivering within 5 min who would have continued to shiver had they all received a placebo.",E,E,exclude,exclude,1.0,0.0,1.0,0.07,0.4,0.51,0.9,0.05,0.34,0.02,0.03,0.01,510.4128699749708,2597,0.000109074,True,,cohen_adhd_r2_ship
38,8044265,8044265,include,Tics and dyskinesias associated with stimulant treatment in attention-deficit  hyperactivity disorder.,"OBJECTIVE: To determine the incidence of tics or dyskinesias (T/D) and examine  associated clinical factors in children treated with stimulant medications for attention-deficit hyperactivity disorder. DESIGN: Cross-sectional analysis of a clinic cohort with chart review. SETTING: Hospital-based clinical service within a division of developmental and behavioral pediatrics. PATIENTS: One hundred twenty-two children with attention-deficit hyperactivity disorder treated with stimulant medication. All children currently or recently treated were included. INTERVENTIONS: None. MEASUREMENTS AND RESULTS: Determinations were made of medication used, medication dosage, presence or absence of T/D, time of T/D onset, and history and family history of T/D. Incidence of T/D was 9.0% of children or 8.2% of medication trials. One child (0.8%) had development of Tourette's syndrome. Age, medication, dosage, history of tics, or family history of tics was not related to onset of T/D. CONCLUSION: Approximately 9% of children with attention-deficit hyperactivity disorder treated with stimulant medication had development of T/D, predominantly transient in nature, with less than 1% having development of chronic tics or Tourette's syndrome. Personal or family tic history, medication selection, or dosage was not related to onset of T/D.",I,I,include,include,0.98,0.99,0.01,0.86,0.84,0.64,0.89,0.05,0.36,0.04,0.03,0.01,616.3538419641554,2124,8.920800000000002e-05,True,,cohen_adhd_r2_ship
39,12135536,12135536,include,Efficacy of Adderall and methylphenidate in attention deficit hyperactivity  disorder: a drug-placebo and drug-drug response curve analysis of a naturalistic study.,"Stimulant medication has, for many years, been the pharmacological treatment of  choice for children and adults with attention deficit hyperactivity disorder (ADHD). Recently, several studies have documented the efficacy of a new stimulant, Adderall. Although these initial studies provide useful information for clinicians treating ADHD children, their method of data presentation has provided limited information about the clinical significance of drug effects. Thus, to address the issue of clinical significance, we completed drug-placebo response curve analyses of a blinded, placebo-controlled study of Adderall and methylphenidate (MPH). Our results show that the efficacy of Adderall and MPH to improve functioning is seen throughout the full range of improvement scores. Both drugs prevent worsening and, for a majority of patients, lead to improvements that are well into the normal range. The analyses also highlight an important subgroup of placebo responders, which suggests that future research should focus on how to predict robust placebo response in ADHD patients.",I,I,include,include,0.99,1.0,0.0,0.85,0.82,0.85,0.87,0.09,0.39,0.05,0.03,0.02,485.59012496843934,2048,8.601600000000001e-05,True,,cohen_adhd_r2_ship
40,9283512,9283512,exclude,Clozapine withdrawal: serotonergic or dopaminergic mechanisms?,,E,E,exclude,exclude,0.97,0.02,0.98,0.14,0.56,0.51,0.32,0.5,0.47,0.61,0.33,0.08,539.4423080142587,1821,7.6482e-05,True,,cohen_adhd_r2_ship
41,11487742,11487742,exclude,"A randomized, double-blind, placebo-controlled trial of docosahexaenoic acid  supplementation in children with attention-deficit/hyperactivity disorder.","OBJECTIVE: To determine whether docosahexaenoic acid (DHA) supplementation for 4  months decreases the symptoms of attention-deficit/hyperactivity disorder (ADHD). STUDY DESIGN: Sixty-three 6- to-12-year-old children with ADHD, all receiving effective maintenance therapy with stimulant medication, were assigned randomly, in a double-blind fashion, to receive DHA supplementation (345 mg/d) or placebo for 4 months. Outcome variables included plasma phospholipid fatty acid patterns, scores on laboratory measures of inattention and impulsivity (Test of Variables of Attention, Children's Color Trails test) while not taking stimulant medication, and scores on parental behavioral rating scales (Child Behavior Checklist, Conners' Rating Scale). Differences between groups after 4 months of DHA supplementation or placebo administration were determined by analysis of variance, controlling for age, baseline value of each outcome variable, ethnicity, and ADHD subtype. RESULTS: Plasma phospholipid DHA content of the DHA-supplemented group was 2.6-fold higher at the end of the study than that of the placebo group (4.85 +/- 1.35 vs 1.86 +/- 0.87 mol % of total fatty acids; P <.001). Despite this, there was no statistically significant improvement in any objective or subjective measure of ADHD symptoms. CONCLUSION: A 4-month period of DHA supplementation (345 mg/d) does not decrease symptoms of ADHD.",3,3,exclude,exclude,0.5,0.25,0.75,0.91,0.54,0.75,0.87,0.04,0.41,0.03,0.04,0.02,534.3063799664378,2155,9.051e-05,True,,cohen_adhd_r2_ship
42,9335081,9335081,exclude,"Influence of clonidine on psychopathological, endocrine and respiratory effects  of cholecystokinin tetrapeptide in patients with panic disorder.","The influence of clonidine pretreatment on psychopathological, endocrine and  respiratory effects of cholecystokinin tetrapeptide (CCK-4) was characterized. Patients with panic disorder (DSM-III-R) were given 50 micrograms CCK-4 i.v. at 1100 hours on 2 separate study days. In a randomized double-blind design they were additionally infused with 150 micrograms clonidine or placebo from 1040 to 1110 hours. After CCK-4 all patients experienced symptom attacks. No effects of clonidine on panic psychopathology or blood gas parameters were observed. After CCK-4, in the clonidine condition the pituitary release of adrenocorticotropin (ACTH) and prolactin was seemingly enhanced compared to placebo. Our results suggest that CCK-4-induced panic attacks are not suppressible by presynaptic alpha-2 receptor stimulation. Moreover, they point to a synergistic postsynaptic action of clonidine to CCK-4 upon pituitary hormone secretion. The diverging sites of action might possibly explain the discrepancies of psychopathological alterations and stress hormone secretion.",E,E,exclude,exclude,1.0,0.0,1.0,0.1,0.84,0.28,0.85,0.08,0.5,0.04,0.27,0.01,606.4913950394839,2106,8.845200000000001e-05,True,,cohen_adhd_r2_ship
43,9522104,9522104,exclude,Risperidone versus haloperidol: I. Meta-analysis of efficacy and safety.,"Haloperidol is widely considered a reference standard in antipsychotic therapy  and is commonly used in comparative studies of the efficacy and safety of antipsychotic medication. Comparative clinical trials have shown that the novel antipsychotic agent risperidone tends to have greater efficacy (i.e., clinical response defined as a > or = 20% reduction in total scores on the Positive and Negative Syndrome Scale) than haloperidol in patients with chronic schizophrenia and poses less risk of extrapyramidal symptoms (EPS). We used DerSimonian and Laird's random-effects model to analyze pooled patient data from available randomized, double-masked, comparative trials of risperidone and haloperidol in patients with schizophrenia treated for at least 4 weeks at recommended doses. The purpose of the analysis was to determine whether there are significant overall differences in the rates of patient clinical response, prescription of anticholinergic agents, and treatment dropout. Six of the nine trials revealed in a literature search met all criteria for inclusion in the meta-analysis. The meta-analysis showed that in patients with chronic schizophrenia, risperidone therapy is associated with significantly higher response rates, significantly less prescribing of anticholinergic medication, and significantly lower treatment dropout rates than haloperidol. These results demonstrate the greater treatment efficacy associated with risperidone compared with haloperidol and suggest both a lower incidence of EPS and improved treatment compliance.",E,E,exclude,exclude,0.99,0.01,0.99,0.11,0.64,0.58,0.9,0.07,0.42,0.05,0.03,0.01,469.47624208405614,2113,8.874600000000001e-05,True,,cohen_adhd_r2_ship
44,12597703,12597703,include,The effect of methylphenidate on three forms of response inhibition in boys with  AD/HD.,"The current study was aimed at (a) investigating the effect of three doses  methylphenidate (MPH) and placebo on inhibition of a prepotent response, inhibition of an ongoing response, and interference control in Attention Deficit/Hyperactivity Disorder (AD/HD), and (b) studying dose-response relations for the three forms of response inhibition. To meet these aims, the following tasks were selected: two versions of the Stop Paradigm for inhibition of a prepotent response, a Circle Tracing Task and a recently developed Follow Task for inhibition of an ongoing response, and the Stroop Color-Word Test and an Eriksen Flanker Task for interference control. These tasks were administered to 23 boys with AD/HD during four treatment conditions: 5 mg MPH, 10 mg MPH, 20 mg MPH, and placebo. A pseudorandomized, multiple-blind, placebo-controlled, within-subject design was used. As hypothesized, inhibitory control in children with AD/HD improved under MPH compared to placebo. However, this effect was only significant for inhibition of a prepotent response and inhibition of an ongoing response (as measured by the Follow Task), but not for interference control. The relation between treatment condition and response was linear. However, this linear relation was due to improved inhibitory control under MPH compared to placebo, because no effects of MPH dose were observed for any of the response inhibition measures.",I,I,include,include,0.87,0.93,0.07,0.9,0.85,0.47,0.82,0.05,0.46,0.04,0.04,0.02,584.1057021170855,2128,8.9376e-05,True,,cohen_adhd_r2_ship
45,10565800,10565800,exclude,Olanzapine compared to lithium in mania: a double-blind randomized controlled  trial.,"Neuroleptics are of established efficacy in mania. Controlled data on the use of  olanzapine in mania is however, absent. In this study, 30 patients meeting DSM-IV criteria for mania were randomly allocated to receive either olanzapine or lithium in a 4 week double-blind randomized controlled design. There were no significant outcome differences between the two groups on any of the primary outcome measures, the Brief Psychiatric Rating Scale (lithium 28.2; olanzapine 28.0; P = 0.44); Clinical Global Impression (CGI) improvement scale (lithium 2.75, olanzapine 2.36; P = 0.163) or the Mania Scale (lithium 13.2, olanzapine 10.2; P = 0.315). Olanzapine was however, significantly superior to lithium on the CGI-severity scale at week 4 (lithium 2.83, olanzapine 2.29; P = 0.025). Olanzapine did not differ from lithium in terms of treatment emergent extrapyramidal side-effects as measured by the Simpson-Angus Scale. Olanzapine appears to be at least as effective as lithium in the treatment of mania.",E,E,exclude,exclude,0.99,0.0,1.0,0.11,0.69,0.46,0.85,0.06,0.37,0.03,0.02,0.01,533.3145728800446,2119,8.8998e-05,True,,cohen_adhd_r2_ship
46,9169965,9169965,exclude,Extrapyramidal symptoms in patients treated with risperidone.,"Data on extrapyramidal symptoms (EPS) from both arms of the North American  multicenter comparative study of risperidone, placebo, and haloperidol were analyzed. The subjects were 523 patients with chronic schizophrenia who, after a 1-week washout period, received placebo, risperidone (2, 6, 10, or 16 mg/day), or haloperidol (20 mg/day) for 8 weeks; the trial was completed by 253 patients. Severity of EPS was assessed by means of the Extrapyramidal Symptom Rating Scale (ESRS). Mean changes (increases) in ESRS scores from baseline to worst score were significantly lower in each risperidone group than the haloperidol group on the total ESRS (parkinsonism + dystonia + dyskinesia), total parkinsonism, hypokinetic symptoms, and on the questionnaire (p < 0.001). On several of the subscales (dyskinesia, buccolinguomasticatory, and Clinical Global Impression severity of dyskinesia), mean change scores were significantly lower in some of the risperidone groups than in the placebo group (p < 0.05). At the clinically most effective risperidone dose (6 mg/day), the mean ESRS change score was not significantly different from that of the placebo group. A significant linear relationship was noted between mean change scores and increasing risperidone dose on 4 of the 12 ESRS subscales; nevertheless, even at 16 mg/day of risperidone, mean change scores were lower than in the haloperidol group. A linear relationship between increasing risperidone dose and use of antiparkinsonian medications was also apparent. Acute dystonic reactions occurred both in patients receiving risperidone and haloperidol. Patients with severe baseline EPS were at higher risk of EPS during the study than patients with low or moderate baseline EPS. It is concluded that low doses of risperidone cause few or no EPS and recommendations for initiation of risperidone treatment are made.",E,E,exclude,exclude,0.98,0.01,0.99,0.09,0.74,0.65,0.89,0.07,0.43,0.06,0.04,0.01,605.4665180854499,2276,9.559200000000002e-05,True,,cohen_adhd_r2_ship
47,9700516,9700516,exclude,Methylphenidate does not modify the impact of response frequency or stimulus  sequence on performance and event-related potentials of children with attention deficit hyperactivity disorder.,"Twenty-six children with attention deficit/hyperactivity disorder (ADHD)  participated in a double-blind trial consisting of 2 consecutive weeks each of placebo and methylphenidate (M = 26.92 mg/day = 0.78 mg/kg/day). As expected, stimulant therapy resulted in moderate weight loss, increased somatic complaints, and teacher and parent reports of reduced inattentiveness, aggression, and oppositionality. In both phases of the trial, patients were tested in a choice reaction time task assessing two aspects of the task that presumably affect response selection: response frequency (ratio of targets/nontargets = 25/75 vs. 50/50) and stimulus sequence (alternations vs. repetitions). Both manipulations yielded expected results on performance and event-related potentials (ERPs). Stimulant treatment increased accuracy and speed among younger children and curtailed variability of reaction time for the sample as a whole. However, methylphenidate did not affect ERPs. In combination, the results imply that the enhancement of performance by methylphenidate does not involve the demands of response selection examined in this study.",2,2,include,include,0.93,0.96,0.04,0.86,0.79,0.54,0.88,0.05,0.34,0.04,0.13,0.01,544.8241089470685,2086,8.761200000000001e-05,False,,cohen_adhd_r2_ship
48,10093649,10093649,exclude,[Gamma-hydroxybutyrate for treatment of alcohol withdrawal syndrome in intensive  care patients. A comparison between with two symptom-oriented therapeutic concepts].,"Seeing as gamma-hydroxybutyrate (GHB) and benzodiazepines interact with the  GABA-transmitter system, we investigated whether GHB can replace the conventional therapy, which uses benzodiazepines in the treatment of alcohol withdrawal syndrome in ICU settings. METHODS: 42 chronic alcoholics were included in this prospective and randomized study. Following the development of alcohol withdrawal syndrome, the patients were randomly allocated to the GHB or to the flunitrazepam group. In addition to this, clonidine was administered in order to treat autonomic signs of withdrawal. In cases were hallucinations occurred, haloperidol was administered. RESULTS: There was no significant difference in the efficacy of treatment used in the duration of mechanical ventilation and intensive care unit stay between groups. The patients in the GHB-group required significantly higher dosages of haloperidol and significantly lower dosages of clonidine. 14 out of 21 patients from the GHB-group developed hypernatriaemia and 15 out of 21 developed a metabolic alkalosis. CONCLUSIONS: Symptoms of the autonomic nervous system were more effectively prevented by GHB as evident in the lower dosage requirement of clonidine. However, GHB may not sufficiently block the hyperactivity of the dopaminergic system or may have an hallucinogenic effect itself. This may be evident from the higher dosages of haloperidol which were necessary. Due to the latter fact, the administration of GHB cannot be recommended in all patients suffering from AWS in ICU settings.",E,E,exclude,exclude,1.0,0.0,1.0,0.08,0.49,0.59,0.86,0.06,0.38,0.04,0.04,0.01,590.259755961597,2162,9.0804e-05,True,,cohen_adhd_r2_ship
49,12463729,12463729,exclude,Pharmacokinetic and safety assessments of galantamine and risperidone after the  two drugs are administered alone and together.,"To explore the steady-state pharmacokinetic profile after coadministration of  galantamine and risperidone, an open-label, randomized, single-center, two-way crossover drug-drug interaction study was conducted in 16 healthy elderly subjects, ages 60 years and older. The results showed that risperidone, when administered with galantamine, did not change the bioavailability of galantamine at steady state. In addition, systemic exposure of risperidone active moiety (risperidone plus 9-hydroxyrisperidone), the most clinically relevant component of risperidone treatment, was not affected by galantamine coadministration, while systemic exposure was increased by approximately 10% for risperidone and decreased by about 10% for 9-hydroxyrisperidone (active metabolite of risperidone). Galantamine and risperidone were both safe and well tolerated administered either alone or together. Thus, no dose adjustment for either risperidone orgalantamine is necessary when these two drugs are administered together in the dose range evaluated.",E,E,exclude,exclude,1.0,0.0,1.0,0.12,0.65,0.4,0.5,0.1,0.47,0.07,0.05,0.03,511.1737828701735,2080,8.736e-05,True,,cohen_adhd_r2_ship
50,12629532,12629532,exclude,Treatment of weight gain with fluoxetine in olanzapine-treated schizophrenic  outpatients.,"Significant weight gain is a side effect associated with olanzapine treatment in  some patients. We investigated the efficacy of high-dose fluoxetine as a weight-reducing agent for patients who develop early weight gain with olanzapine treatment. Patients that gained >/=3% of their baseline weight in the initial 8 weeks of olanzapine treatment (n=31) were randomized to double-blind treatment with placebo or fluoxetine (60 mg/day). Clinical, weight, and weight-related measures were assessed. Fluoxetine failed to demonstrate weight-reducing effects (fluoxetine group: baseline mean 80.5 kg, SD=19.1, last mean=83.5 kg, SD=19.8; placebo group: baseline mean=77.1 kg, SD=12.1, last mean=78.8 kg, SD=10.6; F=1.3; df=1, 18; p=0.3). There were no differential effects in psychopathology, extrapyramidal side effects or weight-related measures between the placebo and fluoxetine groups. Serotonin reuptake inhibitors are probably not a practical option to counteract weight gain induced by atypical antipsychotics. Atypical-induced weight gain may result from mechanisms other than 5HT reuptake blockade.",E,E,exclude,exclude,0.99,0.0,1.0,0.15,0.67,0.49,0.85,0.09,0.37,0.04,0.03,0.01,628.7852330133319,2122,8.912400000000001e-05,True,,cohen_adhd_r2_ship
51,12650685,12650685,exclude,What are the effects of antipsychotics on sexual dysfunctions and endocrine  functioning?,"The literature is reviewed and preliminary results of new studies are presented  showing that treatment with classical antipsychotics, as well as risperidone, induces sexual dysfunctions in 30-60% of the patients. These antipsychotics also frequently induce amenorrhoea and galactorrhoea. Although comparative studies are rare, it is likely that prolactin-sparing antipsychotics, as recently shown in a randomized trial of olanzapine versus risperidone, induce less sexual side effects.From these studies, it becomes apparent that prolactin elevation induced by classical antipsychotics and risperidone is probably a factor in inducing sexual dysfunctions, amenorrhoea and galactorrhoea. The role of other factors inducing sexual dysfunctions like sedation, proportional, variant -blockade, testosterone, dopamine, and serotonin is discussed. Finally, it is concluded that sexual and hormonal effects of antipsychotics, although clearly important, are often neglected in research as in clinical practice. Lowering the dosage or switching to a prolactin-sparing antipsychotic often reduces sexual side effects, amenorrhoea, and galactorrhoea.",E,E,exclude,exclude,0.99,0.0,1.0,0.13,0.65,0.61,0.83,0.43,0.39,0.14,0.08,0.01,481.5996270626784,2082,8.7444e-05,True,,cohen_adhd_r2_ship
52,9052312,9052312,exclude,Late intraoperative clonidine administration prevents postanesthetic shivering  after total intravenous or volatile anesthesia.,"Postoperative administration of clonidine is an effective treatment for  shivering. However, the ability of this drug to stop postanesthetic shivering when administered intraoperatively remains controversial. Furthermore, the relative efficacy of clonidine during isoflurane and propofol anesthesia remains unknown. We therefore evaluated the incidence of postanesthetic shivering in patients given clonidine during nitrous oxide/isoflurane or propofol anesthesia. Because clonidine is an analgesic, we also evaluated postoperative pain and analgesic requirements. We studied 60 patients undergoing elective ear or nose surgery. General anesthesia was induced with 2.0 mg/kg propofol, 1.5 micrograms/kg fentanyl, and 0.1 mg/kg vecuronium. General anesthesia was maintained with isoflurane and 70% nitrous oxide in one group of patients; in the other, a continuous infusion of propofol (8 mg.kg-1.h-1) was administered (without nitrous oxide). Five minutes before tracheal extubation, patients in each group were randomly assigned to receive saline, placebo, or 3 micrograms/kg clonidine intravenously. Postanesthetic shivering was evaluated by a blind investigator. Postoperative pain was assessed using a visual analog scale. Postoperative shivering was observed in 53% of the patients given isoflurane without clonidine and in 13% of the patients given propofol without clonidine. No patient given clonidine shivered. Clonidine administration significantly reduced postoperative pain. The incidence of postanesthetic shivering was significantly less after propofol anesthesia than after isoflurane/nitrous oxide anesthesia. However, a late intraoperative bolus administration of 3 micrograms/kg clonidine prevents postoperative shivering in patients given either type of anesthesia.",E,E,exclude,exclude,0.99,0.0,1.0,0.08,0.76,0.24,0.84,0.05,0.43,0.04,0.04,0.01,559.3399959616363,2239,9.4038e-05,True,,cohen_adhd_r2_ship
53,12698209,12698209,exclude,Aripiprazole: efficacy and tolerability profile of a novel-acting atypical  antipsychotic.,"Aripiprazole, the latest atypical antipsychotic to come to clinical practice, has  a proposed mechanism of action different to other agents, most notably in its partial agonist action at dopamine (D2) receptors and at serotonin (5HT1A) receptors. Placebo-controlled comparative trials of aripiprazole confirm efficacy for positive, negative and general psychopathology. Treatment-emergent adverse effects appear low. Aripiprazole is associated with low propensity for extrapyramidal side effects, an absence hyperprolactinemia and a low propensity for weight gain. Aripiprazole's clinical role will be determined by clinical experience, additional phase IV studies, and comparative information for this agent with respect to the efficacy and tolerability profiles of other atypical antipsychotic medications.",E,E,exclude,exclude,1.0,0.0,1.0,0.14,0.59,0.47,0.78,0.72,0.42,0.87,0.06,0.02,518.9109640195966,2006,8.4252e-05,True,,cohen_adhd_r2_ship
54,12403150,12403150,exclude,"Young adult follow-up of hyperactive children: self-reported psychiatric  disorders, comorbidity, and the role of childhood conduct problems and teen CD.","We report on the psychiatric disorders present at young adult follow-up (Mean age  20-21 years; 13+ year follow-up) and the comorbidity among them for a large sample of hyperactive (H; N = 147) and community control (CC; N = 71) children. The H group had a significantly higher risk for any nondrug psychiatric disorders than the CC group (59% vs. 36%). More of the H group met criteria for ADHD (5%); major depressive disorder (26%); and histrionic (12%), antisocial (21%), passive-aggressive (18%), and borderline personality disorders (14%) at follow-up than the CC group. Severity of childhood conduct problems contributed to the risk for passive-aggressive, borderline, and antisocial personality disorders. But it only affected risk for antisocial personality after controlling for severity of teen conduct disorder (CD), which also contributed to the risk for these same 3 disorders. Examination for comorbidity among these disorders indicated that presence of either borderline or antisocial personality disorder significantly increased the risk for major depression and the other significant personality disorders. More of the hyperactive group had received various forms of mental health treatment during and since leaving high school than the control group. Results suggest that hyperactive children are at significant risk for at least 1 nondrug disorder in young adulthood, principally major depression and several personality disorders, and that this risk is largely mediated by severity of CD at adolescence.",E,E,exclude,exclude,0.92,0.04,0.96,0.36,0.04,0.32,0.84,0.05,0.4,0.01,0.02,0.01,544.4000060670078,2169,9.1098e-05,True,,cohen_adhd_r2_ship
55,10505583,10505583,exclude,Precision and comparability of adverse event rates of newer antidepressants.,"Due to the scarcity of clinical trials (CTs) directly comparing newer  antidepressants, clinicians and reviewers often compare drugs on the basis of active drug and placebo-subtracted adverse event rates (AERs) published in references such as the Physician's Desk Reference in the United States, the Compendium of Pharmaceutical Specialities in Canada, and product monographs. This study examined the suitability of the above data and methods for comparing AERs of nine newer antidepressants: bupropion, citalopram, fluoxetine, fluvoxamine, moclobemide, nefazodone, paroxetine, sertraline, and venlafaxine. First, the authors examined data precision and comparability across drugs by analyzing placebo-arm AERs and their 95% confidence limits for each drug and by testing the homogeneity of placebo-arm AERs across drugs. The rationale was that placebo AER heterogeneity is likely a reflection of heterogeneity of nonpharmacologic factors among CTs. For all 16 adverse events examined, placebo AERs were found to be significantly heterogenous, suggesting significant nonpharmacologic heterogeneity across drugs. Second, using placebo AER heterogeneity as a measure of nonpharmacologic heterogeneity, the authors estimated the degree to which active drug and placebo-subtracted AERs were related to nonpharmacologic heterogeneity by estimating the degree of association between active drug and placebo AERs and between placebo-subtracted and placebo AERs. Also, 95% confidence limits for placebo-subtracted AERs were calculated. It was found that most active drug AERs and some placebo-subtracted AERs were significantly correlated with placebo AERs, suggesting a relationship with nonpharmacologic heterogeneity. Placebo-subtracted AERs were less strongly related than were active drug AERs. Finally, the authors discuss factors that may be associated with the observed heterogeneity and offer suggestions that may improve the methodology and reporting of CTs.",E,E,exclude,exclude,0.96,0.02,0.98,0.13,0.65,0.74,0.81,0.08,0.32,0.03,0.03,0.01,514.8786550853401,2278,9.5676e-05,True,,cohen_adhd_r2_ship
56,11143833,11143833,exclude,Impact of risperidone on seclusion and restraint at a state psychiatric hospital.,"OBJECTIVE: To evaluate the impact of risperidone on seclusion and restraint in  patients at a state psychiatric facility, shortly after risperidone's release. METHODS: Patients who were in the hospital for at least 3 months prior to receiving risperidone and subsequently received risperidone for at least 3 months formed the cohort. A mirror-image design was used with duration to a maximum of 1 year before and 1 year after initiation of risperidone. The hospital population that did not receive either risperidone or clozapine during the same time period was used for comparison of trends of seclusion and restraint. RESULTS: Seventy-four patients (most with schizophrenia) met the inclusion criteria of the risperidone group. There were statistically significant decreases in the number of seclusion hours (2.2 [SD 5.5] to 0.26 [SD 0.06]) and of events (0.23 [SD 0.59] to 0.05 [SD 0.14]) per person per month during risperidone treatment, compared with the prerisperidone treatment period (P = 0.01). The comparison group also evidenced decreases on these measures during the same time period, but the risperidone-treated cohort achieved a proportionally greater reduction. There were similar trends toward reduction in the restraint measures during risperidone treatment compared with prerisperidone, but these did not achieve statistical significance. The comparison group also showed slightly decreased use of restraints over the study period. CONCLUSIONS: Risperidone appears to have had a positive impact on seclusion in this state-hospital psychiatric population. These data support the positive impact of risperidone on violence found in other studies. Violence and aggression are major factors that affect morale among psychiatric patients and staff. So, any benefit in this regard as a result of antipsychotic drug treatment is salutary for patients, families, and health care providers.",E,E,exclude,exclude,0.99,0.0,1.0,0.14,0.77,0.36,0.86,0.05,0.34,0.04,0.03,0.01,616.4820941630751,2254,9.4668e-05,True,,cohen_adhd_r2_ship
57,9108812,9108812,exclude,Clozapine and associated diabetes mellitus.,"BACKGROUND: Clozapine is an effective therapy for the treatment of refractory  psychosis. Clozapine-associated adverse effects include sedation, weight gain, sialorrhea, palpitations, seizures, and hematologic changes such as agranulocytosis. METHOD: We present a four-case series in which clozapine use was associated with either a de novo onset or severe exacerbation of preexisting diabetes mellitus. RESULTS: The change in glycemic control was not significantly related to weight gain. Three of the patients have been able to continue on clozapine therapy and have experienced a reduction in psychotic symptoms. CONCLUSION: Patients with a family history of diabetes mellitus or with preexisting diabetes mellitus may need to have blood sugar monitored closely during initiation of clozapine treatment.",E,E,exclude,exclude,0.98,0.01,0.99,0.21,0.53,0.65,0.8,0.1,0.37,0.17,0.06,0.01,456.4422022085637,1989,8.353800000000001e-05,True,,cohen_adhd_r2_ship
58,12360554,12360554,exclude,Olanzapine treatment for dopaminergic-induced hallucinations.,"Atypical antipsychotic medications with lower affinities for D2 receptors are  considered useful alternatives to treat drug-induced hallucinations in Parkinson's disease (PD). We conducted a double-blind, placebo-controlled, unforced titration, parallel design study (2:1 drug to placebo randomization ratio) using olanzapine (2.5-10 mg/day to effect) in 30 PD patients with drug-induced hallucinations. We performed an extensive battery of neuropsychological tests, the Unified Parkinson's Disease Rating Scale (UPDRS), assessments of on and off time at baseline and at 9 weeks after starting the medication. Sixteen patients on olanzapine (mean dose, 4.6 mg/night) and 11 on placebo completed the study. Compared with placebo, performance on the UPDRS item 2 (thought disorder), and a structured interview for hallucinations, both tended to improve on drug but neither reached statistical significance. A neuropsychological test battery did not show any significant differences. Total on UPDRS motor scores (P < 0.05) and timed tapping (P < 0.01) worsened while on drug compared to placebo. Bradykinesia (P < 0.01) and gait (P < 0.001) items on the UPDRS largely accounted for this deterioration. After completion of the study, 8 of 16 patients randomly assigned to drug continued olanzapine at a mean dose of 2.4 mg/day. However, at the last recorded visit only 5 of 24 (20.8%) of all patients exposed to drug (including those originally randomly assigned to placebo) remained on olanzapine. In patients with PD, low-dose olanzapine did not significantly improve hallucinations but did worsen motor function.",E,E,exclude,exclude,0.99,0.01,0.99,0.12,0.84,0.57,0.85,0.06,0.38,0.04,0.03,0.01,511.4689629990608,2219,9.3198e-05,True,,cohen_adhd_r2_ship
59,11524026,11524026,exclude,Methylphenidate (OROS formulation).,"Methylphenidate is a CNS stimulant that is thought to block the reuptake of  dopamine and noradrenaline (norepinephrine) into the presynaptic neuron. A sustained release (OROS formulation of the drug has been developed for use in children with attention deficit/hyperactivity disorder (ADHD). In children aged 6 to 12 years with ADHD, the maximum plasma concentration of OROS methylphenidate 18 to 54 mg was reached after approximately 7 to 8 hours. In adults, the plasma concentration-time profile of OROS methylphenidate differed markedly from that of the sustained release and immediate release (IR) methylphenidate formulations. In a clinical trial involving 282 children with ADHD, once daily OROS methylphenidate 18 to 54 mg was significantly more effective than placebo and demonstrated an effect similar to IR methylphenidate 5 to 15 mg 3 times daily in reducing the symptoms of ADHD. OROS methylphenidate demonstrated sustained efficacy in a 1-year noncomparative study involving children with ADHD. In clinical trials, the OROS formulation of methylphenidate had a tolerability profile similar to that of IR methylphenidate.",5,5,exclude,exclude,0.09,0.46,0.54,0.84,0.48,0.71,0.66,0.82,0.41,0.86,0.05,0.12,516.7696720454842,2089,8.7738e-05,True,,cohen_adhd_r2_ship
60,7978436,7978436,exclude,Dose-related prolongation of tetracaine spinal anesthesia by oral clonidine in  humans.,"The prolonging effects of oral clonidine on sensory block during tetracaine  spinal anesthesia were studied in 47 healthy patients scheduled for urologic or gynecologic surgery. All patients received 15 mg tetracaine intrathecally in isobaric saline. The patients were randomly allocated into four groups. Group 1 (n = 13) was administered 0.25 mg triazolam orally. Group 2 (n = 12), Group 3 (n = 12), and Group 4 (n = 10) received 75 micrograms, 150 micrograms, and 300 micrograms of oral clonidine, respectively. These drugs were administered 1 h before anesthesia. Sensory block was evaluated by pinprick. All regression times in Groups 2, 3, and 4 were significantly longer than those in Group 1. The prolonging effect of oral clonidine increased in a dose-dependent manner and reached a maximal effect at 150 micrograms. Four patients in Group 4 developed bradycardia (heart rate < 45 bpm), suggesting that the dose of 300 micrograms of oral clonidine may promote bradycardia during spinal anesthesia.",E,E,exclude,exclude,0.99,0.0,1.0,0.07,0.83,0.46,0.83,0.06,0.52,0.05,0.05,0.02,617.0705780386925,2096,8.803200000000001e-05,True,,cohen_adhd_r2_ship
61,12895137,12895137,include,Comparative efficacy of two once daily methylphenidate formulations (Ritalin LA  and Concerta) and placebo in children with attention deficit hyperactivity disorder across the school day.,"OBJECTIVES: The primary objective was to compare the differences in clinical  efficacy of the starting dose of Ritalin LA (20mg) to the starting dose of Concerta (18mg), in a laboratory school setting for the duration of an entire school day. Secondary objectives were to compare Ritalin LA 20mg with Concerta 36mg, and Ritalin LA and both Concerta doses versus placebo across the school day. METHODS: Thirty-six children (29 males, 7 females), aged 6-12 years, with attention deficit hyperactivity disorder, previously stabilized on methylphenidate (MPH), completed this four-way, randomized, single-blind crossover, analog classroom study. Patients were evaluated on day 0 and randomized to receive treatment on days 7, 14, 21, and 28 (Ritalin LA 20mg, Concerta 18mg, Concerta 36mg, or placebo). RESULTS: Swanson, Kotkin, Agler, M-Flynn and Pelham Rating Scale (SKAMP)-attention: The effect of Ritalin LA 20mg across the morning was statistically different from that of Concerta 18mg and 36mg, as demonstrated by the change in the area under the curve (AUC) during the first 4 hours (0-4) from pre-dose. AUC((0-4)) for RitalinLA was -2.48 versus -1.36 for Concerta 18mg (p = 0.015), and -1.55 for Concerta 36mg (p = 0.043). AUC((0-8)) change from pre-dose for Ritalin LA was -4.48 versus -2.72 for Concerta 18mg (p = 0.074), and -3.24 for Concerta 36mg (p = 0.208).SKAMP-deportment: AUC((0-4)) for Ritalin LA was -1.67 compared with -0.28 for Concerta 18mg (p < 0.001), and -0.55 for Concerta 36mg (p = 0.004). AUC((0-8)) change from pre-dose for Ritalin LA was -2.81 compared with -0.82 for Concerta 18mg (p = 0.018), and -1.34 for Concerta 36mg (p = 0.078).Combined: Mean AUC((0-4)) change from pre-dose for Ritalin LA was -2.05 compared with -0.78 for Concerta 18mg (p < 0.001), -1.01 for Concerta 36mg (p = 0.003). The mean AUC((0-8)) change from pre-dose for Ritalin LA was -3.58 compared with -1.70 for Concerta 18mg (p = 0.010), -2.22 for Concerta 36mg (p = 0.061). Math test-attempted: Mean pre-dose score for Ritalin LA was about 73 compared with 74, 90, and 81 for Concerta 18mg, 36mg, and placebo, respectively. Mean AUC((0-8)) change from pre-dose for Ritalin LA was 202 compared with 115 for Concerta 18mg (p = 0.135), 137 for Concerta 36mg (p = 0.265). Math test-correct: Mean pre-dose score for Ritalin LA was 68 compared with 64, 78, and 76 for Concerta 18mg, 36mg, and placebo, respectively. Mean AUC((0-8)) change from pre-dose for Ritalin LA was 183 compared with 100 for Concerta 18mg (p = 0.144), and 117 for Concerta 36mg (p = 0.245). SAFETY: One patient from each treatment group experienced a single mild adverse event that included abdominal pain, nausea, and dyspnea. CONCLUSION: While both Ritalin LA and Concerta were shown to be effective, the different release profiles of each formulation can result in distinct differences between the effects on measures of attention and deportment.",I,I,include,include,0.99,0.99,0.01,0.9,0.67,0.89,0.85,0.06,0.38,0.03,0.02,0.03,549.4386970531195,2869,0.000120498,True,,cohen_adhd_r2_ship
62,10432470,10432470,exclude,Effect of methylphenidate on attention in children with attention deficit  hyperactivity disorder (ADHD): ERP evidence.,"Methylphenidate is the most common treatment for attention deficit hyperactivity  disorder (ADHD) and has been shown to improve attention and behaviour. However, the precise nature of methylphenidate on specific aspects of attention at different dose levels remains unclear. We studied methylphenidate effects in ADHD from a neurophysiological perspective, recording event-related potentials (ERPs) during attention task performance in normal controls and children with ADHD under different dose conditions. Twenty children with ADHD and 20 age matched controls were assessed with a continuous performance task requiring subjects to identify repeating alphabetic characters. ERPs and behavioural measures were recorded and analyzed for trials where a correct response was made. The ADHD group was assessed off drug (baseline) and on placebo, low (0.28 mg/kg) and high (0.56 mg/kg) dose levels of methylphenidate. The results showed that the ADHD group at baseline was more impulsive and inattentive than controls and had shorter P2 and N2 latencies and longer P3 latencies. Low dose methylphenidate was associated with reduced impulsivity (fewer false alarms) and decreased P3 latencies, whereas the higher dose level was associated with reduced impulsivity and less inattention (more hits), as well as increased P2 and N2 latencies and decreased P3 latencies. Amplitudes were unaffected and there were no adverse effects of the higher dose for any of the children. These results suggest differential dosage effects and a dissociation between dose levels and aspects of processing.",2,2,include,exclude,0.71,0.86,0.14,0.83,0.81,0.37,0.84,0.06,0.43,0.05,0.57,0.02,574.0621099248528,2167,9.1014e-05,True,,cohen_adhd_r2_ship
63,11586978,11586978,exclude,Safety profile of bupropion for chronic obstructive pulmonary disease.,,E,E,exclude,exclude,0.99,0.0,1.0,0.22,0.79,0.44,0.39,0.43,0.47,0.68,0.14,0.06,487.2356571722776,1820,7.643999999999999e-05,True,,cohen_adhd_r2_ship
64,9400342,9400342,exclude,Clinical efficacy of methylphenidate in conduct disorder with and without  attention deficit hyperactivity disorder.,"BACKGROUND: Stimulants are not considered appropriate for the treatment of  children with conduct disorders (CDs). The postulated differences in stimulant effect between children with attention deficit hyperactivity disorder (ADHD) and CD led to the hypothesis that methylphenidate hydrochloride, which is effective in ADHD, would not significantly improve symptoms of CD. METHODS: We randomly assigned 84 children with CD, between the ages of 6 and 15 years, to receive methylphenidate hydrochloride (up to 60 mg/d) or placebo for 5 weeks. Behavior was evaluated by parent, teacher, and clinician reports and by direct classroom observations. Two thirds of the children also met criteria for ADHD. RESULTS: Contrary to prediction, ratings of antisocial behaviors specific to CD were significantly reduced by methylphenidate treatment. The magnitude of methylphenidate effect indicated meaningful clinical benefit. Partialling out severity of ADHD did not alter the significant superiority of methylphenidate on CD ratings specifically (P < .001). CONCLUSIONS: Methylphenidate has short-term positive effects on children and adolescents with CD. Key aspects of antisocial adjustment appear to be treatment responsive. This effect was independent of severity of the children's initial ADHD symptoms.",4,4,include,include,0.5,0.75,0.25,0.66,0.83,0.8,0.89,0.05,0.43,0.04,0.02,0.02,613.4017989970744,2104,8.8368e-05,False,,cohen_adhd_r2_ship
65,11126856,11126856,exclude,Depression in children and adolescents.,"Depression among children and adolescents is common but frequently unrecognized.  It affects 2 percent of prepubertal children and 5 to 8 percent of adolescents. The clinical spectrum of the disease can range from simple sadness to a major depressive or bipolar disorder. Risk factors include a family history of depression and poor school performance. Evaluation should include a complete medical assessment to rule out underlying medical causes. A structured clinical interview and various rating scales such as the Pediatric Symptom Checklist are helpful in determining whether a child or adolescent is depressed. Evidence-based treatment guidelines from the literature are limited. Psychotherapy appears to be useful in most children and adolescents with mild to moderate depression. Tricyclic antidepressants and selective serotonin reuptake inhibitors are medical therapies that have been studied on a limited basis. The latter agents are better tolerated but not necessarily more efficacious. Because the risk of school failure and suicide is quite high in depressed children and adolescents, prompt referral or close collaboration with a mental health professional is often necessary.",E,E,exclude,exclude,1.0,0.0,1.0,0.11,0.04,0.31,0.35,0.26,0.43,0.08,0.08,0.01,511.2993149086833,2023,8.496600000000001e-05,True,,cohen_adhd_r2_ship
66,11483144,11483144,include,Efficacy of a mixed amphetamine salts compound in adults with  attention-deficit/hyperactivity disorder.,"BACKGROUND: We report on a controlled trial of a mixed amphetamine salts compound  (Adderall, dextroamphetamine sulfate, dextro-, levoamphetamine sulfate, dextroamphetamine aspartate, levoamphetamine aspartate, and dextroamphetamine saccharate) in the treatment of adult attention-deficit/hyperactivity disorder (ADHD). METHODS: This was a 7-week, randomized, double-blind, placebo-controlled, crossover study of Adderall in 27 well-characterized adults satisfying full DSM-IV criteria for ADHD of childhood onset and persistent symptoms into adulthood. Medication was titrated up to 30 mg twice a day. Outcome measures included the ADHD Rating Scale and the Clinical Global Impression Score. Comorbid psychiatric disorders were assessed to test for potential effects on treatment outcome. RESULTS: Treatment with Adderall at an average oral dose of 54 mg (administered in 2 daily doses) was effective and well tolerated. Drug-specific improvement in ADHD symptoms was highly significant overall (42% decrease on the ADHD Rating Scale, P<.001), and sufficiently robust to be detectable in a parallel groups comparison restricted to the first 3 weeks of the protocol (P<.001). The percentage of subjects who improved (reduction in the ADHD rating scale of > or =30%) was significantly higher with Adderall treatment than with a placebo (70% vs 7%; P =.001). CONCLUSIONS: Adderall was effective and well tolerated in the short-term treatment of adults with ADHD. More work is needed to evaluate the long-term effects of Adderall, or other amphetamine compounds, in the treatment of adults with ADHD.",I,I,include,include,0.99,1.0,0.0,0.88,0.71,0.85,0.88,0.05,0.34,0.03,0.02,0.02,456.6615947987884,2207,9.2694e-05,True,,cohen_adhd_r2_ship
67,12230782,12230782,exclude,Menopausal symptoms.,,E,E,exclude,exclude,1.0,0.0,1.0,0.19,0.09,0.31,0.3,0.35,0.45,0.24,0.19,0.12,487.0255559217185,1810,7.602000000000001e-05,True,,cohen_adhd_r2_ship
68,9700520,9700520,exclude,"Revision and restandardization of the Conners Teacher Rating Scale (CTRS-R):  factor structure, reliability, and criterion validity.","The Conners Teacher Rating Scale (CTRS) is a commonly used research and clinical  tool for assessing children's behavior in the classroom. The present study introduces the revised CTRS (CTRS-R) which improves on the original CTRS by (1) establishing normative data from a large, representative North American sample, (2) deriving a factor structure using advanced statistical techniques, and (3) updating the item content to reflect current conceptualizations of childhood disorders. Using confirmatory factor analysis, a six-factor structure was found which includes Hyperactivity-Impulsivity, Perfectionism, Inattention/Cognitive Problems, Social Problems, Oppositionality, and Anxious/Shy factors. The reliability of the scale, as measured by test-retest correlations and internal consistency, is generally satisfactory. Using all of the scale factors to discriminate between attention deficit hyperactivity disordered and normal children, 85 percent of children were correctly classified, supporting the validity of the scale and indicating excellent clinical utility. Similarities and differences between the original CTRS factor structure and the CTRS-R factor structure are discussed.",E,E,exclude,exclude,0.95,0.03,0.97,0.43,0.03,0.44,0.47,0.05,0.42,0.01,0.02,0.02,480.5216901004314,2069,8.689800000000001e-05,True,,cohen_adhd_r2_ship
69,9450772,9450772,exclude,Randomized trial of modafinil for the treatment of pathological somnolence in  narcolepsy. US Modafinil in Narcolepsy Multicenter Study Group.,"Narcolepsy is a central nervous system disorder characterized by excessive  daytime sleepiness and cataplexy. This placebo-controlled, double-blind, randomized, parallel-group, 18-center study assessed the efficacy and safety of modafinil, a new wake-promoting drug for treating sleepiness in narcolepsy. Subjects with narcolepsy (n = 283) received daily modafinil, 200 or 400 mg, or placebo, for 9 weeks, followed by an open-label treatment period. Subjective sleepiness was measured with the Epworth Sleepiness Scale. Objective sleepiness was assessed with the Multiple Sleep Latency Test and the Maintenance of Wakefulness Test. Level of illness was measured with the Clinical Global Impression of Change. Modafinil significantly reduced all measures of sleepiness and was associated with significant improvements in level of illness. Medication-related adverse experiences were few, dose-dependent, and mostly rated mild to moderate. Modafinil taken once daily was a very well tolerated and effective wake-promoting agent in the treatment of excessive daytime somnolence associated with narcolepsy. Modafinil demonstrated an excellent safety profile for up to 40 weeks of open-label treatment and efficacy was maintained, suggesting that tolerance will not develop with long-term use. Modafinil is a pharmacologically and clinically promising compound for the treatment of pathological daytime somnolence.",E,E,exclude,exclude,0.97,0.02,0.98,0.12,0.65,0.54,0.83,0.05,0.41,0.05,0.03,0.02,575.112618971616,2140,8.988000000000001e-05,True,,cohen_adhd_r2_ship
70,12920409,12920409,exclude,Effectiveness of rapid initial dose escalation of up to forty milligrams per day  of oral olanzapine in acute agitation.,"BACKGROUND: Patients experiencing an acute decompensation of schizophrenia or  bipolar disorder often present in an agitated state. Agitation presents a barrier to therapy, interrupting the typical physician-patient alliance and creating a disruptive, even hazardous, environment. Rapid assessment and effective treatment are necessary to manage agitation and, potentially, to shorten the time to recovery. METHODS: One hundred forty-eight acutely agitated patients received either: rapid initial dose escalation (RIDE) in which up to 40 mg of oral olanzapine was allowed on days 1 and 2, up to 30 mg on days 3 and 4, and 5 to 20 mg thereafter; or usual clinical practice (UCP) in which patients received 10 mg/d olanzapine plus up to 4 mg lorazepam on days 1 and 2, up to 2 mg on days 3 and 4, and olanzapine 5 to 20 mg/d thereafter. The Positive and Negative Syndrome Scale-Excited Component (PANSS-EC: poor impulse control, tension, hostility, uncooperativeness, and excitement) measured at 24 hours was the primary measure. Secondary assessments of agitation and safety were also performed. RESULTS: Agitation improved significantly from baseline for both treatment groups; however, improvement with the RIDE strategy was superior to UCP. The RIDE group improvement was superior on the primary efficacy measure (PANSS-Excited) at 24 hours; it was superior on all agitation measures at the end of double-blind treatment. Both treatments were well tolerated, with no clinically significant differences in safety measures. Treatment was not limited by oversedation and attention improved from baseline in both groups. CONCLUSIONS: This study demonstrates the value of olanzapine in the treatment of acutely agitated patients. A new approach to olanzapine dosing that expands the initial dose range up to 40 mg/d may offer superior efficacy in rapidly and effectively controlling the symptoms of agitation.",4,4,exclude,exclude,0.96,0.02,0.98,0.15,0.61,0.62,0.81,0.07,0.44,0.04,0.02,0.02,592.534305062145,2262,9.5004e-05,True,,cohen_adhd_r2_ship
71,9209730,9209730,exclude,Clozapine-induced electroencephalogram changes as a function of clozapine serum  levels.,"Specific electroencephalogram (EEG) changes during clozapine therapy were  prospectively studied in a cohort of 50 chronic state hospital patients with schizophrenia who were randomly assigned to one of three nonoverlapping clozapine serum level ranges (50-150 ng/mL, 200-300 ng/mL, and 350-450 ng/mL). EEGs were obtained before clozapine was instituted, and after 10 weeks of treatment. Fifty-three percent of patients showed EEG changes during the 10-week study period. We observed three seizures (6%), one in a patient on 900 mg (serum level 320 ng/mL) clozapine, and two in patients with lower clozapine serum levels (200-300 ng/mL) who had prior histories of seizures and inadequate valproate coverage. Thirteen percent of patients developed spikes with no relationship to dose or serum level of clozapine. Fifty-three percent of patients developed slowing on EEG. Compared to plasma levels below 300 ng/mL, a clozapine serum level between 350 and 450 ng/mL led to more frequent and more severe slowing. The EEG slowing correlated with observed sleepiness, although this factor was not sufficient to explain the severity of high-dose effects.",E,E,exclude,exclude,1.0,0.0,1.0,0.16,0.8,0.53,0.82,0.06,0.44,0.08,0.5,0.01,532.9808939713985,2127,8.933400000000001e-05,True,,cohen_adhd_r2_ship
72,8308937,8308937,exclude,Methadone combined with clonidine versus clonidine alone in opiate  detoxification.,"The availability and use of a methadone/clonidine combination versus clonidine  alone in opiate detoxification were studied. In Phase I of the study, a sequential combination of methadone followed by clonidine was utilized in those patients presenting with a primary diagnosis of opiate dependence. During the Phase II of the study, only clonidine was available. Medications were administered only if the history and clinical findings indicated impending or acute opiate withdrawal syndrome. Overall, there was no difference between the Phase I and Phase II groups when the number of opiate dependent admissions, patients completing detoxification, and the patients completing a follow-up rehabilitation program were compared. However, the patients in Phase I whose clinical symptomatology warranted the use of methadone were more likely to complete the detoxification program when compared to the patients in Phase II who received clonidine only. There was no difference between the two groups in completion of a follow-up rehabilitation. Detoxification with clonidine alone was more likely to be successful if the patient has had prior detoxification experience with methadone or if there was a secondary dependence of alcohol, sedative, or tranquilizer present coexisting with the primary opiate dependence diagnosis.",E,E,exclude,exclude,1.0,0.0,1.0,0.08,0.69,0.45,0.8,0.1,0.38,0.05,0.04,0.02,472.2131041344255,2080,8.736e-05,True,,cohen_adhd_r2_ship
73,8834417,8834417,exclude,"Antipsychotic and anxiolytic properties of risperidone, haloperidol, and  methotrimeprazine in schizophrenic patients.","The subjects were 62 patients hospitalized for acute exacerbations of  schizophrenia and were randomly assigned to receive risperidone (mean dose, 7.4 mg/day), haloperidol (7.6 mg/day), or methotrimeprazine (100 mg/day) for 4 weeks. Clinical improvement, defined a priori as a 20% reduction in total Positive and Negative Syndrome Scale (PANSS) scores at end point, was attained by 81% of the risperidone patients, 60% of the haloperidol patients, and 52% of the methotrimeprazine patients (p < 0.05). The reductions in total PANSS and Clinical Global Impression Scale severity scores from baseline to end point were significantly greater in the risperidone patients than in the other two groups. Reductions in scores on the Psychotic Anxiety Scale were significantly greater in the risperidone patients than the methotrimeprazine patients; the difference between haloperidol and methotrimeprazine was not significant. Extrapyramidal symptoms (scores on the Extrapyramidal Symptom Rating Scale) were more severe in the haloperidol patients than in the other two groups, but few differences were apparent between risperidone and methotrimeprazine patients. It is concluded that risperidone is an effective antipsychotic and anxiolytic agent in schizophrenic patients.",E,E,exclude,exclude,1.0,0.0,1.0,0.15,0.69,0.45,0.86,0.06,0.42,0.04,0.02,0.01,501.7857779748738,2150,9.03e-05,True,,cohen_adhd_r2_ship
74,11025234,11025234,exclude,Low-dose intrathecal clonidine combined with sufentanil as analgesic drugs in  abdominal gynecological surgery.,"STUDY OBJECTIVES: To determine whether a low dose of spinal clonidine either  alone or combined with sufentanil would provide effective analgesia following abdominal surgery, as a supplement to bupivacaine spinal anesthesia. DESIGN: Randomized double-blind study. SETTING: Gynecological surgery, teaching hospital. PATIENTS: 73 ASA physical status I and II patients undergoing gynecological abdominal surgery with spinal anesthesia. INTERVENTIONS: Patients were randomly assigned to one of four groups and prospectively studied to examine anesthesia, analgesia, and adverse effects. The control group received saline as the test drug; the sufentanil group received 10 microg of sufentanil; the clonidine group received 30 microg of clonidine; and the sufentanil/clonidine group received 5 microg of sufentanil plus 15 microg of clonidine. All groups received intrathecal 15 mg of bupivacaine (3 mL) plus the intrathecal test drug (2 mL). The concept of visual analog scale (VAS) was introduced. All patients were premedicated with intravenous midazolam. Rescue analgesics were available. MEASUREMENTS AND MAIN RESULTS: The groups were demographically the same. Sensory block to pinprick at 10 min was higher for clonidine and sufentanil/clonidine groups compared to the control group (p < 0.02). Anesthetic time (Bromage score 2) was also longer for clonidine and sufentanil/clonidine groups compared to the control and sufentanil groups (p < 0.05). Time to first rescue analgesics was shorter in the control group compared to the other groups (p < 0.02). The number of IM diclofenac dose injections in 24 hours was higher in the control group compared to all other groups (p < 0.05). The incidence of adverse effects and ephedrine consumption were similar among groups. CONCLUSIONS: Intrathecal 15- and 30-microg clonidine doses expanded the anesthesia sensory block and duration of motor block, and provided analgesia.",E,E,exclude,exclude,1.0,0.0,1.0,0.08,0.76,0.46,0.85,0.06,0.43,0.03,0.04,0.02,672.0990259200335,2317,9.7314e-05,True,,cohen_adhd_r2_ship
75,12032011,12032011,exclude,The hypnotic and analgesic effects of oral clonidine during sevoflurane  anesthesia in children: a dose-response study.,"Although clonidine has both hypnotic and analgesic actions, the dose relationship  for each actions is still unknown in a clinical setting when clonidine is used as a premedication in children. We studied 80 ASA physical status I children (age range, 3-8 yr). Subjects were randomly divided into two groups (minimum alveolar anesthetic concentration [MAC]-Awake group, n = 40; MAC-Tetanus group, n = 40). Each patient received one dose of clonidine from 1 to 5 microg/kg orally, 100 min before arrival at the operating room. Anesthesia was induced and maintained with sevoflurane in oxygen and air. Before tracheal intubation, end-tidal sevoflurane was decreased stepwise by 0.2% at the start of 1.2%, a verbal command was given to the patients, and MAC-awake was determined in each patient. We also investigated MAC-tetanus, determined with transcutaneous electric tetanic stimulations, after tracheal intubation in each patient by observing the motor response to a transcutaneous electric tetanic stimulus to the ulnar nerve at a sevoflurane concentration decreased stepwise by 0.25% at the start of 2.75%. The initial reduction in MAC-tetanus was not as steep as that in MAC-awake. Clonidine reduced MAC-tetanus by 40% at the maximal dose of 5 microg/kg, whereas MAC-awake was already reduced by 50% at 2 microg/kg. We conclude that separate dose-response relationships for oral clonidine are present regarding the hypnotic and analgesic effects in children undergoing sevoflurane anesthesia. IMPLICATIONS: Separate dose-response relationships for oral clonidine were found regarding the hypnotic and analgesic effects in children undergoing sevoflurane anesthesia.",E,E,exclude,exclude,0.99,0.0,1.0,0.07,0.72,0.23,0.82,0.06,0.49,0.04,0.05,0.01,519.1673168446869,2250,9.45e-05,True,,cohen_adhd_r2_ship
76,8164820,8164820,exclude,Attention deficit in Alzheimer's disease is not simulated by an  anticholinergic/antihistaminergic drug and is distinct from deficits in healthy aging.,"OBJECTIVE: To evaluate attention deficit in Alzheimer's disease (AD) and its  relationship to attention deficits associated with aging and with medications altering alertness. METHODS: Ten patients with probable AD, 10 healthy old controls, and 15 young controls performed a covert orienting of spatial attention task. Young controls performed the task an additional time after ingestion of diphenhydramine 1 mg/kg. Reaction times were obtained following valid, neutral, and invalid cues. RESULTS: In all groups, the reaction times were shortest for the validly cued stimuli and longest for the invalidly cued stimuli. Additionally, the AD patients performed disproportionately worse following the invalid cue than did the control groups. Young controls given diphenhydramine had decreased subjective alertness, performed worse than they did before drug but better than the old controls or AD patients, and had no disproportionate impairment with the invalid cue. CONCLUSIONS: AD patients have disproportionate problems shifting spatial attention compared with age-matched controls. Impaired attentional performance in AD cannot be simulated in young subjects by ingestion of a combined antihistamine/anticholinergic agent at a dose sufficient to produce significant changes in alertness.",E,E,exclude,exclude,0.99,0.0,1.0,0.17,0.03,0.4,0.73,0.05,0.48,0.02,0.06,0.01,484.0895279776305,2098,8.8116e-05,True,,cohen_adhd_r2_ship
77,7994508,7994508,exclude,Clonidine is not a useful adjunct to methadone gradual detoxification in opioid  addiction.,"BACKGROUND: The role of clonidine in the management of opioid-dependent  individuals undergoing gradual detoxification. METHOD: A double-blind placebo-controlled trial was conducted on 86 voluntary in-patients (59 male, 27 female) aged 18-47 years, at a specialist drug-dependence treatment unit. Patients entered the trial when on 40 mg of methadone daily or less, and were randomised to receive incremental doses of clonidine (increasing from 0.2 mg daily to 1.2 mg daily) during a 14-day period of gradual methadone detoxification and for four weeks thereafter. Blood pressure was monitored and severity of opioid abstinence was assessed by questionnaire and by clinical examination. RESULT: Half the subjects were withdrawn or defaulted from the trial by the end of two weeks, those receiving clonidine earlier than those receiving dummy medication (9 of the former and only one of the latter because of systemic hypotension). Similar proportions of subjects completed detoxification in the two groups. In those who completed detoxification, clonidine did not significantly reduce either the symptoms or objective signs of opioid withdrawal. CONCLUSIONS: These findings suggest that clonidine has no place as an adjunct to a programme of gradual opioid detoxification.",E,E,exclude,exclude,0.98,0.01,0.99,0.16,0.62,0.51,0.83,0.05,0.36,0.04,0.04,0.01,482.7613339293748,2103,8.832600000000001e-05,True,,cohen_adhd_r2_ship
78,10616134,10616134,exclude,Validation of a Bengali adaptation of the Conners' Parent Rating Scale (CPRS-48).,"BACKGROUND: The Conners' Parent Rating Scales (CPRS) have been used to measure  behavioural problems in drug trials in children for many years. This study in rural India aimed to validate a translated version of the CPRS-48 for use in a study of anti-epileptic drug side-effects. METHOD: The Scale was translated into local dialect, back-translated, and piloted among healthy families. The revised version was then administered to mothers of 60 healthy children and 63 children with epilepsy. Tests of internal reliability, test-retest reliability and factor analysis were performed. RESULTS: Cronbach's alpha ranged from 0.60 to 0.75 for the subscales, and correlation coefficients after retesting from 0.84 to 0.99. The overall factor structure was very similar to that reported in the original USA sample. CONCLUSION: The Bengali version of the CPRS-48 and its Hyperactivity Index have validity for rural Bengali children, and the process demonstrates that such instruments can be usefully adapted for local purposes.",E,E,exclude,exclude,0.95,0.03,0.97,0.29,0.06,0.45,0.52,0.05,0.43,0.02,0.02,0.01,529.223581077531,2054,8.6268e-05,True,,cohen_adhd_r2_ship
79,10195528,10195528,exclude,The neurotoxicity of drugs given intrathecally (spinal).,"Overall, most spinal drugs in clinical use have been poorly studied for spinal  cord and nerve root toxicity. Laboratory studies indicate that all local anesthetics are neurotoxic in high concentrations and that lidocaine and tetracaine have neurotoxic potential in clinically used concentrations. However, spinal anesthesia (including lidocaine and tetracaine) has a long and enviable history of safety. Spinal analgesics such as morphine, fentanyl, sufentanil, clonidine, and neostigmine seem to have a low potential for neurotoxicity based on laboratory and extensive clinical use. Most antioxidants, preservatives, and excipients used in commercial formulations seem to have a low potential for neurotoxicity. In addition to summarizing current information, we hope that this review stimulates future research on spinal drugs to follow a systematic approach to determining potential neurotoxicity. Such an approach would examine histologic, physiologic, and behavioral testing in several species, followed by cautious histologic, physiologic, and clinical testing in human volunteers and patients with terminal cancer refractory to conventional therapy.",E,E,exclude,exclude,1.0,0.0,1.0,0.12,0.28,0.38,0.33,0.64,0.42,0.3,0.15,0.03,551.6897940542549,2051,8.614200000000002e-05,True,,cohen_adhd_r2_ship
80,10986547,10986547,exclude,"Efficacy of olanzapine in acute bipolar mania: a double-blind, placebo-controlled  study. The Olanzipine HGGW Study Group.","BACKGROUND: We compared the efficacy and safety of olanzapine vs placebo for the  treatment of acute bipolar mania. METHODS: Four-week, randomized, double-blind, parallel study. A total of 115 patients with a DSM-IV diagnosis of bipolar disorder, manic or mixed, were randomized to olanzapine, 5 to 20 mg/d (n = 55), or placebo (n = 60). The primary efficacy measure was the Young-Mania Rating Scale (Y-MRS) total score. Response and euthymia were defined, a priori, as at least a 50% improvement from baseline to end point and as a score of no less than 12 at end point in the Y-MRS total score, respectively. Safety was assessed using adverse events, Extrapyramidal Symptom (EPS) rating scales, laboratory values, electrocardiograms, vital signs, and weight change. RESULTS: Olanzapine-treated patients demonstrated a statistically significant greater mean (+/- SD) improvement in Y-MRS total score than placebo-treated patients (-14.8 +/- 12.5 and -8.1 +/- 12.7, respectively; P<.001), which was evident at the first postbaseline observation 1 week after randomization and was maintained throughout the study (last observation carried forward). Olanzapine-treated patients demonstrated a higher rate of response (65% vs 43%, respectively; P =.02) and euthymia (61% vs 36%, respectively; P =. 01) than placebo-treated patients. There were no statistically significant differences in EPSs between groups. However, olanzapine-treated patients had a statistically significant greater mean (+/- SD) weight gain than placebo-treated patients (2.1 +/- 2.8 vs 0.45 +/- 2.3 kg, respectively) and also experienced more treatment-emergent somnolence (21 patients [38.2%] vs 5 [8.3% ], respectively). CONCLUSION: Olanzapine demonstrated greater efficacy than placebo in the treatment of acute bipolar mania and was generally well tolerated.",E,E,exclude,exclude,0.99,0.0,1.0,0.11,0.81,0.6,0.85,0.05,0.4,0.03,0.02,0.01,537.9097149707377,2300,9.66e-05,True,,cohen_adhd_r2_ship
81,7514366,7514366,exclude,Risperidone in the treatment of schizophrenia.,"OBJECTIVE: The purpose of this study was to investigate the safety and efficacy  of risperidone in the treatment of schizophrenic patients and determine its optimal dose. METHOD: This double-blind study included 388 schizophrenic patients drawn from 20 sites in the United States. Patients were randomly assigned to 8 weeks' treatment with placebo, one of four doses of risperidone (2, 6, 10, or 16 mg), or 20 mg of haloperidol daily. RESULTS: Clinical improvement (20% reduction in total scores on the Positive and Negative Syndrome Scale for Schizophrenia) at the study end point was shown by 35% of the patients receiving 2 mg of risperidone, 57% receiving 6 mg, 40% receiving 10 mg, and 51% receiving 16 mg; and by 30% receiving haloperidol and 22% receiving placebo. Statistically significant differences in clinical improvement were found between 6 and 16 mg of risperidone versus placebo and versus haloperidol. Positive symptom scores were significantly lower after 6, 10, and 16 mg of risperidone and 20 mg of haloperidol than placebo; negative symptom scores, however, were reduced significantly, compared with placebo, only after 6 and 16 mg of risperidone. The incidence of extra-pyramidal side effects (measured by the Extrapyramidal Symptom Rating Scale) was significantly higher in patients treated with 16 mg of risperidone or 20 mg of haloperidol than placebo. The results indicate that the optimal daily dose of risperidone for most schizophrenic patients in this study was 6 mg; this dose was as effective as 16 mg, and the incidence of extrapyramidal symptoms in patients receiving 6 mg of risperidone was no higher than that in patients receiving placebo. CONCLUSIONS: Risperidone is a safe antipsychotic that is effective against both the positive and negative symptoms of schizophrenia.",E,E,exclude,exclude,0.99,0.0,1.0,0.1,0.7,0.53,0.81,0.05,0.35,0.05,0.03,0.01,573.9338099956512,2277,9.5634e-05,True,,cohen_adhd_r2_ship
82,12659615,12659615,exclude,Clinical trial response and dropout rates with olanzapine versus risperidone.,"BACKGROUND: In schizophrenia, comparing treatment dropouts between olanzapine and  risperidone can be useful to better understand their relative effectiveness. OBJECTIVE: To analyze the differences in the rates of dropout from clinical trials and response between these 2 antipsychotics. METHODS: Literature search was based on MEDLINE (1966-May 2002). Analysis 1 included 4 randomized studies (838 patients), analysis 2 included 2 randomized studies (n = 716), and analysis 3 assessed 5 clinical studies for olanzapine (n = 928) and 3 for risperidone (n = 290). Odds ratios were estimated by the fixed-effect model. RESULTS: The risk of treatment discontinuation (analysis 1) was significantly greater for risperidone than for olanzapine (42% vs. 33%, respectively). The response rates were identical for the 2 drugs (analysis 2). A slightly better pattern of maintenance of response was found for olanzapine (analysis 3). CONCLUSIONS: The pattern of dropout and maintenance of remission seems to be better controlled for olanzapine than for risperidone.",E,E,exclude,exclude,0.99,0.01,0.99,0.12,0.85,0.67,0.89,0.09,0.38,0.05,0.03,0.01,586.7253951728344,2083,8.748600000000001e-05,True,,cohen_adhd_r2_ship
83,10819701,10819701,exclude,Oral clonidine in postmenopausal patients with breast cancer experiencing  tamoxifen-induced hot flashes: a University of Rochester Cancer Center Community Clinical Oncology Program study.,"BACKGROUND: Hot flashes are the most frequently reported side effect of tamoxifen  treatment. Although hormones are an effective treatment, their safety is questionable in women with breast cancer. It is therefore important to evaluate nonhormonal treatments for hot flashes. OBJECTIVE: To evaluate the effectiveness of oral clonidine for control of hot flashes associated with tamoxifen therapy in postmenopausal women with breast cancer. DESIGN: Randomized, double-blind, placebo-controlled clinical trial. SETTING: University of Rochester Cancer Center Community Clinical Oncology Program. PATIENTS: 194 postmenopausal women with breast cancer who were receiving adjuvant tamoxifen therapy. INTERVENTION: Oral clonidine hydrochloride, 0.1 mg/d, or placebo for 8 weeks. MEASUREMENTS: In a daily diary, patients recorded number, duration, and severity of hot flashes and overall quality-of-life score (on a 10-point scale) during a 1-week baseline period and during the 4th, 8th, and 12th weeks of the study. RESULTS: Patients in the placebo and treatment groups were similar in age, duration of tamoxifen use, reported frequency and duration of hot flashes at baseline, and dropout rates. One hundred forty-nine patients completed 12 weeks of follow-up. The mean decrease in hot flash frequency was greater in the clonidine group than in the placebo group after 4 weeks of treatment (37% compared with 20% [95% CI for difference, 7% to 27%]) and 8 weeks of treatment (38% compared with 24% [CI for difference, 3% to 27%]). Patients receiving clonidine were more likely than patients receiving placebo to report difficulty sleeping (41% compared with 21%; P = 0.02). A significant difference was seen in the mean change in quality-of-life scores (0.3 points in the clonidine group compared with -0.2 points in the placebo group; P = 0.02) at 8 weeks, although the median difference was 0 in both groups. CONCLUSION: Oral clonidine, 0.1 mg/d, is effective against tamoxifen-induced hot flashes in postmenopausal women with breast cancer.",E,E,exclude,exclude,0.99,0.01,0.99,0.06,0.81,0.61,0.85,0.04,0.38,0.03,0.03,0.01,497.8017671965063,2333,9.7986e-05,True,,cohen_adhd_r2_ship
84,11147929,11147929,exclude,Clozapine-induced agranulocytosis and hereditary polymorphisms of clozapine  metabolizing enzymes: no association with myeloperoxidase and cytochrome P4502D6.,"The pathomechanisms of most drug-induced agranulocytoses are unclear; however,  there are some studies pointing to genetic determinants. Some drug-induced agranulocytoses such as clozapine-induced agranulocytosis (CA) may be regarded as an idiosyncratic drug reaction because of its preclinical and clinical characteristics. To study some aspects of the genetic background of CA further, polymorphisms of specific metabolizing enzyme systems of clozapine were examined. Thirty-one schizophrenic patients with CA and 77 schizophrenic comparison subjects without this adverse effect underwent genotyping of a recently discovered G(-463)A polymorphism of myeloperoxidase (MPO) gene and cytochrome P4502D6. Neither the MPO mutation nor specific genotypes of cytochrome P4502D6 were associated with CA. Both were equally distributed among CA patients and controls. Thus, our data suggest lack of evidence of an association of CA and genetically variable activity of these specific drug metabolizing enzymes; however, this may be due to statistical reasons only. Thus, further studies with greater CA samples are necessary to draw final conclusions about these genetically based hypotheses.",E,E,exclude,exclude,1.0,0.0,1.0,0.15,0.61,0.46,0.74,0.07,0.41,0.04,0.14,0.01,598.3787500299513,2120,8.904e-05,True,,cohen_adhd_r2_ship
85,12153826,12153826,exclude,"Double-blind, placebo-controlled study of risperidone for the treatment of  disruptive behaviors in children with subaverage intelligence.","OBJECTIVE: The short-term efficacy and safety of risperidone in the treatment of  disruptive behaviors was examined in a well-characterized cohort of children with subaverage intelligence. METHOD: In this 6-week, multicenter, double-blind, parallel-group study of 118 children (aged 5-12 years) with severely disruptive behaviors and subaverage intelligence (IQ between 36 and 84, inclusive), the subjects received 0.02-0.06 mg/kg per day of risperidone oral solution or placebo. The a priori primary efficacy measure was the change in score from baseline to endpoint on the conduct problem subscale of the Nisonger Child Behavior Rating Form. RESULTS: The risperidone group showed significantly greater improvement than did the placebo group on the conduct problem subscale of the Nisonger Child Behavior Rating Form from week 1 through endpoint (change in score of -15.2 and -6.2, respectively). Risperidone was also associated with significantly greater improvement than placebo on all other Nisonger Child Behavior Rating Form subscales at endpoint, as well as on the Aberrant Behavior Checklist subscales for irritability, lethargy/social withdrawal, and hyperactivity; the Behavior Problems Inventory aggressive/destructive behavior subscale; a visual analogue scale of the most troublesome symptom; and the Clinical Global Impression change score. The most common adverse effects reported during risperidone treatment were headache and somnolence. The extrapyramidal symptom profile of risperidone was comparable to that of placebo. Mean weight increases of 2.2 kg. and 0.9 kg occurred in the risperidone and placebo groups, respectively. CONCLUSIONS: Risperidone was effective and well tolerated for the treatment of severely disruptive behaviors in children with subaverage IQ.",E,E,exclude,exclude,0.33,0.33,0.67,0.12,0.87,0.78,0.91,0.04,0.41,0.03,0.02,0.02,473.11839601024985,2229,9.3618e-05,True,,cohen_adhd_r2_ship
86,9293649,9293649,exclude,Comparison of epidural butorphanol plus clonidine with butorphanol alone for  postoperative pain relief.,"BACKGROUND: Epidural butorphanol has been shown to produce effective analgesia  with less side effects than that of morphine but relatively short duration. Clonidine, an alpha 2-adrenergic agonist, has been reported to provide [corrected] pain relief by epidural administration. Furthermore, epidural clonidine has been shown to potentiate the analgesic effect of epidural morphine. The present study was undertaken to evaluate the analgesic and side effects of epidural administration (Ep) of butorphanol and clonidine. METHODS: After giving their consents, 60 adult patients scheduled for abdominal surgeries were enrolled in this study. Prior to anesthesia induction, indwelling lumbar epidural catheters were placed in all patients who then received general anesthesia with inhalation anesthetic without narcotic analgesics. In the postoperative period, when the patients first complained of pain, they were divided into 2 equal groups of 30 patients each in a randomized and double blinded fashion with Group I receiving Ep butorphanol 0.5 mg and Group II receiving Ep butorphanol 0.5 mg plus clonidine 75 micrograms. All patients were observed for pain relief, sedation, vital signs, arterial blood gas studies and adverse effects for 12 h. RESULTS: Onset of pain relief with epidural butorphanol began at 5 min and peaked at 20-30 min with a duration of action lasting 4-6 h. The combination of butorphanol and clonidine had numerically superior pain relief than that of butorphanol for the first 30 min but it did not attain statistical significant difference. The duration of action with the combination group was similar to that of butorphanol alone. Incidence of adverse effects were similar in both groups except that hypotension and more pronounced sedation were observed in Group II. CONCLUSIONS: Our study showed that the addition of clonidine to epidural butorphanol did not enhance its analgesic effect in any significant manner nor did it reduce the adverse effects. This combination does not seem to offer any advantage for clinical use.",E,E,exclude,exclude,1.0,0.0,1.0,0.06,0.65,0.56,0.88,0.06,0.39,0.03,0.02,0.02,513.2328269537538,2302,9.6684e-05,True,,cohen_adhd_r2_ship
87,10637679,10637679,exclude,In the wake of the MTA: charting a new course for the study and treatment of  children with attention-deficit hyperactivity disorder.,"This paper considers 3 questions addressed by the National Institute of Mental  Health's Collaborative Multimodal Treatment Study of Children With Attention-Deficit Hyperactivity Disorder (ADHD), the MTA study, of pharmacological and behavioural interventions for 7- to 9-year-old ADHD children. First, do behavioural interventions represent a viable treatment option for families of children with ADHD? Second, what are the relative benefits of behavioural and pharmacological interventions? Finally, are there advantages to combining behavioural and pharmacological interventions for children with ADHD? In the absence of secondary analyses, the MTA's primary intent-to-treat analyses released to date are difficult to interpret. While behavioural interventions represented a viable option for many families, the doses achieved via systematic titration and follow-up medication-management protocols yielded larger effect sizes on unblinded primary symptom reports than did behavioural treatments or the medication management used by most families in the community control conditions. Finally, while combined medication and behavioural management demonstrates some benefits, a more definitive conclusion awaits a detailed presentation of secondary analyses and follow-up data.",5,5,include,exclude,0.89,0.94,0.06,0.82,0.32,0.78,0.76,0.52,0.37,0.05,0.03,0.02,572.4934658501297,2061,8.656200000000002e-05,True,,cohen_adhd_r2_ship
88,11967475,11967475,include,A review of the pharmacotherapy of adults with attention-deficit/hyperactivity  disorder.,"OBJECTIVE: Despite the increasing recognition of attention deficit hyperactivity  disorder (ADHD) in adults, the use of pharmacotherapeutics remains less established. METHODS: A systematic review of the literature identified 15 studies (N = 435 subjects) of stimulants, and 22 studies of non-stimulant medications (N = 421 subjects) including antidepressants, antihypertensives, amino acids, and wake-promoting agents for the treatment of ADHD in adults. RESULTS: Studies with stimulants and antidepressants demonstrated significant short-term improvement in ADHD symptoms compared to placebo in adults. Methylphenidate (MPH) and amphetamine had an immediate onset of action whereas the ADHD response to pemoline and antidepressants appeared delayed. The response to amphetamine and MPH appears to be dose-dependent. Controlled data on nicotonic and noradrenergic compounds appear promising. There was considerable variability in diagnostic criteria, dosing parameters, and response rates between the various studies. CONCLUSIONS: Under controlled conditions, the aggregate literature shows that the stimulants and noradrenergic antidepressants had a clinically and statistically significant beneficial effect on treating ADHD in adults.",I,I,include,include,0.99,0.99,0.01,0.85,0.9,0.85,0.86,0.14,0.46,0.06,0.03,0.02,606.6457370761782,2088,8.769600000000001e-05,True,,cohen_adhd_r2_ship
89,10505585,10505585,exclude,"Controlled, double-blind investigation of the clozapine discontinuation symptoms  with conversion to either olanzapine or placebo. The Collaborative Crossover Study Group.","The abrupt appearance of clozapine discontinuation symptoms represents a  particularly unique situation that has not been characterized in a double-blind, placebo-controlled trial. A randomized, double-blind comparison of placebo (N = 53) and olanzapine 10 mg (N = 53) for 3 to 5 days following the abrupt discontinuation of clozapine (< 300 mg/day) was carried out. Subjects were assessed with the Positive and Negative Syndrome Scale (PANSS), the Clinical Global Impression Scale of Severity, the Montgomery-Asberg Depression Rating Scale (MADRS), and the Mini-Mental State Evaluation. Subsequently both groups received open-label olanzapine (10-25 mg/day) for an additional 9 weeks. Statistically significantly more placebo-treated (24.5%) than olanzapine-treated (7.5%) patients experienced clozapine discontinuation symptoms (p = 0.017). Core symptoms included delusions, hallucinations, hostility, and paranoid reaction and translated into a significantly higher worsening from baseline on the PANSS total, PANSS General Psychopathology subscale, and MADRS among subjects randomly assigned to receive placebo. After open-label treatment with olanzapine for 9 weeks, both groups were clinically stable, suggesting that the discontinuation symptoms were transient. However, subjects who had been randomly assigned to the 3- to 5-day placebo discontinuation segment achieved somewhat less global clinical improvement. Although a pharmacologic interpretation is speculative, evidence of a clozapine discontinuation syndrome was apparent. In most cases, the direct substitution of a pharmacologically similar agent (olanzapine) prevented the syndrome. Clozapine discontinuation or noncompliance should be considered in the differential assessment of an acutely emergent psychosis. The possibility that subjects who experience a clozapine discontinuation syndrome may take longer or are less likely to clinically restabilize warrants further investigation.",E,E,exclude,exclude,0.98,0.01,0.99,0.13,0.71,0.65,0.88,0.07,0.39,0.04,0.03,0.01,530.8595639653504,2289,9.6138e-05,True,,cohen_adhd_r2_ship
90,12424551,12424551,exclude,Effects of stimulant medications on the EEG of children with  attention-deficit/hyperactivity disorder.,"RATIONALE: Stimulant medications are the most commonly used treatments for  attention deficit/hyperactivity disorder (ADHD) in North America and Australia, although it is still not entirely known how these medications work. OBJECTIVES: This study aimed to investigate the effects of stimulant medications on the EEG of children with the Combined subtype of ADHD. METHOD: An initial EEG was recorded during an eyes-closed resting condition and Fourier transformed to provide absolute and relative power estimates for the delta, theta, alpha and beta bands. Theta/alpha and theta/beta ratios were also calculated. Subjects were placed on a 6-month trial of a stimulant and a second EEG was recorded at the end of the trial. RESULTS: The ADHD group had significantly greater absolute delta and theta, less posterior absolute beta, more relative theta, and less relative alpha than the control group, which is typical of EEG studies of children with ADHD. The use of stimulant medications resulted in normalisation of the EEG, primarily evident in changes in the theta and beta bands. CONCLUSIONS: These results suggest that stimulants act to increase cortical arousal in children with ADHD, normalising their brain activity.",2,2,exclude,exclude,0.97,0.01,0.99,0.89,0.75,0.44,0.61,0.06,0.5,0.03,0.86,0.02,590.3608021326363,2072,8.7024e-05,True,,cohen_adhd_r2_ship
91,12042201,12042201,exclude,"Olanzapine-induced weight gain in patients with first-episode schizophrenia: a  double-blind, placebo-controlled study of fluoxetine addition.","OBJECTIVE: Since olanzapine-induced weight gain may be attributable to the  antagonistic activity of olanzapine at the serotonin-2C receptor, the authors hypothesized that it might be attenuated by addition of the selective serotonin reuptake inhibitor fluoxetine. METHOD: First-episode hospitalized schizophrenia patients (N=30) were randomly assigned in an 8-week double-blind study of olanzapine, 10 mg/day, coadministered with either fluoxetine, 20 mg/day (N=15), or placebo (N=15). RESULTS: The group receiving olanzapine plus fluoxetine showed significantly less improvement in positive and disorganized symptom dimensions than the group receiving olanzapine plus placebo. The two groups demonstrated similar and substantial gradual weight gains. CONCLUSIONS: These results suggest that fluoxetine coadministration is clinically ineffective and cannot attenuate olanzapine-induced weight gain.",E,E,exclude,exclude,0.99,0.0,1.0,0.16,0.77,0.54,0.87,0.05,0.36,0.03,0.03,0.01,477.66422177664936,2044,8.5848e-05,True,,cohen_adhd_r2_ship
92,7978437,7978437,exclude,Balanced postoperative analgesia: effect of intravenous clonidine on blood gases  and pharmacokinetics of intravenous fentanyl.,"Agonist interactions in antinociceptive effects between clonidine and opioids can  be used to reduce opioid requirements in surgical patients. However, clonidine can cause marked sedation and associated respiratory dysfunction. Thus, the benefit of using clonidine to reduce opioid use on respiration is questionable. This double-blind randomized study compared the analgesic efficacy, arterial blood gases, and pharmacokinetics of an intravenous (IV) infusion of fentanyl 75 micrograms/h and a mixture of fentanyl 25 micrograms/h plus clonidine 0.3 micrograms.kg-1.h-1 in 32 healthy young adults after surgery for scoliosis correction. Oxygen saturation (FIO2: 0.21) and respiratory rate were monitored as well as supplemental analgesia demands (IV ketoprofen via a patient-controlled device), pain, sedation, and hemodynamics. Oxygen and naloxone (5 micrograms.kg-1.min-1) were administered, respectively, if more than three episodes of oxygen saturation less than 90% were observed within 10 min and if PaCO2 was higher than 50 mm Hg. Pain relief, sedation, and ketoprofen requirements were similar in both groups. The number of episodes of arterial desaturation less than 90% (> 20 s) was 106 for four patients in the fentanyl group (versus none in the clonidine-fentanyl group). Naloxone was required in six patients and oxygen in two patients of the fentanyl group (versus none in the group receiving clonidine). Dopamine, 10 micrograms.kg-1.min-1, was required in one patient of the clonidine-fentanyl group to correct hypotension. Mean arterial blood pressure, plasma clearance, and the elimination rate constant of fentanyl were lower in the clonidine-fentanyl group than in the fentanyl group.(ABSTRACT TRUNCATED AT 250 WORDS)",E,E,exclude,exclude,1.0,0.0,1.0,0.09,0.72,0.37,0.8,0.05,0.42,0.03,0.05,0.02,522.8571170009673,2271,9.5382e-05,True,,cohen_adhd_r2_ship
93,9892301,9892301,exclude,Olanzapine versus haloperidol treatment in first-episode psychosis.,"OBJECTIVE: It has been hypothesized that the morbidity and mortality associated  with schizophrenia can be prevented by providing effective treatment during the first episode of psychosis. Hence, the authors examined patients with first-episode psychosis to determine the efficacy and safety of olanzapine and haloperidol treatment. METHOD: A subpopulation of first-episode patients (N=83) from a large prospective, multicenter, international, double-blind, 6-week acute treatment study was evaluated. These patients were selected from a pool of 1,996 patients who had a DSM-III-R diagnosis of schizophrenia, schizoaffective disorder, or schizophreniform disorder and who also met the following criteria: 1) the length of their current psychotic episode had to be 5 or fewer years, and 2) patients had to be 45 years of age or younger at onset of first psychotic symptoms. RESULTS: Compared to haloperidol, olanzapine showed a statistically significantly greater reduction in the Brief Psychiatric Rating Scale (BPRS) total and negative scores and in the Positive and Negative Syndrome Scale total and positive scores. Clinical response (defined as 40% or greater improvement in BPRS total score from baseline) was also statistically significantly higher in olanzapine-treated patients (67.2%) than in haloperidol-treated patients (29.2%). Olanzapine-treated patients further showed statistically significant improvements in the Simpson-Angus scale and Barnes Akathisia Scale scores, while haloperidol-treated patients showed a worsening on both measures. Compared to olanzapine-treated multiple-episode patients in the parent study, olanzapine-treated first-episode patients achieved an even statistically significantly higher response. Haloperidol-treated first-episode patients experienced statistically significantly more extrapyramidal symptoms than haloperidol-treated multiple-episode patients. CONCLUSIONS: In patients experiencing first-episode psychosis, olanzapine had a risk-benefit profile significantly superior to that of haloperidol. The study results suggest that novel antipsychotic agents such as olanzapine should be considered as a preferred option in first-episode psychosis, on the basis of both safety and efficacy advantages.",E,E,exclude,exclude,1.0,0.0,1.0,0.12,0.63,0.6,0.86,0.05,0.4,0.03,0.02,0.01,543.2987858075649,2315,9.723e-05,True,,cohen_adhd_r2_ship
94,11416103,11416103,exclude,Cancer fatigue: one drug fails but more are in the pipeline.,,E,E,exclude,exclude,1.0,0.0,1.0,0.16,0.12,0.31,0.31,0.78,0.44,0.26,0.16,0.11,617.034835042432,1818,7.635600000000001e-05,True,,cohen_adhd_r2_ship
95,12454566,12454566,exclude,Dosing strategies of clozapine-fluvoxamine cotreatment.,,E,E,exclude,exclude,0.94,0.03,0.97,0.1,0.56,0.3,0.37,0.62,0.48,0.65,0.15,0.05,490.82536390051246,1820,7.643999999999999e-05,True,,cohen_adhd_r2_ship
96,8973026,8973026,exclude,Effects of an educational intervention on mothers of male children with attention  deficit hyperactivity disorder.,"An experimental research study was done to determine whether an educational  intervention about attention deficit hyperactivity disorder (ADHD) would improve a mother's knowledge about ADHD and her feelings of competence as a parent. 20 low socioeconomic status mothers who had a male child between the ages of 5 and 11 diagnosed with ADHD and placed on methylphenidate were randomly selected for the study. An experimental group of 10 mothers was given a 5-week educational intervention on ADHD; the remaining 10 mothers served as a control group. Differences between the experimental and non-experimental mothers in knowledge and opinions about ADHD and parental sense of competency were measured. Scores improved in parental satisfaction and parental sense of competency in mothers who participated in the educational intervention. The research findings support the idea that nurses can assist a family in learning and dealing with their child's ADHD, a chronic condition.",2,2,exclude,exclude,0.79,0.1,0.9,0.77,0.91,0.81,0.73,0.04,0.44,0.02,0.01,0.01,620.5223300494254,2006,8.4252e-05,True,,cohen_adhd_r2_ship
97,9673473,9673473,exclude,Effects of 0.5% and 0.25% apraclonidine on postoperative intraocular hypertension  after cataract extraction.,"PURPOSE: We conducted a double-masked, prospective study to evaluate the effect  of 0.5% and 0.25% apraclonidine on postoperative intraocular pressure (IOP) in patients undergoing extracapsular cataract extraction (ECCE) with intraocular lens (IOL) implantation. METHODS: Fifty-four patients scheduled for ECCE were randomly divided into three groups of 18. The first group received one drop of 0.50% apraclonidine topically one hour before surgery and immediately after the end of the procedure. The second group received the same regimen but with 0.25% apraclonidine. The third group received artificial tears as the control group. IOP was measured 12 h preoperatively and 6 and 24 h postoperatively. All the measurements were made using the same Goldmann applanation tonometer by the same surgeon who did not know to which group the patient belonged. RESULTS: Preoperative mean IOP was 13.66 +/- 2.76 mmHg in the first group, 14.27 +/- 2.24 mmHg in the second and 14.5 +/- 1.34 mmHg in the control group. The differences were not significant (p = 0.398). Mean IOP at the early postoperative visit (6 h) was significantly lower in the first group (17.44 +/- 4.95 mmHg) than the second (21.78 +/- 7.19 mmHg) and the control group (24.55 +/- 5.65 mmHg) (p < 0.001). Mean postoperative IOP at 24 h was again significantly lower in the first group (14.33 +/- 3.75 mmHg) than the second (17.11 +/- 4.16 mmHg) and the control group (19.61 +/- 3.20 mmHg) (p, 0.001). CONCLUSIONS: Our findings indicate that topical 0.5% apraclonidine controlled early postoperative intraocular hypertension after cataract extraction without any side effects, while the 0.25% drops were not effective.",E,E,exclude,exclude,1.0,0.0,1.0,0.06,0.05,0.29,0.85,0.05,0.41,0.03,0.04,0.01,563.9215959236026,2345,9.849e-05,True,,cohen_adhd_r2_ship
98,12523873,12523873,include,The risk of diabetes during olanzapine use compared with risperidone use: a  retrospective database analysis.,"BACKGROUND: The relative risk of diabetes among patients undergoing risperidone  treatment was compared with that of patients receiving olanzapine. METHOD: A cohort was formed of 33,946 patients with at least 1 prescription for either olanzapine (N = 19,153) or risperidone (N = 14,793) between January 1, 1997, and December 31, 1999, recorded in the Regie de l'Assurance Maladie du Quebec database. Patients were excluded if clozapine was dispensed to them during the study period or if they were diagnosed with diabetes before beginning antipsychotic therapy. New diabetes diagnoses made after the first antipsychotic prescription during the period were tabulated until December 31, 1999; censoring occurred at this date or at the last service date, if there was no record of using services during the last 6 months of follow-up. Crude hazard ratio and proportional hazard analyses were carried out. RESULTS: 319 patients developed diabetes on olanzapine treatment, and 217 developed diabetes on risperidone treatment; a crude hazard ratio of 1.08 (95% CI = 0.89 to 1.31, p =.43) was determined. When age, gender, and haloperidol use were controlled for using proportional hazard analysis, there was a 20% increased risk of diabetes with olanzapine relative to risperidone (95% CI = 0% to 43%, p =.05). Proportional hazard analyses adjusted for duration of olanzapine exposure indicated that the first 3 months of olanzapine treatment was associated with an increased risk of diabetes of 90% (95% CI = 40% to 157%, p <.0001), after adjusting for age, gender, and haloperidol use. CONCLUSION: Compared with risperidone, olanzapine was associated with an increased risk of developing diabetes. More studies are required to further investigate this association.",I,I,exclude,exclude,0.98,0.01,0.99,0.13,0.71,0.6,0.88,0.05,0.37,0.03,0.04,0.01,498.3758029993624,2295,9.639e-05,False,,cohen_adhd_r2_ship
99,12019668,12019668,exclude,"A retrospective comparison of weight, lipid, and glucose changes between  risperidone- and olanzapine-treated inpatients: metabolic outcomes after 1 year.","BACKGROUND: Metabolic side effects have been increasingly noted during therapy  with novel antipsychotics, but there is a dearth of comprehensive comparative data in this area. The goal of this retrospective study was to examine the changes in weight parameters, fasting glucose, and fasting lipids in long-term inpatients treated with either risperidone or olanzapine. METHOD: A retrospective study was performed by reviewing charts of patients at Oregon State Hospital, Salem, who were treated during July and August 1999, comparing metabolic outcomes during the first year of therapy with either risperidone or olanzapine. Data were analyzed also by age, sex, and concurrent use of lithium or valproate. Included for analysis were patients at least 18 years old with baseline weights obtained within 3 weeks of drug initiation, and baseline fasting triglycerides, cholesterol, and glucose obtained within 3 months prior to drug initiation and at 1 year of treatment (+/- 4 weeks). The patients meeting these criteria in each drug cohort (risperidone, N = 47; olanzapine, N = 47) included 1 patient with diagnosed diabetes mellitus prior to onset of treatment. RESULTS: Among those patients under 60 years old, olanzapine patients (N = 37) experienced significantly greater increases at 1 year in all metabolic parameters than the risperidone group (N = 39), except for weight variables: triglycerides +104.8 mg/dL (olanzapine) versus +31.7 mg/dL (risperidone) (p = .037); cholesterol +30.7 mg/dL (olanzapine) versus +7.2 mg/dL (risperidone) (p = .004); glucose +10.8 mg/dL (olanzapine) versus +0.74 mg/dL (risperidone) (p = .030). Patients under 60 years of age with concurrent use of lithium or valproate were associated with greater weight gain in both drug groups, but this difference was statistically significant only for the olanzapine cohort. Neither weight change nor use of lithium or valproate was associated with increases in glucose or lipids among those under 60 years old for either drug. CONCLUSION: Olanzapine therapy is associated with significantly greater increases in fasting glucose and lipid levels for nongeriatric adult patients than risperidone, and the increases are not correlated with changes in weight parameters. Appropriate monitoring of fasting glucose and serum lipid levels should be considered during extended treatment with atypical antipsychotics.",E,E,exclude,exclude,0.99,0.01,0.99,0.11,0.84,0.54,0.86,0.05,0.33,0.03,0.05,0.01,488.4291070047766,2410,0.00010122,True,,cohen_adhd_r2_ship
100,11910256,11910256,exclude,"The safety and pharmacokinetics of quetiapine when coadministered with  haloperidol, risperidone, or thioridazine.","The effects of haloperidol, risperidone, and thioridazine on the pharmacokinetics  and side-effect profile of quetiapine were investigated in 36 patients with schizophrenia, schizoaffective disorder, or bipolar disorder in a single-center, two-period, multiple-dose, open-label, randomized trial. Over a one-to two-week period, quetiapine doses were escalated to 300 mg twice daily (bid). Patients were then treated for at least 7 days at the target quetiapine dose and subsequently entered into the combination therapy period, receiving haloperidol (7.5 mg, bid), risperidone (3 mg, bid), or thioridazine (200 mg, bid) for 8.5 days (after 3 days of dose escalation). Key assessments included the pharmacokinetics of quetiapine at steady state (area under the curve within a dosing interval [AUCtSS], maximum [CmaxSS], and minimum [CminSS] observed plasma concentrations, and oral clearance [Cl/f]), as well as the UKU Side Effect Rating Scale scores and safety evaluations. Neither risperidone nor haloperidol had significant effects on quetiapine pharmacokinetics. However, thioridazine produced statistically significant changes, decreasing the least squares means values of the AUCtSS, CmaxSS, and CminSS by 40%, 47%, and 31%, respectively, and increasing Cl/f by 68%. Increases in the following adverse events were noted during coadministration: somnolence (risperidone), insomnia and dry mouth (all three coadministered therapies), and dizziness (thioridazine). UKU side effect items that became worse in >or= 25% of patients during each coadministration period included sedation and increased sleep duration. Results of laboratory tests, electrocardiograms, and vital sign measurements revealed few clinically important changes. Clinical stability can be maintained with good tolerability during the transition from quetiapine monotherapy to periods of coadministration with haloperidol, risperidone, or thioridazine. Coadministration of either haloperidol or risperidone did not have any important effects on the steady-state pharmacokinetics of quetiapine. Thioridazine significantly increased the oral clearance of quetiapine. Increased doses of quetiapine may be necessary to control psychotic symptoms when thioridazine is coadministered with quetiapine.",E,E,exclude,exclude,1.0,0.0,1.0,0.15,0.53,0.57,0.69,0.06,0.43,0.06,0.04,0.01,537.4048489611596,2408,0.000101136,True,,cohen_adhd_r2_ship
101,12562576,12562576,exclude,"Attenuation of olanzapine-induced weight gain with reboxetine in patients with  schizophrenia: a double-blind, placebo-controlled study.","OBJECTIVE: Since increased norepinephrine availability may account for the  weight-reducing effect of appetite suppressants, the authors hypothesized that the addition of the selective norepinephrine reuptake inhibitor reboxetine may prevent or attenuate olanzapine-induced weight gain. METHOD: Twenty-six patients hospitalized for first-episode DSM-IV schizophrenic disorder participated in the study. In addition to 6 weeks of treatment with olanzapine, 10 mg/day, patients were randomly allocated in a double-blind design to receive either reboxetine, 4 mg/day, (N=13) or placebo (N=13). RESULTS: Ten patients in each group completed the 6-week trial. Patients given olanzapine and reboxetine demonstrated a significantly lower increase in body weight (mean=2.5 kg, SD=2.7) than those given olanzapine and placebo (mean=5.5 kg, SD=3.1). Significantly fewer patients in the olanzapine/reboxetine group (N=2 of 10) than in the olanzapine/placebo group (N=7 of 10) gained at least 7% of their initial weight, the cutoff for clinically significant weight gain. The addition of reboxetine to olanzapine treatment was safe and well tolerated by the patients. A between-group difference in the reduction of Hamilton depression scale scores was seen that favored the olanzapine/reboxetine group (mean difference=-3.1, SD=1.25). CONCLUSIONS: The selective norepinephrine reuptake inhibitor reboxetine may reduce olanzapine-induced weight gain in schizophrenia patients, and activation of the adrenergic system may attenuate weight gain induced by atypical antipsychotic agents.",E,E,exclude,exclude,0.97,0.01,0.99,0.17,0.8,0.56,0.89,0.05,0.39,0.03,0.04,0.01,605.782698141411,2224,9.3408e-05,True,,cohen_adhd_r2_ship
102,12590630,12590630,exclude,Combination therapy: is clinical practice leading the way?,,5,5,include,exclude,0.2,0.6,0.4,0.31,0.25,0.46,0.4,0.61,0.51,0.28,0.26,0.16,634.700195165351,1816,7.6272e-05,True,,cohen_adhd_r2_ship
103,7542829,7542829,exclude,Risperidone versus zuclopenthixol in the treatment of acute schizophrenic  episodes: a double-blind parallel-group trial.,"A double-blind, randomized, multi-center, parallel-group study was conducted in  Finland to compare the efficacy and safety of risperidone with zuclopenthixol in patients with acute exacerbations of schizophrenia or schizophreniform disorder. Ninety-eight patients were randomly assigned to treatment with risperidone (n = 48) or zuclopenthixol (n = 50), in variable doses, for 6 weeks. The mean daily doses of risperidone and zuclopenthixol at the end of the trial were 8 mg and 38 mg respectively. Efficacy was assessed throughout by the Positive and Negative Syndrome Scale for schizophrenia and Clinical Global Impression. Safety assessments included the Extrapyramidal Symptom Rating Scale, UKU Side-Effect Rating Scale, vital signs, body weight and laboratory screening. The results indicate that risperidone is at least as effective as zuclopenthixol for the treatment of acute schizophrenic episodes, with a trend towards greater improvement in the overall severity of symptoms. The onset of action was significantly shorter with risperidone than with zuclopenthixol. Although the general tolerability of the two drugs was comparable, fewer patients experienced extrapyramidal symptoms with risperidone, so that significantly fewer risperidone-treated patients required antiparkinsonian medication.",E,E,exclude,exclude,0.99,0.0,1.0,0.13,0.73,0.71,0.88,0.04,0.37,0.03,0.02,0.01,467.6257511600852,2134,8.9628e-05,True,,cohen_adhd_r2_ship
104,12653410,12653410,exclude,Smoking withdrawal dynamics: II. Improved tests of withdrawal-relapse relations.,"In this article, the authors assessed whether continuously scaled symptom  parameters derived from growth models (T. M. Piasecki et al., 2003) are linked to smoking at long-term follow-up by using data from a large-scale clinical trial (N = 893). Results revealed that higher withdrawal intercepts, positive linear slopes, and greater volatility were all positively associated with relapse, and cigarette coefficients (indicating smoking-induced withdrawal reduction) were negatively related to relapse. In models keyed around the first lapse to smoking, those destined to lapse reported more severe withdrawal during abstinence, and withdrawal patterns discriminated groups defined according to lapse duration. The findings complement earlier heterogeneity studies in implicating the pattern of changing withdrawal symptoms over time as a factor strongly associated with smoking relapse.",E,E,exclude,exclude,1.0,0.0,1.0,0.08,0.04,0.5,0.87,0.04,0.4,0.03,0.05,0.01,552.2808521054685,1987,8.3454e-05,True,,cohen_adhd_r2_ship
105,11322056,11322056,exclude,"[Reduction of ocular pulse amplitude by apraclonidine--prospective double-blind,  randomized clinical trial with 10 subjects].","BACKGROUND: The alpha-agonist Apraclonidin lowers effective intraocular pressure.  Ischemia gains increasing importance in the pathogenesis of glaucoma. Therefore, an antiglaucomatous drug should also be investigated in regard of its influence on ocular hemodynamics. METHODS: In a double masked, randomized, clinical trial 0.5% Apraclonidin eye drops were applied in 10 health subjects twice daily for 8 days. The control group (10 healty volunteers) received a placebo medication (0.9% NaCI) according to the same protocol. IOP, heart rate, blood pressure and ocular pulse amplitudes (OBF Labs, UK) were measured at baseline (1T0), 90 minutes after instillation of one eye drop (1T90), after 7 days of therapy (8T0) and again 90 minutes after an acute instillation (8T90). For statistical analysis the wilcoxon test for paried samples was used. RESULTS: In Apraclonindin treated subjects IOP dropped significantly (P<0.01) from 15.6 mm Hg to 11.4/12.4/10.3 mm Hg (1T0/1T90/8T0/8T90. The control group showed a significant reduction at 1T90 (p + 0.01)and at 8T90 (p = 0.005) from 3.22 mm Hg to 2.48/31/2.35 mm Hg (1T0/1T90/8T0/8T90), in the control group the pulse amplitude remained constant. CONCLUSION: After one week of therapy with 0.5% Apralonidin, intraocular pressure dropped as expected in health volunteers. The observed reduction in pulse amplitudes in pulse amplitudes however could have a negative effect on long-term therapy in patients with chronic open-angle glaucoma .",E,E,exclude,exclude,1.0,0.0,1.0,0.07,0.03,0.27,0.8,0.08,0.43,0.04,0.16,0.02,489.1021591611207,2279,9.5718e-05,True,,cohen_adhd_r2_ship
106,14592280,14592280,exclude,Effects of modafinil on sustained attention performance and quality of life in  OSA patients with residual sleepiness while being treated with nCPAP.,"BACKGROUND: Some patients with obstructive sleep apnea/hypopnea syndrome (OSA/HS)  who are regular users of nasal continuous positive airway pressure (nCPAP) therapy continue to experience daytime sleepiness that impairs performance and quality of life. A randomized, double-blind, placebo-controlled, parallel-group study was conducted to determine the effect of modafinil on sustained attention performance and functional quality of life in OSA/HS patients with residual daytime sleepiness, who were regular users of nCPAP therapy. METHODS: Seventy-seven patients received modafinil (200 mg/day, week 1; 400 mg/day, weeks 2-4) and 80 patients received matching placebo once daily for 4 weeks. Sustained attention performance on the psychomotor vigilance task (PVT) and functional status and quality of life using the Functional Outcomes of Sleep Questionnaire (FOSQ) were measured. RESULTS: The frequency of lapses of attention during PVT performance was significantly decreased, and both the median and slowest reaction times were significantly improved in patients receiving nCPAP plus modafinil compared with those receiving nCPAP plus placebo (P=0.010 for the number of lapses [transformed], P=0.023 for the median reaction time, and P=0.014 for the reciprocal of the 10% slowest reaction times). Treatment with nCPAP plus modafinil significantly improved the FOSQ total score (weeks 1 and 4), the vigilance subscale score (weeks 1 and 4), and the activity level subscale score (week 4) compared with treatment with nCPAP plus placebo (all P<0.05). CONCLUSIONS: Consistent with previous results for objective and subjective measures of sleepiness, modafinil used adjunctively improved performance on a test of behavioral alertness and reduced functional impairments in patients with OSA/HS who were regular users of nCPAP therapy but still experiencing sleepiness.",E,E,include,exclude,0.03,0.52,0.48,0.12,0.91,0.81,0.9,0.05,0.42,0.03,0.03,0.02,489.5426679868251,2280,9.576e-05,True,,cohen_adhd_r2_ship
107,12042193,12042193,exclude,Beneficial antipsychotic effects of celecoxib add-on therapy compared to  risperidone alone in schizophrenia.,"OBJECTIVE: Abnormalities in the immune system in schizophrenia have been  described. However, important findings such as high levels of activating cytokines in the CSF and signs of CNS inflammation have been controversial. The authors conducted a trial of the new selective cyclooxygenase-2 inhibitor celecoxib, an immunomodulatory drug, in schizophrenic patients to evaluate its therapeutic effects. METHOD: In a prospective, double-blind evaluation, 50 patients with an acute exacerbation of schizophrenia were randomly assigned to either risperidone plus celecoxib or risperidone plus placebo. After a washout period, 25 patients received 2-6 mg/day of risperidone plus placebo and 25 received risperidone plus 400 mg/day of celecoxib for 5 weeks. The treatment effect was calculated by analysis of covariance. There were no significant differences between groups in age, sex, duration or severity of disease or psychopathology, or risperidone dose or plasma level. RESULTS: Over 5 weeks, both groups of patients showed significant improvement in scores on the Positive and Negative Syndrome Scale and on all subscales. However, the celecoxib group showed significantly greater improvement in the total score. CONCLUSIONS: Additional treatment with celecoxib has significant positive effects on the therapeutic action of risperidone with regard to total schizophrenia psychopathology. Moreover, the fact that treatment with an immunomodulatory drug showed beneficial effects on schizophrenia symptoms indicates that immune dysfunction in schizophrenia is not just an epiphenomenon but is related to the pathomechanism of the disorder. However, a nonimmunological therapeutic effect of celecoxib mediated by the N-methyl-D-aspartic acid receptor has to be taken into account.",E,E,exclude,exclude,1.0,0.0,1.0,0.14,0.6,0.3,0.78,0.05,0.35,0.04,0.06,0.01,497.0080959610641,2215,9.303e-05,True,,cohen_adhd_r2_ship
108,12006893,12006893,exclude,Antipsychotic-induced weight gain and therapeutic response: a differential  association.,"This study investigated the association between antipsychotic-induced weight gain  and therapeutic response to haloperidol and three commonly used atypical neuroleptic medications in schizophrenia and schizoaffective disorder. The subjects were 151 patients enrolled in a double-blind experiment with a duration of 14 weeks comparing the therapeutic efficacy of haloperidol (n = 36), clozapine (n = 38), olanzapine (n = 38), and risperidone (n = 39). Absolute and relative (%) gain in body weight and body mass index (BMI) was determined for the entire duration of the double-blind treatment period; therapeutic response was assessed by the total score and the individual subscales of the Positive and Negative Symptom Scale. Compared with the pretreatment baseline, results indicated that for olanzapine and clozapine, therapeutic response was closely related to an absolute and relative gain in weight and to a gain in BMI. No association between weight gain and therapeutic response was found for risperidone and haloperidol. These findings suggest that patients who are likely to have the maximal benefits of olanzapine or clozapine treatment for symptom alleviation are at the highest risk of a clinically significant increase in weight gain.",E,E,exclude,exclude,1.0,0.0,1.0,0.14,0.69,0.52,0.9,0.06,0.31,0.03,0.04,0.01,629.3860641308129,2091,8.7822e-05,True,,cohen_adhd_r2_ship
109,9233740,9233740,exclude,Effects of clonidine on prolonged postoperative sympathetic response.,"OBJECTIVE: Surgical trauma results in diffuse sympathoadrenal activation which is  thought to contribute to perioperative cardiovascular complications in high-risk patients. Regional anesthetic and analgesic techniques can attenuate this ""stress response"" and reduce the occurrence rate of adverse perioperative events; however, their use in the postoperative period is logistically difficult and costly. The present study was undertaken to evaluate whether transdermal administration of the alpha2 adrenergic-receptor agonist, clonidine, can be used as a pharmacologic means of blunting the stress response throughout the perioperative period. DESIGN: Double-blind, placebo-controlled clinical trial in patients undergoing pancreatico-biliary surgery. SETTING: Operating rooms and surgical intensive care unit of a major university teaching hospital. PATIENTS: Forty patients scheduled for major upper abdominal surgery. INTERVENTIONS: Patients received either clonidine (0.2 mg orally and a clonidine TTS-3 patch the evening before surgery and 0.3 mg orally on call to the operating room) or matched oral and transdermal placebo. MEASUREMENTS AND MAIN RESULTS: Heart rate, systemic arterial blood pressure, plasma catecholamine, clonidine, interleukin-6 concentrations, and 24-hr urine cortisol and nitrogen excretion were measured the day before surgery and daily thereafter for 72 hrs postoperatively. Preoperative transdermal (and oral) clonidine administration resulted in therapeutic plasma clonidine concentrations throughout the perioperative period (1.54 +/- .07 [SEM] microg/mL). Clonidine reduced preoperative epinephrine and norepinephrine concentrations by 65%. Plasma catecholamine concentrations increased in both groups following surgery but were markedly lower throughout the postoperative period in patients receiving clonidine. Patients receiving clonidine had a reduced frequency rate of postoperative hypertension. Clonidine had no effect on plasma interleukin-6 concentration, urine cortisol excretion, or urine nitrogen excretion. No adverse effects of clonidine administration were observed. CONCLUSIONS: The combined administration of oral and transdermal clonidine effectively attenuated the catecholamine response to surgical stress throughout the postoperative study period. Clonidine administration produced specific sympatholytic effects, since other elements of the stress response were not attenuated. Undesirable side effects were not noted. The sustained sympatholytic effects we observed suggest that alpha2 adrenergic-receptor agonists may offer a pharmacologic means of modifying the sympathoadrenal response to injury, and may be useful in reducing perioperative complications.",E,E,exclude,exclude,0.99,0.0,1.0,0.09,0.78,0.37,0.83,0.05,0.43,0.03,0.26,0.04,511.59822405315936,2379,9.9918e-05,True,,cohen_adhd_r2_ship
110,11948436,11948436,exclude,[Augmentation of selective serotonin reuptake inhibitors (SSRI) with atypical  antipsychotics in the treatment of depression].,"The treatment of severe depression represents a difficult task in the daily  psychiatric practice. In certain cases, augmentation therapies in order to improve the efficacy of SSRIs can be useful. Recently, it has become possible to use atypical antipsychotics for SSRI augmentation. This option adds to the existing strategies in the treatment of depression and primary systematic studies show encouraging results. In this review, the possibility of a SSRI augmentation by additionally administering risperidone or olanzapine is critically discussed.",E,E,exclude,exclude,1.0,0.0,1.0,0.1,0.64,0.27,0.45,0.49,0.38,0.28,0.07,0.02,550.8611821569502,1935,8.127000000000001e-05,True,,cohen_adhd_r2_ship
111,9718222,9718222,exclude,Psychotropic medication use and risk of epithelial ovarian cancer.,"Long-term use of psychotropic medication may increase the risk for epithelial  ovarian cancer through increased gonadotropin secretion or direct ovarian stimulation of adrenergic receptors, effects which may affect ovarian cancer pathogenesis. An earlier case-control study found that prior use of antidepressants or benzodiazepine tranquilizers was associated with a 2-fold increase in risk of epithelial ovarian cancer. However, that study lacked details on all types of psychotropic medications, length of use, and the categorization of the specific action of these medications on the hypothalamic-pituitary-ovarian axis. In a new case-control study conducted in eastern Massachusetts (MA) and all of New Hampshire (NH), we identified all women with newly diagnosed ovarian cancer between May 1992 and March 1997. We interviewed 563 women diagnosed with malignant or borderline epithelial ovarian tumors and 523 controls identified through random digit dialing and the use of Town Books (residential listings by name, age, and precinct). Participants were asked to provide the name of medications used for 6 months or longer, the age at first use, and total months or years of use. Psychotropic medications included amphetamines, sedatives, barbiturates/anticonvulsants, antidepressants, and antipsychotics. Self-reported use of psychotropic medication for 6 months or longer was associated with a statistically significant increase in risk of invasive ovarian cancer [odds ratio (OR), 1.6; 95% confidence interval (CI), 1.1-2.3]. Relative to nonusers, risk was greatest in those whose first use occurred premenopausally for more than 2 years (OR, 2.9; CI, 1.3-6.6). The association was largely confined to use of medications that operate through dopaminergic mechanisms (OR, 2.9; CI, 1.3-6.4) or gabaergic pathways (OR, 1.5; CI, 0.9-2.5) as opposed to serotoninergic pathways (OR, 1.0; CI, 0.4-2.1). These results are consistent with the hypothesis that psychotropic medications induce gonadotropin secretion, which in turn may increase ovarian cancer risk. However, until other studies confirm our findings and determine whether they apply to medications with specific neuroendocrine actions, it is premature to advise a change in clinical practice and conclude that these medications indeed play a role in the etiology of ovarian cancer.",E,E,exclude,exclude,1.0,0.0,1.0,0.14,0.57,0.25,0.74,0.05,0.39,0.03,0.07,0.01,573.6349339131266,2394,0.000100548,True,,cohen_adhd_r2_ship
112,10671847,10671847,exclude,Effect of clonidine premedication on haemodynamic responses to fibreoptic  bronchoscopy.,"The usual haemodynamic response to fibreoptic bronchoscopy is an increase in  heart rate and blood pressure. We therefore compared, in a prospective, randomised, double-blind study, the effect of two doses of oral clonidine premedication (150 microg or 300 microg) with placebo (control group) on the haemodynamic alterations in 62 patients who underwent elective fibreoptic bronchoscopy. Significant increases in blood pressure and heart rate were observed during fibreoptic bronchoscopy only in the control group. Clonidine 150 microg blunted the haemodynamic response to fibreoptic bronchoscopy (p < 0.05). Significant decreases in systolic blood pressure (< 90 mmHg) were observed in all patients premedicated with 300 microg clonidine. Throughout the study nine patients (75%) in the 300 microg clonidine group were treated at least once for hypotension. Compared with the control group, time to awakening was significantly longer only in patients premedicated with 300 microg clonidine. In conclusion, premedication with 150 microg oral clonidine attenuates haemodynamic responses to fibreoptic bronchoscopy, without causing excessive haemodynamic depression and sedation. These data encourage the administration of clonidine as premedication in patients undergoing fibreoptic bronchoscopy, particularly in those with, or at risk for, coronary artery disease.",E,E,exclude,exclude,0.99,0.01,0.99,0.07,0.84,0.32,0.87,0.05,0.45,0.04,0.04,0.01,588.9771881047636,2165,9.093e-05,True,,cohen_adhd_r2_ship
113,8610833,8610833,exclude,Different side effect profiles of risperidone and clozapine in 20 outpatients  with schizophrenia or schizoaffective disorder: a pilot study.,"OBJECTIVE: The purpose of this study was to compare the side effect +profiles of  clozapine and risperidone. METHOD: The subjects were 20 outpatients with schizophrenia or schizoaffective disorder who were clinically stable on a regimen of clozapine at the time of screening. They underwent a randomized-order crossover comparison of 6 weeks of risperidone treatment and 6 weeks of clozapine treatment. Clinical and neurocognitive variables were assessed by raters blind to medication status, and severity of side effects was determined from patients' self-reports. RESULTS: Side effect measures, but not clinical ratings, were significantly different after 6 weeks of treatment with the two drugs. Patients required more benztropine for motor effects and complained of more insomnia with risperidone and more sedation with clozapine. Body weight was higher at the end of clozapine treatment than at the end of risperidone treatment. CONCLUSIONS: In this exploratory study, the side effect profiles of clozapine and risperidone were consistent with the different pharmacodynamic profiles of the two drugs.",E,E,exclude,exclude,0.99,0.0,1.0,0.14,0.81,0.77,0.86,0.06,0.33,0.03,0.03,0.01,497.846043901518,2086,8.761200000000001e-05,True,,cohen_adhd_r2_ship
114,11214033,11214033,exclude,Testing the ability of children with attention deficit hyperactivity disorder to  accurately report the effects of medication on their behavior.,"Children with attention deficit hyperactivity disorder (ADHD) are often treated  with central nervous system stimulants, making the evaluation of medication effects an important topic for applied behavior analysts. Because assessment protocols emphasize informant reports and direct observations of child behavior, little is known about the extent to which children themselves can accurately report medication effects. Double-blind placebo-controlled procedures were used to examine whether 6 children with ADHD could recognize the effects of their medication. The children were given math worksheets to complete for 15 min during each of 14 sessions while on medication and placebo. Children completed a self-evaluation form at the end of each session, and ratings were compared to observed behavior and academic performance. Results indicated that 3 children were able to accurately report their medication status at levels greater than chance, whereas the accuracy of reports by all children was related to dosage level, differences in behavior, and the presence of adverse effects. The implications of these results for placebo-controlled research, self-monitoring of dosage levels, and accuracy training are discussed.",2,2,include,include,0.84,0.92,0.08,0.82,0.5,0.74,0.75,0.05,0.37,0.02,0.02,0.01,538.344033062458,2044,8.5848e-05,False,,cohen_adhd_r2_ship
115,8875814,8875814,include,Methylphenidate and attentional training. Comparative effects on behavior and  neurocognitive performance in twin girls with attention-deficit/hyperactivity disorder.,"The effectiveness of four doses (5-mg, 10-mg, 15-mg, 20-mg) of methylphenidate  (MPH) and attentional training (AT) were evaluated using neurocognitive instruments (Continuous Performance Test; Matching Unfamiliar Figures Test), narrow- and broad-band rating scales in the context of a double-blind, placebo-control, within-subject reversal design for dizygotic twin girls with Attention-Deficit/Hyperactivity Disorder (ADHD). Both interventions proved effective for improving neurocognitive test performance and behavior, although broad-band ratings revealed dose-response curves different from those obtained from the neurocognitive tests. Implications for clinical management of girls with ADHD are discussed.",I,I,include,include,0.99,1.0,0.0,0.85,0.73,0.76,0.78,0.06,0.42,0.04,0.03,0.02,462.72464701905847,1998,8.391600000000001e-05,True,,cohen_adhd_r2_ship
116,8043227,8043227,exclude,"HIV seroconversion in intravenous drug users in San Francisco, 1985-1990.","OBJECTIVE: To examine the HIV seroconversion rate, risk factors for  seroconversion, and changes in risk behavior over time in intravenous drug users (IVDU) in San Francisco, 1985-1990. DESIGN: Observational study. SETTING: All methadone maintenance and 21-day methadone detoxification programs in San Francisco. PARTICIPANTS: A total of 2351 heterosexual IVDU, of whom 681 were seronegative at first visit and seen at least twice ('repeaters'). MAIN OUTCOME MEASURES: HIV seroconversion rates, risk factors for seroconversion, and changes in behavior. RESULTS: The HIV seroconversion rate in repeaters was 1.9% per person-year (ppy) of follow-up [2.1% in women versus 1.7% in men (not significant); 4% in African Americans versus 1% in whites (P = 0.006); 3.9% ppy in the first third of the study, 1.2% in the second (P = 0.007), and 1.9% in the last (not significant)]. Risk factors for seroconversion were five or more sexual partners per year [hazard ratio (HR) = 2.6; P = 0.02], use of shooting gallery ever (HR = 2.9; P = 0.02), and less than 1 year (lifetime) in methadone maintenance (HR = 2.7; P = 0.02). Self-reported intravenous cocaine use fell from 33 to 15% over 5 years, shooting gallery use fell from 19 to 6%, and the proportion with five or more sexual partners fell from 25 to 10%. Bleach use rose to 75% of needle-sharers. CONCLUSIONS: The 1985-1990 HIV seroconversion rate in IVDU (1.9% ppy) was comparable to that in San Francisco cohorts of homosexual men (1.4% ppy). A decline in HIV seroconversion coincided with changes in risk behavior. Stable attendance of methadone maintenance was highly protective: the seroconversion rate in subjects with 1 year or more in methadone was 12% ppy.",E,E,exclude,exclude,1.0,0.0,1.0,0.06,0.02,0.22,0.67,0.04,0.39,0.01,0.06,0.0,590.9467760939151,2365,9.933e-05,True,,cohen_adhd_r2_ship
117,12887140,12887140,exclude,"Effects of tyrosine, phentermine, caffeine D-amphetamine, and placebo on  cognitive and motor performance deficits during sleep deprivation.","Cognitive and motor performance are critical in many circumstances and are  impaired by sleep deprivation. We administered placebo, tyrosine 150 mg/kg, caffeine 300 mg/70 kg, phentermine 37.5 mg and D-amphetamine 20 mg at 15.30 h following overnight sleep deprivation and compare their effects on cognitive and motor performance in healthy young men. Tests of visual scanning, running memory, logical reasoning, mathematical processing, the Stroop task, four-choice serial reaction time, time wall take, pursuit tracking, visual vigilance, Trails (B) task and long-term memory were evaluated at standardized intervals before, during and after sleep deprivation and drugs. Performance decrements with sleep deprivation occurred in visual scanning, running memory, logical reasoning, mathematical processing, the Stroop test, the time wall test, tracking and visual vigilance. Interestingly, with sleep deprivation some tests improved and others did not deteriorate. Improvements with medication following sleep deprivation were seen in running memory, logical reasoning, mathematical processing, tracking and visual vigilance. Although less effective than D-amphetamine, tyrosine improved performance on several tests. We conclude that all drugs tested improved at least some aspects of cognitive and motor performance after sleep deprivation. As a naturally occurring amino acid, and thus amenable to nutritional strategies, tyrosine may deserve further testing.",E,E,exclude,exclude,0.59,0.21,0.79,0.1,0.94,0.48,0.84,0.07,0.56,0.04,0.04,0.02,463.51419598795474,2129,8.9418e-05,True,,cohen_adhd_r2_ship
118,9555606,9555606,exclude,"Comments on article by Tran and associates, ""Double-blind comparison of  olanzapine versus risperidone in treatment of schizophrenia and other psychotic disorders"".",,E,E,exclude,exclude,0.99,0.0,1.0,0.14,0.57,0.32,0.69,0.94,0.44,0.09,0.07,0.03,487.8765200264752,1839,7.7238e-05,True,,cohen_adhd_r2_ship
119,10589634,10589634,exclude,Oral clonidine premedication enhances postoperative analgesia by epidural  morphine.,"This study was designed to evaluate the effects of oral clonidine premedication  on postoperative analgesia by epidural morphine in a prospective, randomized, double-blinded design. Sixty consenting patients, scheduled for total abdominal hysterectomy, were randomly assigned to one of three groups (n = 20 each); the clonidine-morphine group received oral clonidine 5 microg/kg 90 min before arriving in the operating room and epidural morphine 2 mg before induction of general anesthesia, the clonidine-placebo group received oral clonidine 5 microg/kg and no epidural morphine, and the placebo-morphine group received no clonidine and epidural morphine 2 mg. An epidural catheter was placed at the L1-2 or L2-3 interspace, and 1.5% lidocaine was used for surgical anesthesia in all patients. General anesthesia was then induced with propofol, and maintained with a continuous infusion of propofol and 67% nitrous oxide in oxygen during surgery. Four patients were subsequently withdrawn from the study. After surgery, patient-controlled analgesia using IV morphine was used to assess analgesic requirement. Morphine consumptions determined every 6 h after surgery in the clonidine-morphine and placebo-morphine groups were significantly less than the clonidine-placebo group until 12 h after surgery, whereas those of the clonidine-morphine group were significantly less than the placebo-morphine group from 13 to 42 h after surgery. Visual analog (pain) scale (VAS) scores in the clonidine-morphine group were significantly lower than the placebo-morphine group at 48 h at rest, and at 1, 24, 36, and 48 h with movement. Similarly, VAS scores in the clonidine-morphine group were significantly lower than the clonidine-placebo group at 1 and 6 h both at rest and with movement, whereas VAS scores in the clonidine-placebo group were significantly lower than the placebo-morphine group at 24, 36, and 48 h at rest and with movement. The incidence of nausea and pruritus was similar between groups. We conclude that the combination of oral clonidine and epidural morphine produces more potent and longer lasting postoperative analgesia than either drug alone without increasing the incidence of adverse effects after major gynecologic surgeries. IMPLICATIONS: A small dose of epidural morphine is often used for postoperative analgesia. We found that oral clonidine premedication 5 microg/kg improves the analgesic efficacy of epidural morphine without increasing the incidence of adverse side effects.",E,E,exclude,exclude,1.0,0.0,1.0,0.07,0.71,0.41,0.87,0.05,0.41,0.03,0.03,0.02,563.9388519339263,2434,0.000102228,True,,cohen_adhd_r2_ship
120,10084637,10084637,exclude,"Comparison of risperidone and placebo for psychosis and behavioral disturbances  associated with dementia: a randomized, double-blind trial. Risperidone Study Group.","BACKGROUND: We report the findings from the first large, double-blind,  placebo-controlled study conducted to evaluate the efficacy and safety of risperidone in the treatment of psychotic and behavioral symptoms in institutionalized elderly patients with dementia. METHOD: 625 patients (67.8% women; mean age = 82.7 years) with DSM-IV diagnoses of Alzheimer's disease (73%), vascular dementia (15%), or mixed dementia (12%) and significant psychotic and behavioral symptoms were included. Each patient was randomly assigned to receive placebo or 0.5 mg/day, 1 mg/day, or 2 mg/day of risperidone for 12 weeks. The primary outcome measure was the Behavioral Pathology in Alzheimer's Disease rating scale (BEHAVE-AD). RESULTS: The study was completed by 70% of the patients. Baseline Functional Assessment Staging scores were 6 or 7 in more than 95% of the patients, indicating severe dementia. At endpoint, significantly greater reductions in BEHAVE-AD total scores and psychosis and aggressiveness subscale scores were seen in patients receiving 1 and 2 mg/day of risperidone than in placebo patients (p = .005 and p < .001, respectively). At week 12, 0.5 mg/day of risperidone was superior to placebo in reducing BEHAVE-AD aggression scores (p = .02). More adverse events were reported by patients receiving 2 mg/day of risperidone than 1 mg/day. The most common dose-related adverse events were extrapyramidal symptoms, somnolence, and mild peripheral edema. The frequency of extrapyramidal symptoms in patients receiving 1 mg/day of risperidone was not significantly greater than in placebo patients. CONCLUSION: Risperidone significantly improved symptoms of psychosis and aggressive behavior in patients with severe dementia. Results show that 1 mg/day of risperidone is an appropriate dose for most elderly patients with dementia.",E,E,exclude,exclude,0.96,0.02,0.98,0.12,0.74,0.62,0.86,0.04,0.4,0.03,0.02,0.01,522.9803419206291,2280,9.576e-05,True,,cohen_adhd_r2_ship
121,9838263,9838263,include,Psychopharmacologic treatment of acquired attention disorders in children with  brain injury.,"This investigation examined the efficacy of psychostimulant therapy in  alleviating neurobehavioral dysfunction attendant to pediatric brain injury. The most commonly reported neurobehavioral sequelae associated with head injury in the pediatric population involve deficits along the attentional matrix. This is also the most common objectively documented neurobehavioral finding among children as well as adults. There are several investigations in the adult literature which have employed the use of psychostimulants in treating both psychiatric and neuropsychological residua associated with head injury. Overall, the results of these studies are equivocal, but suggest a beneficial impact on general functioning. The present prospective investigation utilized a double-blind, placebo-controlled, cross-over experimental design to examine the efficacy of methylphenidate in treating children with acquired attentional disorders secondary to brain injury. A cohort of 14 children with varying degrees of head injury were recruited for participation. As expected, differences between drug and placebo conditions uniformly achieved statistical significance. Additionally, there were no differences in performance between baseline and placebo conditions on neurobehavioral tasks of attention and concentration. Current findings suggest that methylphenidate (and probably other psychostimulants such as Cylert, Adderal, Wellbutrin and dextroamphetamine sulfate) is an extremely effective agent in treating attentional disorders secondary to brain injury in children.",I,I,include,include,1.0,1.0,0.0,0.82,0.82,0.79,0.78,0.1,0.43,0.07,0.04,0.02,473.7262160051614,2114,8.8788e-05,True,,cohen_adhd_r2_ship
122,10825334,10825334,exclude,Ondansetron given before induction of anesthesia reduces shivering after general  anesthesia.,"The neurotransmitter pathways involved in the mechanism of postanesthetic  shivering (PAS) are poorly understood. Meperidine, clonidine, and physostigmine are all effective treatments, indicating that opioid, alpha(2)-adrenergic, and anticholinergic systems are probably involved. We investigated the effect of ondansetron, a 5-HT(3) antagonist used to treat postoperative nausea and vomiting, on intraoperative core and peripheral temperatures and PAS. Eighty-two patients (age, 18-60 yr) undergoing orthopedic, general, or urological surgery were randomized into three groups in this double-blinded, placebo-controlled, study: Group O4 (n = 27) received ondansetron 4 mg IV, Group O8 (n = 27) received ondansetron 8 mg IV, and Group C (n = 28) received saline IV immediately before the anesthetic induction. Core (tympanic) and fingertip temperature (dorsum of middle finger) were recorded. Anesthesia was induced with IV fentanyl 1 microg/kg and propofol 2.0-2.5 mg/kg and maintained with 1 minimum alveolar anesthetic concentration isoflurane in 70% nitrous oxide/oxygen. The occurrence of shivering was documented clinically during recovery by nursing staff, who were unaware of the group assignment. PAS occurred in 16 of 28 (57%) patients in Group C, compared with 9 of 27 (33%) in Group O4 (P = 0.13) and 4 of 27 (15%) patients in Group O8 (P = 0.003). Within each group, core temperature decreased and peripheral temperature increased significantly, but there were no significant differences among the groups at any time interval. We conclude that ondansetron 8 mg IV given during the induction of anesthesia prevents PAS without affecting the core-to-peripheral redistribution of heat during general anesthesia. This suggests that serotonergic pathways have a role in the regulation of PAS. IMPLICATIONS: In a randomized, double-blinded, placebo-controlled, clinical study, ondansetron 8 mg IV, given just before the induction, reduced the incidence of postanesthetic shivering compared with saline. The anticipated core-to-peripheral redistribution of body temperature during general anesthesia was not affected. This implies that ondansetron probably acts by a central inhibitory mechanism, and that 5-hydroxytryptaminergic pathways have a role in regulating postanesthetic shivering.",E,E,exclude,exclude,1.0,0.0,1.0,0.07,0.19,0.29,0.83,0.05,0.43,0.05,0.06,0.01,559.5056521706283,2398,0.000100716,True,,cohen_adhd_r2_ship
123,7961550,7961550,exclude,Clozapine in tardive dyskinesia: observations from human and animal model  studies.,"Clozapine has long been considered a useful treatment in patients who have  schizophrenia with the neuroleptic-induced delayed-onset side effect tardive dyskinesia. We present data in support of the clinical impression using both an animal model of the disorder and dyskinetic patients themselves. Clozapine produces a lower rate of oral dyskinesia in laboratory rats after 6 months of chronic treatment than does haloperidol (8.6 +/- 1.3 vs. 13.6 +/- 1.4 vacuous chewing movements every 5 minutes, respectively), suggesting a lower propensity to cause tardive dyskinesia. In the human, when clozapine was compared with haloperidol in the treatment of patients with tardive dyskinesia, clozapine produced significantly greater benefit for motor symptoms after 12 months of treatment than did haloperidol (p < .001). Moreover, the dyskinesia rebound, which occurred equally in both drug groups at the beginning of the study, was sustained in the haloperidol group but lost in the clozapine-treated patients. These data suggest that dyskinetic patients lose their symptoms of tardive dyskinesia, along with dopaminergic hypersensitivity, with long-term clozapine treatment.",E,E,exclude,exclude,1.0,0.0,1.0,0.14,0.7,0.48,0.75,0.12,0.38,0.14,0.06,0.01,511.2195468973368,2099,8.8158e-05,True,,cohen_adhd_r2_ship
124,9304445,9304445,include,Long-term follow-up of children with mental retardation/borderline intellectual  functioning and ADHD.,"Fifty-two children (ages 7 to 14 years) with moderate retardation to borderline  intellectual functioning were recontacted 12 to 65 months following participation in a double-blind, placebo-controlled trial of methylphenidate (MPH). Sixty-nine percent of subjects continued to be prescribed medication for behavior control at follow-up. While 72% of the sample evidenced improvement, over two-thirds continued to be rated at or above the 98th percentile on the Hyperactivity Index of the Parent Conners. In fact, 22% of subjects had received inpatient psychiatric treatment between the time of the initial MPH trial and follow-up. Finally, subjects with high initial ratings on the Parent Conners Conduct Problems scale were more likely to be suspended from school or receive inpatient psychiatric treatment than subjects with low initial ratings. The results suggested that children with ADHD and mental retardation of borderline intellectual functioning continued to exhibit significant symptoms associated with attention deficit hyperactivity disorder (ADHD) at follow-up and that early conduct problems were predictive of continuing behavioral difficulties.",I,I,include,include,0.98,0.99,0.01,0.8,0.9,0.73,0.88,0.06,0.32,0.04,0.03,0.02,534.521859139204,2053,8.6226e-05,True,,cohen_adhd_r2_ship
125,12363115,12363115,exclude,Efficacy and safety of aripiprazole and haloperidol versus placebo in patients  with schizophrenia and schizoaffective disorder.,"BACKGROUND: Aripiprazole is an investigational agent for treating schizophrenia  that has a novel pharmacologic profile. The present study investigated the efficacy, safety, and tolerability of aripiprazole and haloperidol compared with placebo. METHOD: A 4-week, double-blind, randomized study, conducted at 36 U.S. centers between July 1997 and June 1998, compared aripiprazole (15 mg/day, 30 mg/day) to placebo, with haloperidol (10 mg/day) as an active control. Fixed doses of each agent were administered from day 1 throughout the study. A total of 414 patients with a primary DSM-IV diagnosis of schizophrenia or schizoaffective disorder were randomized. Efficacy measures included the Positive and Negative Syndrome Scale (PANSS) total, PANSS positive, PANSS negative, PANSS-derived Brief Psychiatric Rating Scale (BPRS) core, Clinical Global Impressions (CGI)-Severity of Illness, and mean CGI-Improvement scores. Safety and tolerability evaluations included extrapyramidal symptoms (EPS), weight gain, serum prolactin level, and QTc interval. RESULTS: Both doses of aripiprazole and haloperidol, 10 mg, produced statistically significant (p < or = .05) improvements from baseline in PANSS total, PANSS positive, PANSS-derived BPRS core, and CGI-Severity scores and significantly lower CGI-Improvement scores at endpoint, compared with placebo. Aripiprazole, 15 mg, and haloperidol, 10 mg, significantly improved PANSS negative score compared with placebo. Both aripiprazole doses and haloperidol separated from placebo for PANSS total scores at week 2. Unlike haloperidol, aripiprazole was not associated with significant EPS or prolactin elevation at endpoint compared with placebo. There were no statistically significant differences in mean changes in body weight across the treatment groups versus placebo, and no patients receiving aripiprazole experienced clinically significant increases in QTc interval. CONCLUSION: Aripiprazole, effective against positive and negative symptoms, is a safe and well-tolerated potential treatment for schizophrenia and schizoaffective disorder.",E,E,exclude,exclude,1.0,0.0,1.0,0.12,0.79,0.55,0.87,0.04,0.36,0.03,0.03,0.01,571.8459291383624,2326,9.7692e-05,True,,cohen_adhd_r2_ship
126,10197827,10197827,include,Long-term methylphenidate therapy in children with comorbid attention-deficit  hyperactivity disorder and chronic multiple tic disorder.,"BACKGROUND: This study examined changes in attention-deficit hyperactivity (ADHD)  behaviors and motor and vocal tics during long-term treatment with methylphenidate. METHODS: Thirty-four prepubertal children with ADHD and chronic multiple tic disorder (who had participated in an 8-week, double-blind, placebo-controlled methylphenidate evaluation) were evaluated at 6-month intervals for 2 years as part of a prospective, nonblind, follow-up study. Treatment effects were assessed using direct observations of child behavior in a simulated (clinic-based) classroom and behavior rating scales completed by parents and physician. Videotapes of the simulated classroom were scored by coders who were blind to treatment status. RESULTS: There was no evidence (group data) that motor tics or vocal tics changed in frequency or severity during maintenance therapy compared with diagnostic or initial double-blind placebo evaluations. Behavioral improvements demonstrated during the acute drug trial were maintained during follow-up. There was no evidence (group data) of clinically significant adverse drug effects on cardiovascular function or growth at the end of 2 years of treatment. CONCLUSIONS: Long-term treatment with methylphenidate seems to be safe and effective for the management of ADHD behaviors in many (but not necessarily all) children with mild to moderate tic disorder. Nevertheless, careful clinical monitoring is mandatory to rule out the possibility of drug-induced tic exacerbation in individual patients.",I,I,include,include,0.99,1.0,0.0,0.76,0.62,0.78,0.88,0.05,0.39,0.05,0.02,0.02,495.0028229504824,2126,8.9292e-05,True,,cohen_adhd_r2_ship
127,12598277,12598277,exclude,The effect of spinal bupivacaine in combination with either epidural clonidine  and/or 0.5% bupivacaine administered at the incision site on postoperative outcome in patients undergoing lumbar laminectomy.,"Spinal anesthesia has numerous advantages over general anesthesia for patients  undergoing lumbar laminectomy and microdisk surgery. In this study, we evaluated the addition of epidural clonidine and/or bupivacaine, injected at the incision site, on postoperative outcome variables in patients undergoing lower spine procedures using spinal anesthesia. One hundred twenty patients having lumbar spine surgery received bupivacaine spinal anesthesia supplemented by 150 microg of epidural clonidine with or without incisional bupivacaine, epidural placebo plus incisional bupivacaine, or placebo with incisional saline. Demographic data, intraoperative hemodynamics, blood loss, pain, nausea, urinary retention, hospital discharge, and other variables were compared by using either analysis of variance or chi(2) analysis. Demographics were similar. IV fluids, blood loss, incidence of intraoperative bradycardia, and hypotension were not different among groups. Postanesthesia care unit pain scores were lower and demand for analgesics was less in patients who received both the clonidine and subcutaneous bupivacaine. Patients who received epidural clonidine also had improved postoperative hemodynamics. Hospital discharge, urinary retention, and other variables were not different. We conclude that epidural clonidine as a supplement to spinal anesthesia produced no perioperative complications and improved postoperative pain and hemodynamic stability in patients undergoing lower spine procedures. IMPLICATIONS: Spinal anesthesia with supplemental epidural clonidine in combination with incision site subcutaneous bupivacaine was evaluated both intra- and postoperatively and compared with spinal anesthesia alone for lower lumbar spine procedures. Both epidural clonidine and subcutaneous incisional bupivacaine, added to spinal anesthesia for lumbar spine surgery, improves pain relief and reduces the need for postoperative opioids with their associated side effects.",E,E,exclude,exclude,1.0,0.0,1.0,0.07,0.75,0.31,0.88,0.07,0.43,0.03,0.04,0.02,482.6336109545082,2286,9.6012e-05,True,,cohen_adhd_r2_ship
128,11313165,11313165,exclude,Effect of amantadine on weight gain during olanzapine treatment.,"Patients treated with olanzapine may gain weight, especially in the first months  of therapy. Amantadine (100-300 mg/day) was started in 12 patients having a mean weight gain of 7.3 kg during olanzapine treatment. The patients' weight stabilised and over 3-6 months they lost an average of 3.5 kg. No clinical deterioration occurred and no adverse effects were reported. These observations merit confirmation in randomised, controlled trials.",E,E,exclude,exclude,0.97,0.02,0.98,0.13,0.59,0.6,0.73,0.19,0.39,0.1,0.04,0.02,543.8110940158367,1925,8.085000000000001e-05,True,,cohen_adhd_r2_ship
129,7831459,7831459,exclude,Effects of intravenous dextroamphetamine on brain metabolism in adults with  attention-deficit hyperactivity disorder (ADHD). Preliminary findings.,"The effects on brain metabolism of the intravenous (i.v.) administration of  dextroamphetamine was assessed by positron emission tomography (PET) with [18F]-fluorodeoxyglucose (18-FDG) in 8 adults with attention-deficit hyperactivity disorder (ADHD). During the 3-hour 18-FDG PET session, each adult underwent the initial scan following i.v. infusion of placebo and a second scan following i.v. infusion of 0.15 mg/kg dextroamphetamine in a single-blind design. All subjects showed increased systolic/diastolic blood pressure and improved continuous performance task scores after dextroamphetamine. Global and regional metabolic rates were not significantly altered by the stimulant. When regional and global rates were normalized, the metabolic rates of only three cortical regions differed significantly between conditions. Individually, global metabolism increased in 4 subjects, was unchanged in 2, and decreased in 2 after stimulant infusion. No clinical characteristics differentiated these patients. I.V. infusion of dextroamphetamine did not significantly alter brain metabolism in ADHD adults in this preliminary study.",3,3,exclude,exclude,0.63,0.19,0.81,0.87,0.89,0.45,0.76,0.11,0.48,0.04,0.59,0.03,570.2408708166331,2091,8.7822e-05,True,,cohen_adhd_r2_ship
130,10735784,10735784,exclude,The hemodynamic and adrenergic effects of perioperative dexmedetomidine infusion  after vascular surgery.,"We tested dexmedetomidine, an alpha(2) agonist that decreases heart rate, blood  pressure, and plasma norepinephrine concentration, for its ability to attenuate stress responses during emergence from anesthesia after major vascular operations. Patients scheduled for vascular surgery received either dexmedetomidine (n = 22) or placebo (n = 19) IV beginning 20 min before the induction of anesthesia and continuing until 48 h after the end of surgery. All patients received standardized anesthesia. Heart rate and arterial blood pressure were kept within predetermined limits by varying anesthetic level and using vasoactive medications. Heart rate, arterial blood pressure, and inhaled anesthetic concentration were monitored continuously; additional measurements included plasma and urine catecholamines. During emergence from anesthesia, heart rate was slower with dexmedetomidine (73 +/- 11 bpm) than placebo (83 +/- 20 bpm) (P = 0.006), and the percentage of time the heart rate was within the predetermined hemodynamic limits was more frequent with dexmedetomidine (P < 0.05). Plasma norepinephrine levels increased only in the placebo group and were significantly lower for the dexmedetomidine group during the immediate postoperative period (P = 0.0002). We conclude that dexmedetomidine attenuates increases in heart rate and plasma norepinephrine concentrations during emergence from anesthesia. IMPLICATIONS: The alpha(2) agonist, dexmedetomidine, attenuates increases in heart rate and plasma norepinephrine concentrations during emergence from anesthesia in vascular surgery patients.",E,E,exclude,exclude,1.0,0.0,1.0,0.07,0.06,0.27,0.84,0.05,0.43,0.04,0.17,0.01,581.6685589961708,2180,9.156e-05,True,,cohen_adhd_r2_ship
131,9165565,9165565,exclude,Risperidone: effects of formulations on oral bioavailability.,"The bioavailability of risperidone was evaluated in an open-label, randomized,  two-way, crossover study comparing a 1-mg tablet with a 1-mg/ml oral solution. Both formulations were administered as a single 1-mg dose with a 10-day washout period between treatments. Of 26 healthy men who entered the study, 23 completed both treatment periods. Plasma concentrations of risperidone and the active moiety (risperidone plus its active metabolite, 9-hydroxyrisperidone) were determined by radioimmunoassays. For key pharmacokinetic values (Cmax, AUC), the 90% CIs on the relative bioequivalence of risperidone, 9-hydroxyrisperidone, and the active moiety were contained within the equivalence range of 80-120% (80-125% for log-transformed data). The results demonstrate that the 1-mg/ml oral solution and the 1-mg tablet are bioequivalent.",E,E,exclude,exclude,1.0,0.0,1.0,0.15,0.68,0.36,0.3,0.06,0.9,0.07,0.08,0.37,461.2041711807251,2061,8.656200000000002e-05,True,,cohen_adhd_r2_ship
132,10920469,10920469,exclude,"A double-blind, placebo-controlled study of risperidone addition in serotonin  reuptake inhibitor-refractory obsessive-compulsive disorder.","BACKGROUND: To date, only 1 controlled study has found a drug (haloperidol) to be  efficacious in augmenting response in patients with obsessive-compulsive disorder (OCD) refractory to serotonin reuptake inhibitor (SRI) monotherapy; patients with comorbid chronic tic disorders showed a preferential response. This report describes the first controlled study of risperidone addition in patients with OCD refractory to treatment with SRI alone. METHODS: Seventy adult patients with a primary DSM-IV diagnosis of OCD received 12 weeks of treatment with an SRI. Thirty-six patients were refractory to the SRI and were randomized in a double-blind manner to 6 weeks of risperidone (n = 20) or placebo (n = 16) addition. Behavioral ratings, including the Yale-Brown Obsessive Compulsive Scale, were obtained at baseline and throughout the trial. Placebo-treated patients subsequently received an identical open-label trial of risperidone addition. RESULTS: For study completers, 9 (50%) of 18 risperidone-treated patients were responders (mean daily dose, 2.2 +/-0.7 mg/d) compared with 0 of 15 in the placebo addition group (P<. 005). Seven (50%) of 14 patients who received open-label risperidone addition responded. Risperidone addition was superior to placebo in reducing OCD (P<.001), depressive (P<.001), and anxiety (P =.003) symptoms. There was no difference in response between OCD patients with and without comorbid diagnoses of chronic tic disorder or schizotypal personalty disorder. Other than mild, transient sedation, risperidone was well tolerated. CONCLUSION: These results suggest that OCD patients with and without comorbid chronic tic disorders or schizotypal personality disorder may respond to the addition of low-dose risperidone to ongoing SRI therapy.",E,E,exclude,exclude,0.99,0.0,1.0,0.08,0.82,0.41,0.87,0.04,0.32,0.03,0.03,0.01,620.5582730472088,2268,9.5256e-05,True,,cohen_adhd_r2_ship
133,11133627,11133627,exclude,Clonidine combined with a long acting local anesthetic does not prolong  postoperative analgesia after brachial plexus block but does induce hemodynamic changes.,"Clonidine in brachial plexus block prolongs analgesia of local anesthetics of  short and intermediate duration. We performed a prospective randomized double-blinded study to determine the efficacy and adverse effects of clonidine mixed with a long-acting local anesthetic on postoperative analgesia. Sixty adult patients underwent elective rotator cuff repair using interscalene brachial plexus block combined with general anesthesia and were randomly divided into one of the following three groups. Placebo (n = 20): interscalene block with 40 mL of 0.5% bupivacaine with epinephrine (1/200000) and 1 mL of 0.9% saline, completed by 1 mL of 0.9% saline IM in the controlateral shoulder; Control (n = 20): interscalene block with 40 mL of 0.5% bupivacaine with epinephrine and 1 mL of 0. 9% saline, completed by 150 microg (=1 mL) of clonidine IM; Clonidine (n = 20): interscalene block with 40 mL of 0.5% bupivacaine with epinephrine and 150 microg (=1 mL) of clonidine, completed by 1 mL of 0.9% saline IM. During anesthesia hemodynamic variables and fractional expired isoflurane concentration (FeISO) were recorded. The following postoperative variables were assessed: duration of interscalene block, quality of pain relief on a visual analog scale, side effects, and consumption of morphine with a patient-controlled analgesia device over 48 h. Patient characteristics were comparable. During anesthesia mean arterial pressure, heart rate, and FeISO were significantly decreased in Clonidine and Control groups compared with Placebo group. Duration of analgesia, defined as the time elapsed from interscalene injection to the first morphine request, was 983 +/- 489 min in the Placebo, 909 +/- 160 min in the Control, and 829 +/- 159 min in the Clonidine groups. Pain scores and consumption of morphine at 24 h and 48 h showed no differences among the three groups. We conclude that adding 150 microg of clonidine in interscalene block does not prolong analgesia induced by 40 mL of bupivacaine 0.5% with epinephrine, but decreases mean arterial blood pressure and heart rate. IMPLICATIONS: Clonidine in brachial plexus block does not improve postoperative analgesia when mixed with a long-lasting anesthetic. Nevertheless, with or without clonidine, bupivacaine in interscalene block provides a long-lasting analgesia of approximately 15 h.",E,E,exclude,exclude,0.99,0.0,1.0,0.09,0.75,0.47,0.83,0.07,0.39,0.04,0.04,0.02,478.2751549500972,2492,0.000104664,True,,cohen_adhd_r2_ship
134,10839333,10839333,exclude,A positron emission tomography study of quetiapine in schizophrenia: a  preliminary finding of an antipsychotic effect with only transiently high dopamine D2 receptor occupancy.,"BACKGROUND: Quetiapine is a new atypical antipsychotic medication. As such,  relatively little has been published regarding its in vivo effects at the dopamine type 2 (D2) and serotonin type 2a (5-HT2a) receptor systems. The following study was undertaken to explore these effects across the clinical dose range and relate this information to its clinical profile. METHODS: Twelve patients with schizophrenia were randomly assigned to doses of 150 to 600 mg/d (n=3, at 150, 300, 450, and 600 mg/d) of quetiapine. After 3 weeks of treatment, D2 and 5-HT2a occupancy were measured using positron emission tomography (PET) imaging, 12 to 14 hours after the last dose. Clinical efficacy and adverse effect ratings were obtained at baseline, at the time of PET scanning, and at 12 weeks. Two additional patients were included to examine the effects of the drug 2 to 3 hours after last dose. RESULTS: Quetiapine was an effective antipsychotic and improved the extrapyramidal symptoms and prolactin level elevation noted at baseline. It achieved these results with minimal (0%-27%) D2 occupancy 12 hours after the last dose. Study of the additional subjects revealed that quetiapine does give rise to transiently high (58%-64%) D2 occupancy 2 to 3 hours after a single dose that then decreases to minimal levels in 12 hours. CONCLUSIONS: Quetiapine shows a transiently high D2 occupancy, which decreases to very low levels by the end of the dosing interval. Quetiapine's low D2 occupancy can explain its freedom from extrapyramidal symptoms and prolactin level elevation. The data suggest that transient D2 occupancy may be sufficient for its antipsychotic effect. Future studies controlling for nonpharmacological effects as well as activities on other receptors will be necessary to confirm this suggestion.",E,E,exclude,exclude,1.0,0.0,1.0,0.15,0.65,0.46,0.79,0.06,0.42,0.06,0.39,0.02,549.6373879723251,2286,9.6012e-05,True,,cohen_adhd_r2_ship
135,9511946,9511946,exclude,The effects of clozapine on negative symptoms in patients with schizophrenia with  minimal positive symptoms.,"The effectiveness of clozapine in the treatment of the negative symptoms of  schizophrenia remains controversial, as improvements in negative symptoms are invariably accompanied by improvements in positive symptoms and neurological side effects. We examined the effectiveness of treatment with clozapine on negative symptoms in a cohort of patients with minimal positive symptoms. Improvements in positive and negative symptoms were measured by BPRS ratings in a subgroup of schizophrenic patients (n=17, from a state hospital cohort of 75) with minimal positive symptoms, who had received clozapine for 6 months. In this subgroup, significant improvements were noted by a composite score on the three negative symptom items of emotional withdrawal, blunted affect, and motor retardation. Positive and depressive symptoms remained unchanged. The remaining cohort (n=58) showed improvements in overall psychopathology including positive, negative, and depressive symptoms. Interestingly, nearly 50% of each group were discharged from the hospital. These findings suggest that clozapine may be beneficial in the treatment of core negative symptoms, even in the absence of other improvements in psychopathology. This effect of clozapine may be a function of its unique pharmacological profile.",E,E,exclude,exclude,1.0,0.0,1.0,0.15,0.74,0.31,0.77,0.07,0.34,0.07,0.04,0.01,466.8815238401294,2076,8.7192e-05,True,,cohen_adhd_r2_ship
136,11782326,11782326,exclude,A systematic review of adjuncts for intravenous regional anesthesia for surgical  procedures.,"PURPOSE: To review the use of adjuncts to intravenous regional anesthesia (IVRA)  for surgical procedures in terms of their intraoperative effects (efficacy of block and tourniquet pain) and postoperative analgesia. SOURCE: A systematic search (Medline, Embase, reference lists) for randomized, controlled and double-blinded studies using adjuncts to IVRA for surgical procedures was conducted. Data were collected on intraoperative effects (onset/offset and quality of block and tourniquet pain), postoperative effects (pain intensity and analgesic consumption) and side effects recorded. Statistical significance as indicated in the original report and likely clinical relevance were taken into account to arrive at a judgment of overall benefit. PRINCIPAL FINDINGS: Twenty-nine studies met all inclusion criteria. Data on 1,217 study subjects are included. Adjuncts used were opioids (fentanyl, meperidine, morphine, sufentanil), tramadol, non-steroidal anti-inflammatory drugs (NSAIDs; ketorolac, tenoxicam, acetyl-salicylate), clonidine, muscle relaxants (atracurium, pancuronium, mivacurium), alkalinization with sodium bicarbonate, potassium and temperature. There is good evidence to recommend NSAIDs in general and ketorolac in particular, for improving postoperative analgesia. Clonidine 1 microg/kg also appears to improve postoperative analgesia and prolong tourniquet tolerance. Opioids are poor by this route; only meperidine 30 mg or more has substantial postoperative benefit but at the expense of postdeflation nausea, vomiting and dizziness. Muscle relaxants improve intraoperative motor block and aid fracture reduction. CONCLUSION: Using NSAIDs or clonidine as adjuncts to IVRA improves postoperative analgesia and muscle relaxant improves motor block.",E,E,exclude,exclude,1.0,0.0,1.0,0.1,0.27,0.31,0.89,0.07,0.39,0.03,0.06,0.01,598.8567031454295,2240,9.408e-05,True,,cohen_adhd_r2_ship
137,12490774,12490774,exclude,Extrapyramidal symptom profiles assessed with the Drug-Induced Extrapyramidal  Symptom Scale: comparison with Western scales in the clinical double-blind studies of schizophrenic patients treated with either olanzapine or haloperidol.,"The superiority of olanzapine to haloperidol with respect to a decreased  incidence of treatment-emergent extrapyramidal syndromes (EPS) in patients with schizophrenia was demonstrated in studies conducted in both Japan and Western countries. EPS measurements used in Western countries included the Simpson-Angus, Barnes akathisia and the Abnormal Involuntary Movement Scale, while the Drug-Induced Extrapyramidal Symptom Scale (DIEPSS) was used in Japan. The aim of this study was to clarify how the DIEPSS captures EPS profiles. The baseline prevalence and treatment-emergent incidence of EPS in Japanese schizophrenic patients treated with olanzapine or haloperidol were retrospectively compared as assessed by the DIEPSS to the prevalence and incidence of EPS in primarily Caucasian schizophrenic patients who were treated with olanzapine or haloperidol. Specifically, the prevalence and incidence of dyskinesia, akathisia and parkinsonism were compared between the Japanese trial and an international trial to examine if appropriate definitions using the DIEPSS can be derived assuming that a comparable prevalence and incidence of the syndromes would be observed when any differences in residual antipsychotic exposure at the initiation of study treatment were accounted for. For the incidence of all EPS syndromes, odds ratios were observed to be similar between the two studies, indicating that appropriate criteria for the clinical diagnosis of the EPS syndromes could be established based on the DIEPSS. This preliminary and retrospective work suggests that the DIEPSS can be used to operationally define the presence or absence, and make the clinical diagnosis, of specific EPS syndromes.",E,E,exclude,exclude,1.0,0.0,1.0,0.15,0.68,0.58,0.86,0.11,0.37,0.05,0.03,0.01,480.33881303854287,2202,9.2484e-05,True,,cohen_adhd_r2_ship
138,9813957,9813957,exclude,School-based methylphenidate placebo protocols: methodological and practical  issues.,"Around 1990, psychologists and educators began to notice increasing use of  methylphenidate by students. Diagnosis of attention-deficit/hyperactivity disorder by family physicians and pediatricians was most commonly based on brief behavioral descriptions by parents and, infrequently, by use of rating scales. At that time, the present researchers began to explore the development of a school-based, methodologically sound, and inexpensive method of assessing the efficacy of stimulant medications, which would ensure reasonable compliance by teachers, parents, and students in monitoring the effects of medications and placebos. This article focuses on the methodological issues involved in choosing instruments to monitor behavior, once a comprehensive evaluation has suggested trials on Ritalin. Case examples illustrate problems of teacher compliance in filling out measures, supplying adequate placebos, and obtaining physician cooperation, and with the practical issue of providing adequate data without overwhelming the time and resources of participants. Emerging school-based methodologies are discussed with recommendations for future efforts.",5,5,include,include,0.4,0.7,0.3,0.73,0.79,0.64,0.53,0.28,0.46,0.11,0.03,0.03,620.3107440378517,2030,8.526000000000001e-05,False,,cohen_adhd_r2_ship
139,8958487,8958487,exclude,Potentiation of sufentanil by clonidine in PCEA with or without basal infusion.,"Sufentanil or a sufentanil-clonidine combination was evaluated to determine  whether the basal rate in patient-controlled epidural analgesia (PCEA) might affect the daily consumption, quality of analgesia or incidence of side effects. Following Caesarean section delivery, 60 patients were randomly assigned to receive one of the four following PCA regimens (15 patients per group) for the relief of post-operative pain by the epidural route: sufentanil 2 micrograms mL-1 in 0.9% NaCl, demand dose 5 micrograms i.e. 2.5 mL, (group S+ with, group S without an infusion at 2.5 mL hr-1) or sufentanil 2 micrograms mL-1 + clonidine 3 micrograms mL-1, demand dose 5 micrograms sufentanil + 7.5 micrograms clonidine i.e. 2.5 mL (group SC+ with and SC without an infusion of 2.5 ml hr-1). The other PCA settings (Bard I PCA pump) were a lock out of interval of 10 min and a 1 h limit of 20 micrograms sufentanil and 30 micrograms clonidine i.e. 10 mL. The parameters measured were the analgesic drug consumption and number of dose demands during the first 24 h, pain scores at 6 h intervals, side effects and quality of sleep. The concurrent infusion increased the dose requirements regardless of the content of the syringe. Consumption of sufentanil was the highest in those patients receiving the plain solution with a basal infusion. Clonidine addition reduced the dose requirements but only significantly in those receiving the background infusion. Patients treated with the mixture tended to reach lower pain scores than those receiving sufentanil only without basal rate. Patients receiving the mixture with basal rate requested significantly fewer additional demands compared with the three other groups, but this did not influence the quality of sleep. Since side effects were more frequently registered in the patients in this group, it was concluded that the optimum regimen was the sufentanil-clonidine combination but with deletion of the basal rate.",E,E,exclude,exclude,1.0,0.0,1.0,0.06,0.71,0.46,0.84,0.07,0.41,0.04,0.04,0.02,517.1572722028941,2302,9.6684e-05,True,,cohen_adhd_r2_ship
140,8719690,8719690,exclude,Topical apraclonidine hydrochloride in eyes with poorly controlled glaucoma. The  Apraclonidine Maximum Tolerated Medical Therapy Study Group.,"OBJECT: We determined whether the addition of topical apraclonidine hydrochloride  to eyes receiving maximal medical therapy, with inadequate intraocular pressure (IOP) control, and scheduled to undergo surgery, could adequately lower IOP, postponing the need for surgical intervention. DESIGN: A prospective 90 day, multi-centered, placebo-controlled, doublemasked parallel study. PATIENTS: We enrolled 174 glaucoma patients with inadequate IOP control on maximally tolerated medical therapy. All were candidates for either laser trabeculoplasty or invasive surgical intervention. We enrolled only one eye per patient. INTERVENTIONS: We continued to administer maximum-tolerated medical therapy for glaucoma. Patients took the study medication every eight hours. Study medications were either apraclonidine hydrochloride 0.5% or placebo (apraclonidine's vehicle). MAJOR OUTCOME MEASURES: We evaluated IOP, IOP change from baseline, and the number of eyes requiring surgery after the addition of study medication. RESULTS: Sixty one percent of patients treated with apraclonidine maintained adequate IOP control throughout the study, avoiding additional surgery compared to 33.9% patients treated with placebo (P < .001). Apraclonidine treatment resulted in significantly more patients achieving either an additional > or = 20% reduction in IOP from baseline (resulting in an IOP < or = 20 mm Hg) (P < 0.05). The most common ocular complications were conjunctival hyperemia (12.6%), itching and foreign body sensation (6.8%), and tearing (4.5%). The most frequent non-ocular adverse events related to apraclonidine were dry mouth (4.5%) and unusual taste perception (2.2%). CONCLUSIONS: Apraclonidine appears safe and efficacious. It significantly lowered IOP when used in combination with a patient's maximum tolerated medical therapy. This delayed or prevented further glaucoma surgery for at least 90 days in approximately 60% of treated patients.",E,E,exclude,exclude,1.0,0.0,1.0,0.06,0.03,0.34,0.84,0.05,0.4,0.04,0.04,0.02,589.3420760985464,2286,9.6012e-05,True,,cohen_adhd_r2_ship
141,12860772,12860772,exclude,"Aripiprazole, an antipsychotic with a novel mechanism of action, and risperidone  vs placebo in patients with schizophrenia and schizoaffective disorder.","BACKGROUND: Aripiprazole is a dopamine D2 receptor partial agonist with partial  agonist activity at serotonin 5HT1A receptors and antagonist activity at 5HT2A receptors. This multicenter trial examined the efficacy, safety, and tolerability of aripiprazole in patients with acute exacerbation of schizophrenia or schizoaffective disorder. METHODS: In this 4-week double-blind study, 404 patients were randomized to 20 mg/d (n = 101) or 30 mg/d (n = 101) of aripiprazole, placebo (n = 103), or 6 mg/d of risperidone (n = 99). Efficacy assessments included Positive and Negative Syndrome Scale (PANSS) scores and Clinical Global Impression scores. Safety and tolerability evaluations included extrapyramidal symptoms and effects on weight, prolactin, and corrected QT (QTc) interval. RESULTS: Aripiprazole (20 and 30 mg/d) and risperidone (6 mg/d) were significantly better than placebo on all efficacy measures. Separation from placebo occurred at week 1 for PANSS total and positive scores with aripiprazole and risperidone and for PANSS negative scores with aripiprazole. There were no significant differences between aripiprazole and placebo in mean change from baseline in the extrapyramidal symptom rating scales. Mean prolactin levels decreased with aripiprazole but significantly increased 5-fold with risperidone. Mean change in QTc interval did not differ significantly from placebo with any active treatment group. Aripiprazole and risperidone groups showed a similar low incidence of clinically significant weight gain. CONCLUSIONS: Aripiprazole is effective, safe, and well tolerated for the positive and negative symptoms in schizophrenia and schizoaffective disorder. It is the first non-D2 receptor antagonist with clear antipsychotic effects and represents a novel treatment development for psychotic disorders.",E,E,exclude,exclude,0.99,0.0,1.0,0.12,0.61,0.53,0.86,0.06,0.35,0.05,0.03,0.01,543.2289210148156,2287,9.6054e-05,True,,cohen_adhd_r2_ship
142,12045757,12045757,include,Attention-Deficit/Hyperactivity Disorder and methylphenidate: a dose-response  analysis and parent-child comparison of somatic complaints.,"The authors examined parent and child ratings of somatic complaints in 65  children with Attention-Deficit/Hyperactivity Disorder (ADHD) who received four doses (5 mg, 10 mg, 15 mg, 20 mg) of methylphenidate (MPH) in the context of a double-blind, placebo controlled, within-subject (crossover) experimental design. Results indicated that parent and child ratings of somatic complaints decreased in a linear fashion from baseline levels as a function of increasing MPH dose and showed minimal variation across MPH conditions. Statistical comparisons of specific somatic complaints indicated minimal agreement between parents and children in contrast to the nearly identical parent-child dose-response curves. The paradoxical findings of fewer somatic complaints associated with MPH, importance of obtaining children's perceptions of MPH treatment, and implications for measuring somatic complaints are discussed.",I,I,include,include,0.95,0.97,0.03,0.86,0.89,0.7,0.86,0.06,0.48,0.04,0.03,0.02,510.9832091256976,2016,8.4672e-05,True,,cohen_adhd_r2_ship
143,8079014,8079014,exclude,[Clonidine in the treatment of tobacco withdrawal. A comparison with nicotine  chewing gum].,The objective of our work was to carry out a prospective study on the  effectiveness of clonidine and nicotine gum in the treatment of tobacco withdrawal. Sixty smokers were randomly distributed in two groups and were included in a tobacco withdrawal program. One group received oral clonidine treatment while the other group was given nicotine gum. Adjuvant therapy such as group therapy or psychotherapy was not performed. At the end of one year there were no significant differences between the two groups with regards to the number of subjects who have continued to stop smoking. There were also no significant differences between the two groups with regards to the symptoms of tobacco abstinence. When we studied the relation between treatment fulfillment and tobacco withdrawal we observed that the clonidine treated group had a significantly greater number of success compared to the nicotine group (p < 0.01).,E,E,exclude,exclude,0.97,0.01,0.99,0.05,0.86,0.31,0.85,0.07,0.37,0.04,0.03,0.02,493.9181699883193,1992,8.3664e-05,True,,cohen_adhd_r2_ship
144,12355680,12355680,exclude,Risperidone decreases craving and relapses in individuals with schizophrenia and  cocaine dependence.,"OBJECTIVE: To examine the efficacy of atypical neuroleptics for decreasing  craving and drug relapses during protracted withdrawal in individuals dually diagnosed with schizophrenia and cocaine dependence. METHOD: We conducted a 6-week, open-label pilot study comparing risperidone with typical neuroleptics in a sample of withdrawn cocaine-dependent schizophrenia patients. RESULTS: Preliminary results suggest that individuals treated with risperidone had significantly less cue-elicited craving and substance abuse relapses at study completion. Further, they showed a trend toward a greater reduction in negative and global symptoms of schizophrenia. CONCLUSION: Atypical neuroleptics may help reduce craving and relapses in this population. Future research should include more rigorous double-blind placebo-controlled studies with this class of medications.",E,E,exclude,exclude,0.99,0.0,1.0,0.16,0.73,0.31,0.75,0.07,0.35,0.05,0.04,0.01,454.098500078544,1989,8.353800000000001e-05,True,,cohen_adhd_r2_ship
145,11865128,11865128,include,Treatment of ADHD in children with tics: a randomized controlled trial.,"BACKGROUND: The treatment of children with attention deficit hyperactivity  disorder (ADHD) and Tourette syndrome (TS) has been problematic because methylphenidate (MPH)--the most commonly used drug to treat ADHD--has been reported to worsen tics and because clonidine (CLON)--the most commonly prescribed alternative--has unproven efficacy. METHODS: The authors conducted a multicenter, randomized, double-blind clinical trial in which 136 children with ADHD and a chronic tic disorder were randomly administered CLON alone, MPH alone, combined CLON + MPH, or placebo (2 x 2 factorial design). Each subject participated for 16 weeks (weeks 1-4 CLON/placebo dose titration, weeks 5-8 added MPH/placebo dose titration, weeks 9-16 maintenance therapy). RESULTS: Thirty-seven children were administered MPH alone, 34 were administered CLON alone, 33 were administered CLON + MPH, and 32 were administered placebo. For our primary outcome measure of ADHD (Conners Abbreviated Symptom Questionnaire--Teacher), significant improvement occurred for subjects assigned to CLON (p < 0.002) and those assigned to MPH (p < 0.003). Compared with placebo, the greatest benefit occurred with combined CLON + MPH (p < 0.0001). CLON appeared to be most helpful for impulsivity and hyperactivity; MPH appeared to be most helpful for inattention. The proportion of individual subjects reporting a worsening of tics as an adverse effect was no higher in those treated with MPH (20%) than those being administered CLON alone (26%) or placebo (22%). Compared with placebo, measured tic severity lessened in all active treatment groups in the following order: CLON + MPH, CLON alone, MPH alone. Sedation was common with CLON treatment (28% reported moderate or severe sedation), but otherwise the drugs were tolerated well, including absence of any evident cardiac toxicity. CONCLUSIONS: Methylphenidate and clonidine (particularly in combination) are effective for ADHD in children with comorbid tics. Prior recommendations to avoid methylphenidate in these children because of concerns of worsening tics are unsupported by this trial.",I,I,include,include,0.99,1.0,0.0,0.74,0.7,0.79,0.86,0.04,0.36,0.02,0.02,0.02,545.432971091941,2312,9.7104e-05,True,,cohen_adhd_r2_ship
146,11140235,11140235,include,Managing ADHD in general practice. N of 1 trials can help!,"OBJECTIVE: To pilot single patient trials designed to improve decision making  about stimulant use for attention deficit hyperactivity disorder (ADHD) in general practice. METHOD: Patients previously stabilised on dexamphetamine were enrolled from a general practice. Each undertook a six week same patient randomised, double blind, placebo controlled crossover comparison of dexamphetamine with placebo for ADHD. Rating scales were completed weekly by self, parent and teacher. RESULTS: Three of the four patients were clear responders to dexamphetamine (including a noncompleter, as his results still demonstrated a clear response). The results were clinically useful in each case. Management was confirmed for three patients and changed for one (who ceased dexamphetamine). DISCUSSION: Prescribing stimulant medications only to children with diagnosed ADHD and who are found to respond, limits use of these worrisome drugs to those who will respond, and minimises their use in those who will not benefit.",I,I,include,include,0.98,0.99,0.01,0.86,0.84,0.87,0.63,0.1,0.35,0.04,0.02,0.02,622.97298386693,2023,8.496600000000001e-05,True,,cohen_adhd_r2_ship
147,12640225,12640225,exclude,An open-label trial of modafinil augmentation in patients with partial response  to antidepressant therapy.,,E,E,exclude,exclude,0.86,0.07,0.93,0.13,0.65,0.44,0.69,0.15,0.41,0.09,0.08,0.03,507.436566054821,1826,7.6692e-05,True,,cohen_adhd_r2_ship
148,12005317,12005317,exclude,Treatment of ADHD in neurofibromatosis type 1.,"Forty-six of 93 children with neurofibromatosis type 1 (NF1) were found to  satisfy the diagnostic criteria for attention-deficit-hyperactivity disorder (ADHD). Detailed comparisons were made among 20 children with NF1 and ADHD (12 males, 8 females; mean age 10.7 years, SD 2.2), 26 control children with NF1 (15 males, 11 females; mean age 11.3 years, SD 2.3), 14 control children with ADHD (7 males; mean age 9.9 years, SD 1.9), and 14 normally developing control children (7 males; mean age 11.2 years, SD 2.8). Children with NF1 and ADHD had the lowest IQ scores among the four groups. Test of Variables of Attention (TOVA) scores were poorer in the NF1-ADHD and ADHD control groups than in the two non-ADHD groups. Those with NF1 and ADHD were rated significantly poorer on the Child Behavior Checklist (CBCL) than were the NF1 control group. By administrating low doses (5 to 15 mg) of methylphenidate to the NF1-ADHD group, significantly improved TOVA scores were obtained. One-year follow-up yielded significantly improved CBCL scores. Our results show a high incidence of ADHD in NF1 and support an association between ADHD and learning and social problems in children with NF1. It was demonstrated that stimulant medication can lead to improvement in cognitive, academic, and social problems of children with NF1 and ADHD.",6,6,include,include,0.99,1.0,0.0,0.89,0.76,0.86,0.83,0.06,0.42,0.05,0.03,0.02,536.2806299235672,2162,9.0804e-05,False,,cohen_adhd_r2_ship
149,10671903,10671903,exclude,Non-linear pharmacokinetics of MDMA ('ecstasy') in humans.,"AIMS: 3,4-Methylenedioxymethamphetamine (MDMA, commonly called ecstasy) is a  synthetic compound increasingly popular as a recreational drug. Little is known about its pharmacology, including its metabolism and pharmacokinetics, in humans in controlled settings. A clinical trial was designed for the evaluation of MDMA pharmacological effects and pharmacokinetics in healthy volunteers. METHODS: A total of 14 subjects were included. In the pilot phase six received MDMA at 50 (n=2), 100 (n=2), and 150 mg (n=2). In the second phase eight received MDMA at both 75 and 125 mg (n=8). Subjects were phenotyped for CYP2D6 activity and were classified as extensive metabolizers for substrates, such as MDMA, whose hepatic metabolism is regulated by this enzyme. Plasma and urine samples were collected throughout the study for the evaluation of MDMA pharmacokinetics. Body fluids were analysed for the determination of MDMA and its main metabolites 3,4-methylenedioxyamphetamine (MDA), 4-hydroxy-3-methoxy-methamphetamine (HMMA) and 4-hydroxy-3-methoxy-amphetamine (HMA). RESULTS: As the dose of MDMA administered was increased, volunteers showed rises in MDMA concentrations that did not follow the same proportionality which could be indicative of nonlinearity. In the full range of doses tested the constant recovery of HMMA in the urine combined with the increasing MDMA recovery seems to point towards a saturation or an inhibition of MDMA metabolism (the demethylenation step). These observations are further supported by the fact that urinary clearance was rather constant while nonrenal clearance was dose dependent. CONCLUSIONS: It has previously been postulated that individuals genetically deficient for the hepatic enzyme CYP2D6 (about 10% of the Caucasian people) were at risk of developing acute toxicity at moderate doses of MDMA because the drug would accumulate in the body instead of being metabolized and inactivated. The lack of linearity of MDMA pharmacokinetics (in a window of doses compatible with its recreational use) is a more general phenomenon as it concerns the whole population independent of their CYP2D6 genotype. It implies that relatively small increases in the dose of MDMA ingested are translated to disproportionate rises in MDMA plasma concentrations and hence subjects are more prone to develop acute toxicity.",E,E,exclude,exclude,1.0,0.0,1.0,0.08,0.06,0.38,0.48,0.07,0.63,0.08,0.14,0.01,488.067755009979,2383,0.000100086,True,,cohen_adhd_r2_ship
150,11669086,11669086,exclude,The effects of olanzapine on neurocognitive functioning in medication-refractory  schizophrenia.,"Neurocognitive deficits are an enduring characteristic of schizophrenia, and  remain prominent in patients whose positive symptoms have decreased after treatment with typical neuroleptics. Recent research has reported that olanzapine improves cognitive functioning in relapsing schizophrenia followed in an outpatient setting. Whether olanzapine will have an effect on improving cognitive function in chronic schizophrenics who have been hospitalized for long periods of time, and have shown a poor response to other conventional and atypical neuroleptics, has not been established. This study investigated cognitive function in chronic medication refractory schizophrenics who were treated with olanzapine or haloperidol in a double-blind study for 8 wk, and followed in an open olanzapine study for several additional months. Patients were evaluated with psychopathology rating scales and a battery of neuropsychological tests at baseline, end of double-blind and end of open-label phases of the study. At the end of the double-blind phase there were no significant differences between olanzapine and haloperidol, except for a trend for improvement on the Wisconsin Card Sort Test on olanzapine, which was significant at traditional but not corrected significance levels. After an additional 3 months of treatment with olanzapine doses of 20-40 mg/d, our statistical analysis showed significant improvement on overall neuropsychological test performance and specific cognitive tasks assessing verbal memory. However, these open-label results are difficult to interpret definitively because of the lack of a comparison drug group and the olanzapine dose escalation over time. Neurocognitive changes were not correlated with changes in psychopathology as assessed by PANSS or SANS scores.",E,E,exclude,exclude,0.97,0.01,0.99,0.15,0.57,0.35,0.76,0.07,0.34,0.05,0.05,0.01,566.4696048479527,2183,9.1686e-05,True,,cohen_adhd_r2_ship
151,12650950,12650950,exclude,Nizatidine for prevention of weight gain with olanzapine: a double-blind  placebo-controlled trial.,"Weight gain is associated with treatment with olanzapine and other psychotropic  agents. Nizatidine, a histamine H-2 receptor antagonist, has been proposed to have weight-reducing effects. This double-blind trial evaluated the efficacy of nizatidine in limiting weight gain in patients with schizophrenia and related disorders who were treated with olanzapine for up to 16 weeks. After an initial screening period, 175 patients were randomized to receive olanzapine (5-20 mg) with either placebo or nizatidine (150 mg b.i.d. or 300 mg b.i.d.). Significantly less weight gain was observed on average at weeks 3 and 4 with olanzapine+nizatidine 300 mg b.i.d. (P<0.05) compared to olanzapine+placebo, but the difference was not statistically significant at 16 weeks. Nizatidine was well-tolerated and did not adversely affect clinical outcomes. Nizatidine 300 mg b.i.d. may have an early transient effect in limiting the weight gain, but this potential early effect appeared to be diminished or eliminated by 16 weeks.",E,E,exclude,exclude,0.98,0.01,0.99,0.17,0.73,0.57,0.84,0.06,0.35,0.04,0.04,0.01,532.7099298592657,2086,8.761200000000001e-05,True,,cohen_adhd_r2_ship
152,11541691,11541691,exclude,Relative efficacy of the proposed Space Shuttle antimotion sickness medications.,"Space motion sickness has been estimated as affecting between 1/3 and 1/2 of all  space flight participants. NASA has at the moment proposed a combination of promethazine and ephedrine (P/E) and one of scopolamine and dextroamphetamine (S/D), both given orally, as well as a transdermally applied scopolamine (TAS), as preventive and ameliorative measures. The reported double-blind study, tests the early phase actions and efficacy of the transdermal scopolamine (Transderm (TM)-V of ALZA Corporation) and compares these in detail to the oral medications. Motion sickness resistance was tested by standardized head movements while accelerating at 0.2 degree/sec2 to a maximum rotation of 240 degrees/sec, with an intermediate plateau of 10 min at 180 degrees/sec. To permit weighting motion sickness protection against other system influences, cardiovascular, psychological (subjective and objective), and visual parameter changes were documented for the three therapeutic modes. The relative impact of the various modalities on operational and experimental components of space missions is discussed. A comparison to intramuscularly administered promethazine (a backup therapeutic mode suggested for Space Shuttle use) is also included.",E,E,exclude,exclude,1.0,0.0,1.0,0.09,0.86,0.37,0.81,0.11,0.48,0.06,0.06,0.08,590.7286810688674,2080,8.736e-05,True,,cohen_adhd_r2_ship
153,7770313,7770313,include,The treatment of attention-deficit hyperactivity disorder in Tourette's syndrome:  a double-blind placebo-controlled study with clonidine and desipramine.,"OBJECTIVES: Because psychostimulants can exacerbate preexisting motor/phonic tics  in individuals with Tourette's syndrome (TS), a clinical trial was performed to examine the ability of clonidine and desipramine to modify attention-deficit hyperactivity disorder (ADHD) behaviors in children with TS + ADHD. METHODS: A double-blind, placebo-controlled protocol was used in which each subject served as his or her own control and received, in a randomly assigned fashion, 6-week medication cycles with clonidine (0.05 mg four times daily), desipramine (25 mg four times daily), and placebo. RESULTS: Thirty-seven children with TS+ADHD between the ages 7 to 13 years and of normal intellect were recruited, and 34 (31 males, 3 females) completed the entire protocol. Outcome measures for ADHD included Parent and Teacher Child Behavior Checklists (CBCL), continuous performance tests, and neuropsychologic tests of executive function. Several markers for ADHD were shown to improve significantly (P < .05) after treatment with desipramine (parent linear analogue rating, parent CBCL ""hyperactivity"" subscale, and teacher CBCL subscales ""nervous/overactive,"" ""anxious,"" and ""unpopular""). Improvement with desipramine was always superior to that noted with clonidine. Clinical improvement did not correlate with drug blood levels. On measures of tic severity, neither drug made tics worse. Desipramine showed a statistically significant improvement on a global linear analogue scale, but not on the Hopkins Motor/Vocal Tic Severity Scale, the Tourette Syndrome Severity Scale, or the Yale Global Tic Severity Scale. Clonidine did not significantly alter tic severity on any measure. CONCLUSION: The results of this study suggest that desipramine may be a useful alternative for the treatment of symptoms of ADHD in children with TS.",I,I,include,include,0.97,0.98,0.02,0.83,0.85,0.76,0.8,0.04,0.32,0.03,0.02,0.01,486.6519870702177,2247,9.4374e-05,True,,cohen_adhd_r2_ship
154,9771298,9771298,exclude,Effects of premedication on dose requirements for propofol: comparison of  clonidine and hydroxyzine.,"The influence of a single dose of clonidine (5 micrograms kg-1) or hydroxyzine (1  mg kg-1) on intraoperative propofol requirements was determined in 28 male patients (ASA I) undergoing elective orthopaedic surgery. Patients were randomly allocated to receive either clonidine or hydroxyzine orally 2 h before induction of anaesthesia. After a loading dose of propofol (2.5 mg kg-1), mivacurium (0.2 mg kg-1) and alfentanil (15 micrograms kg-1), anaesthesia was maintained with a standardized propofol infusion supplemented with nitrous oxide (66%) in oxygen. During surgery, additional propofol boluses (1 mg kg-1) were administered when heart rate or mean arterial pressure increased by more than 10% compared with preinduction values. The clonidine group demonstrated a 14.5% decrease in total propofol requirements (P < 0.05) and a 52.2% reduction in additional propofol boluses (P < 0.02) in comparison with the hydroxyzine group. intraoperative heart rate and mean arterial pressure were significantly lower in the clonidine group but no patients needed treatment with ephedrine for hypotension or bradycardia. Recovery of psychomotor function and discharge from the recovery room were not delayed in the clonidine group. This study indicates that 5 micrograms kg-1 clonidine given as premedication in ASA I patients reduces intraoperative propofol requirements in comparison with 1 mg kg-1 hydroxyzine without inducing adverse effects on recovery or haemodynamic stability.",E,E,exclude,exclude,1.0,0.0,1.0,0.07,0.76,0.27,0.82,0.05,0.49,0.03,0.03,0.01,619.1931371577084,2208,9.2736e-05,True,,cohen_adhd_r2_ship
155,11793611,11793611,exclude,"Risk of extrapyramidal syndromes with haloperidol, risperidone, or olanzapine.","OBJECTIVE: To compare the risk of extrapyramidal syndrome (EPS) between  risperidone, olanzapine, and haloperidol, taking into account patients' past antipsychotic drug use and past EPS. METHODS: Data were obtained from the PHARMO-database, containing filled prescriptions of 450,000 community-dwelling people in the Netherlands from 1986 through 1999. We defined cohorts of first-time users of haloperidol, risperidone, or olanzapine aged 15 to 54 years. In the first 90 days of treatment, we assessed the occurrence of EPS, defined as first use of any antiparkinsonian agent. We estimated relative risks of EPS for risperidone and olanzapine versus haloperidol using a Cox proportional hazards model. Patients were subdivided according to prior use of antipsychotic and antiparkinsonian drugs. RESULTS: We identified 424 patients starting treatment with haloperidol, 243 with risperidone, and 181 with olanzapine. Prior use of antipsychotic plus antiparkinsonian medication was significantly more frequent among users of risperidone and olanzapine than in those using haloperidol (36.2%, 40.3%, and 4.5%, respectively; p < 0.001). Within most subgroups of comparable treatment history, patients using risperidone and olanzapine showed reduced risks of EPS compared with haloperidol, although some of these findings did not reach statistical significance (RR 0.03-0.22). However, this was not observed for patients using risperidone who had experienced EPS in the past (RR 1.30; 95% CI 0.24 to 7.18). CONCLUSIONS: In general, we observed reduced risks of EPS for risperidone and olanzapine compared with haloperidol within subgroups of patients with a similar treatment history. However, the added value of risperidone in patients who have experienced EPS in the past needs further study.",E,E,exclude,exclude,0.98,0.01,0.99,0.14,0.65,0.65,0.89,0.05,0.35,0.03,0.04,0.01,478.9546341635287,2304,9.6768e-05,True,,cohen_adhd_r2_ship
156,10434228,10434228,exclude,Population pharmacokinetics of methylphenidate in children with attention-deficit  hyperactivity disorder.,"Sources of individual variation in plasma methylphenidate (MP) concentrations  during usual clinical use are not established. This was evaluated in a series of patients receiving clinical treatment with MP. A single plasma MP concentration was determined in each of 273 children and adolescents ages 5 to 18 years (mean: 11.1 years) who were clinically good responders to MP for the treatment of attention-deficit hyperactivity disorder. MP was given on a twice-daily schedule (mean dose: 25 mg/day) in 40% of patients and three times daily (mean dose: 39.3 mg/day) in 60%. A nonlinear regression model was applied to estimate overall population values of MP clearance and elimination half-life (t1/2), assuming a one-component model with first-order absorption and elimination, and further assuming that clearance is linearly related to body weight. The model incorporated each patient's dosage size and schedule, body weight, and time of the plasma sample. Iterated solutions of best fit were: t1/2, 4.5 hours (95% confidence interval [CI]: 3.1-8.1 hours), and apparent clearance, 90.7 ml/min/kg (95% CI: 74.6-106.7 ml/min/kg). The model explained 43% of the overall variance in MP concentrations (r2 = 0.43, p < .001). In a small subsample (N = 16), a second plasma sample was drawn at the same time of day and at the same dose; the correlation between the two concentration values was 0.83. The relatively noninvasive approach used in this study allows the assessment of pharmacokinetic properties of medications under conditions of appropriate clinical use in special populations such as children, adolescents, and the elderly.",6,6,exclude,exclude,0.98,0.01,0.99,0.8,0.71,0.38,0.36,0.06,0.8,0.1,0.1,0.03,615.5310689937323,2229,9.3618e-05,True,,cohen_adhd_r2_ship
157,12777271,12777271,exclude,Long-acting injectable risperidone: efficacy and safety of the first long-acting  atypical antipsychotic.,"OBJECTIVE: The authors assessed the efficacy and safety of the first long-acting  atypical antipsychotic (long-acting injectable risperidone) in patients with schizophrenia. METHOD: In a 12-week, multicenter, double-blind, randomized study, patients received intramuscular injections every 2 weeks of placebo or long-acting risperidone (25 mg, 50 mg, or 75 mg). The primary measure of efficacy was the change in total score on the Positive and Negative Syndrome Scale. RESULTS: Of the 554 patients who were enrolled, 400 entered the double-blind study, and 370 received at least one postbaseline assessment. Mean changes in score of -6.2, -8.5, and -7.4 on the Positive and Negative Syndrome Scale were seen at endpoint for the 25-, 50-, and 75-mg risperidone groups, respectively; all three change scores were significantly different from that seen with placebo (+2.6). Improvements in positive and negative symptoms were also significantly greater in patients receiving risperidone. Long-acting risperidone was well tolerated. Adverse events related to extrapyramidal symptoms were spontaneously reported by 13% of patients receiving placebo and 10% of patients in the 25-mg risperidone group, with higher rates in the 50-mg and 75-mg groups. Severity of extrapyramidal symptoms was mild at baseline and throughout the trial in each treatment group. Mean weight changes were small in the 25-, 50-, and 75-mg risperidone groups (0.5 kg, 1.2 kg, and 1.9 kg, respectively). Injection site pain was rated as low by the patients, consistent with the investigators' pain ratings. CONCLUSIONS: Long-acting injectable risperidone was efficacious and well tolerated and provides both clinicians and patients with a new mode of treatment that can improve the outcome of long-term therapy.",E,E,exclude,exclude,1.0,0.0,1.0,0.14,0.51,0.53,0.81,0.06,0.44,0.05,0.03,0.05,532.7986399643123,2280,9.576e-05,True,,cohen_adhd_r2_ship
158,9243353,9243353,exclude,"Desmethylselegiline, a metabolite of selegiline, is an irreversible inhibitor of  monoamine oxidase type B in humans.","Selegiline, an irreversible and selective inhibitor of monoamine oxidase type B  (MAO-B), is metabolized into desmethylselegiline, levomethamphetamine, and levoamphetamine. In animal experiments, desmethylselegiline also has been shown to be an irreversible inhibitor of MAO-B. This study investigated the inhibitory potential of MAO-B and the pharmacokinetics of desmethylselegiline in humans. A double-blind, crossover trial was performed to compare the effects of a single dose (10 mg) of selegiline or desmethylselegiline on MAO-B platelet activity. The urinary excretion of phenylethylamine, which is considered to be a parameter of MAO-B inhibition, also was measured. The concentrations of selegiline, desmethylselegiline, and their metabolites were measured in plasma after administration of the two compounds. Ten healthy volunteers participated in the study. There was a clear inhibition of platelet MAO-B by both compounds. Desmethylselegiline caused a 63.7 +/- 12.7% inhibition of platelet MAO-B compared with 96.4 +/- 3.9% caused by selegiline. The maximal inhibition by desmethylselegiline was reached significantly later after desmethylselegiline (time to reach maximal inhibition [tmax], 27 +/- 20 hours) than after selegiline administration (tmax, 1.4 +/- 1.4 hours). The platelet MAO-B activity returned to baseline levels within 2 weeks, thus reflecting the irreversible nature of the inhibition by both compounds. The cumulative 48-hour excretion of phenylethylamine was 33% lower after desmethylselegiline than after selegiline administration. All three major metabolites of selegiline could be detected in plasma after selegiline administration. Levoamphetamine was the only metabolite of desmethylselegiline. The area under the concentration-time curve from time 0 to 24 hours (AUC0-24) of desmethylselegiline was 33 times higher than that of selegiline, suggesting a better bioavailability of desmethylselegiline. Desmethylselegiline is an orally active, irreversible inhibitor of MAO-B and could possibly be used to treat Parkinson's disease in the same way as selegiline.",E,E,exclude,exclude,1.0,0.0,1.0,0.12,0.13,0.41,0.44,0.08,0.79,0.11,0.38,0.04,570.6088640727103,2367,9.9414e-05,True,,cohen_adhd_r2_ship
159,7639365,7639365,exclude,An isobolographic study of epidural clonidine and fentanyl after cesarean  section.,"Although the epidural administration of clonidine and fentanyl provides pain  relief after surgery, the interaction between the two drugs has not been examined formally. This study used an isobolographic method to determine whether epidurally administered fentanyl and clonidine interact in an additive or synergistic manner. Ninety women with moderate to severe pain after elective cesarean section under epidural anesthesia were studied. Using a randomized, double-blind protocol, we assigned each patient to receive a single epidural injection of one of three doses of fentanyl, clonidine, or a fixed ratio combination. Pain relief, blood pressure (BP), heart rate (HR), and sedation were measured 15 min after injection. Each drug alone and in combination produced analgesia, as measured by pain relief scores, and reduced need for intravenous morphine. Although the effective dose producing analgesia in 50% of patients (ED50) for the mixture was only 52% of that predicted by an additive interaction, this did not differ significantly from additivity, likely due to large variability. Clonidine, alone or in combination with fentanyl, produced a minor reduction in BP, but did not affect HR or cause more sedation than fentanyl. Unlike studies in rodents, this clinical study did not demonstrate synergy between fentanyl and clonidine. This could reflect a true species difference or differences in methodologies used. Nonetheless, a reduced dose of fentanyl and clonidine can be combined for excellent analgesia.",E,E,exclude,exclude,1.0,0.0,1.0,0.06,0.69,0.36,0.83,0.06,0.42,0.03,0.03,0.01,498.3991710469127,2142,8.9964e-05,True,,cohen_adhd_r2_ship
160,9622044,9622044,exclude,Clonidine does not potentiate the antipsychotic effects of neuroleptics in  chronically ill patients.,"Clonidine is a centrally acting antihypertensive and has been prescribed widely  for more than 20 years. Because it decreases central norepinephrine activity, clonidine has been investigated as an antipsychotic. In most of the preliminary studies, clonidine was tested as the sole antipsychotic agent. We performed a double-blind, placebo-controlled, crossover study to compare a placebo plus a neuroleptic to clonidine plus a neuroleptic in a group of 16 chronically psychotic patients. Of these 16, 3 dropped out secondary to side effects of the clonidine and 1 withdrew from the study. The clonidine dosage varied from 0.2 to 0.6 mg per day. The concurrent neuroleptic (one of the following: haloperidol, thiothixene, thioridazine, mesoridazine, or fluphenazine) averaged 34 mg per day of haloperidol equivalents. Symptoms were monitored using the Psychiatric Symptoms Assessment Scale. The data provided evidence that a clonidine/neuroleptic combination was not more effective than a neuroleptic alone in this group of patients. These data suggest that the central antinorepinephrine activity of a neuroleptic is not potentiated further by clonidine.",E,E,exclude,exclude,0.97,0.02,0.98,0.17,0.7,0.55,0.82,0.07,0.41,0.06,0.04,0.02,471.65740886703134,2114,8.8788e-05,True,,cohen_adhd_r2_ship
161,8679366,8679366,exclude,Spinal clonidine produces less urinary retention than spinal morphine.,"We have conducted a double-blind, randomized study in two groups of 20 patients  each, undergoing hip surgery during spinal anaesthesia, to compare the incidence of urinary retention after spinal morphine or clonidine. Patients received 0.5% spinal bupivacaine 15 mg combined with either clonidine 75 micrograms or morphine 0.2 mg. After operation, patients were examined for micturition, bladder distension, or both; when they failed to void, they received naloxone 0.2 mg, and if bladder distension persisted, a catheter was inserted. At 12 h, all patients in the morphine group but only five in the clonidine group had bladder distension, and at 24 h this was present in seven and one patient in the morphine and clonidine groups, respectively (P < 0.001). Naloxone was given in 16 and one, and a catheter was placed in one and six patients in the morphine and clonidine groups, respectively (P < 0.001). We conclude that spinal clonidine impaired bladder function to a lesser extent than morphine.",E,E,exclude,exclude,0.99,0.0,1.0,0.08,0.78,0.44,0.88,0.07,0.45,0.03,0.04,0.01,561.64560909383,2080,8.736e-05,True,,cohen_adhd_r2_ship
162,7980374,7980374,exclude,Efficacy of methylphenidate and behavioral intervention on classroom behavior in  children with ADHD and mental retardation.,"Using a combination of an alternating treatment and double-blind  placebo-controlled drug design, the independent and combined effects of two behavioral interventions and two doses of methylphenidate (MPH) in 3 children with Attention Deficit Hyperactivity Disorder (ADHD) and mental retardation (MR) were assessed. In this single subject design, 2 of the 3 subjects responded positively to medication as measured by increased on-task behavior. The first behavioral intervention, a token economy for on-task behavior, was ineffective for increasing either on-task behavior or work accuracy when combined with placebo. However, improvement in work accuracy was realized with implementation of a second behavioral intervention that specifically targeted accuracy independent of drug conditions. The current findings highlight both the positive effects and limitations of the two commonly used treatment modalities for ADHD. Future studies should continue to extend this area of investigative efforts to produce more data-based knowledge as to the appropriate doses of treatment, both pharmacological and behavioral, with children with both ADHD and mental retardation.",6,6,include,include,0.97,0.98,0.02,0.86,0.78,0.86,0.49,0.06,0.42,0.03,0.02,0.02,546.8654120340943,2041,8.5722e-05,False,,cohen_adhd_r2_ship
163,10637678,10637678,exclude,Lessons from large trials: the MTA study as a model for evaluating the treatment  of childhood psychiatric disorder.,"OBJECTIVE: To review the methodology of the Multimodal Treatment Study of  Children With Attention-Deficit Hyperactivity Disorder (ADHD), the MTA study, and its implications for the design of future child mental health treatment studies. METHOD: The characteristics of large-scale studies envisioned by trialists engaged in cardiovascular and cancer research provide the framework for reviewing key elements of the MTA study--objectives, research questions, measurement, sampling, and exposure to treatment--and discussing important methodological decisions the MTA investigators had to make. RESULTS: The MTA study is a complex, standardized, carefully implemented, randomized control trial. Review of the MTA study indicated that future studies should be aligned clearly with either effectiveness or efficacy objectives but not both. Questions selected for study should be simple, clear, and important. Measurement, sampling, and data collection must adhere to the principle of simplicity to ensure maximum participation. All methodological decisions should be geared to attaining the research objectives: in effectiveness trials, this means evaluating treatments that have a high potential for dissemination if proven successful and recruiting only new referrals from child mental health settings. CONCLUSIONS: The MTA study has raised the standard for technical excellence in child treatment research and will draw attention to some fundamental issues in large-scale child treatment studies, including articulating objectives and questions, setting priorities for measurement and sampling, and identifying treatments for evaluation that have a high probability of dissemination if found effective.",E,E,exclude,exclude,0.19,0.4,0.6,0.77,0.25,0.53,0.83,0.25,0.4,0.04,0.03,0.02,725.48872907646,2127,8.933400000000001e-05,True,,cohen_adhd_r2_ship
164,12831341,12831341,exclude,Atomoxetine: a selective noradrenaline reuptake inhibitor for the treatment of  attention-deficit/hyperactivity disorder.,"Atomoxetine (Strattera, Eli Lilly & Co.) is a selective noradrenaline reuptake  inhibitor that has been studied for use in the treatment of attention-deficit/hyperactivity disorder (ADHD). So far, two open-label and seven randomised, double-blind, placebo-controlled, clinical trials have been published, six in youths and three in adults. Each of these trials has shown a positive response as measured by the primary efficacy measures, the ADHD-IV Rating Scale (ADHD RS) or the Conners Adult ADHD Rating Scale (CAARS). Atomoxetine has generally been well tolerated. In November of 2002 the FDA approved atomoxetine for use in the US for the treatment of ADHD in children, adolescents and adults. Atomoxetine is the first nonstimulant approved by the FDA for the treatment of ADHD and the first medication approved for the treatment of adult ADHD.",5,5,exclude,exclude,0.23,0.39,0.61,0.86,0.56,0.75,0.8,0.76,0.46,0.86,0.03,0.03,555.2631188184023,2025,8.505000000000001e-05,True,,cohen_adhd_r2_ship
165,9860108,9860108,exclude,Ziprasidone 40 and 120 mg/day in the acute exacerbation of schizophrenia and  schizoaffective disorder: a 4-week placebo-controlled trial.,"A double-blind, placebo-controlled, multicenter study, was performed to evaluate  the efficacy and safety of ziprasidone in 139 patients with an acute exacerbation of schizophrenia or schizoaffective disorder. Patients were randomized to receive ziprasidone 40 mg/day, 120 mg/day or placebo for 28 days. Ziprasidone 120 mg/day was significantly more effective than placebo in improving the BPRS total, CGI-S. BPRS depression cluster and BPRS anergia cluster scores (all P < 0.05). Similarly, the percentages of patients classified as responders on the BPRS (> or = 30% reduction) and the CGI improvement (score < or = 2) were significantly greater with ziprasidone 120 mg/day compared with placebo (P < 0.05). The number of patients who experienced an adverse event was similar in all three treatment groups, and discontinuation due to adverse events was rare (five of 91 ziprasidone-treated patients). The most frequently reported adverse events, that were more common in either ziprasidone group than in the placebo group, were dyspepsia, constipation, nausea and abdominal pain. There was a notably low incidence extrapyramidal side-effects (including akathisia) and postural hypotension and no pattern of laboratory abnormalities or apparent weight gain. Ziprasidone-treated patients were not clinically different from placebo-treated patients on the Simpson-Angus Rating scale, Barnes Akathisia scale and AIMS assessments. These results indicate that ziprasidone 120 mg/day is effective in the treatment of the positive, negative and affective symptoms of schizophrenia and schizoaffective disorder with a very low side-effect burden.",E,E,exclude,exclude,0.99,0.01,0.99,0.13,0.63,0.54,0.83,0.07,0.42,0.05,0.02,0.01,578.7646160461009,2228,9.3576e-05,True,,cohen_adhd_r2_ship
166,8251696,8251696,exclude,Pharmacoepidemiology of clozapine in 202 inpatients with schizophrenia.,"OBJECTIVE: To evaluate clozapine in a field trial for hospitalized patients with  treatment-resistant schizophrenia. METHOD: The setting consisted of a large, state-operated, public psychiatric system. The protocol called for the treating psychiatrist to provide symptom- and adverse-effect ratings at four times following the start of drug therapy. The outcome criteria included the Sandoz study outcome measure of symptom improvement as well as discharge status for one year of follow-up. To assess the validity of the ratings, several measures of internal consistency were determined. Clozapine therapy was started in 227 patients, and symptom data are available for 202. RESULTS: Overall, 33 percent (n = 66) of the patients were improved at the end of one year of treatment; 12 percent (n = 24) maintained symptom improvement at all three evaluation times. Modest, statistically significant improvement after 12 weeks compared with baseline Brief Psychiatric Rating Scale (BPRS) total scores was observed for the patients continuing medication (n = 152); the emergence of a previously unimproved group (n = 26) explains this modest improvement. However, in the analysis of all patients (n = 202), (including dropouts), there was no significant symptom improvement after 12 weeks. Lower baseline BPRS scores predicted significant symptom improvement after 12 weeks of treatment. Among those medicated for one year, the pattern of symptom improvement showed that the probability of late improvement was 0.26 for those previously unimproved, and the probability of a 12-week responder losing improvement was 0.23, resulting in a net group gain of 3 cases in 100. By the end of one year, 8 percent (n = 17) of the cohort was discharged, and 3 percent (n = 7) was transferred to another facility while continuing to receive clozapine. Of the 227 original patients started on clozapine therapy, medication was discontinued for adverse effects in 11 percent (n = 25): white blood cell count (WBC) decrease (but no agranulocytosis) in 5 percent (n = 12), seizures in 1 percent (n = 3), one patient with seizures and decreased WBC count, and other events (e.g., cardiovascular changes, fever, or possible neuroleptic malignant syndrome) in 4 percent (n = 9). Patient refusal was reported for 6 percent (n = 13) of those starting treatment. CONCLUSIONS: Although only 19 percent of the patients exhibited improvement at 6 weeks, the response rate at 12 weeks (29 percent) for this naturalistic study cohort was similar to that in the major, double-blind, six-week, controlled, clinical trial of clozapine. The impersistence of response as symptoms were followed for up to one year is a finding that deserves rigorous evaluation.",E,E,exclude,exclude,0.99,0.0,1.0,0.14,0.87,0.68,0.88,0.05,0.33,0.05,0.02,0.01,651.6924288589507,2456,0.000103152,True,,cohen_adhd_r2_ship
167,12934987,12934987,exclude,"The safety and early efficacy of oral-loaded divalproex versus standard-titration  divalproex, lithium, olanzapine, and placebo in the treatment of acute mania associated with bipolar disorder.","BACKGROUND: Previous studies have examined the safety and tolerability of  oral-loaded divalproex sodium in the treatment of acute mania, but not the early efficacy of this dosing strategy. The purpose of this study was to evaluate the early efficacy of oral-loaded divalproex. METHOD: In this pooled analysis, 348 subjects from 3 randomized, double-blind, parallel-group, active- or placebo-controlled studies were used to compare the efficacy, safety, and tolerability of oral-loaded divalproex with standard-titration divalproex, lithium, olanzapine, or placebo. Subjects were inpatients diagnosed with acute mania associated with bipolar I disorder (DSM-III-R or -IV and SADS-Change Version). Patients were administered oral-loaded divalproex (20 or 30 mg/kg/day on days 1 and 2 followed by 20 mg/kg/day, and increased at physician's discretion), standard-titration divalproex initiated at 250 mg t.i.d. and titrated to 40-150 microg/mL, lithium (300 mg t.i.d. initial dose) titrated to 0.4 to 1.5 mEq/L, olanzapine (10 mg q.d. initial dose) up to 20 mg/day, or placebo. RESULTS: The results demonstrate an early efficacy advantage for oral-loaded divalproex compared to standard-titration divalproex at days 5, 7/8, and 10. Efficacy was improved over lithium on day 7/8. There were no efficacy differences between divalproex loading and olanzapine. Divalproex loading showed greater efficacy than placebo at all time points. Divalproex loading was as well tolerated or better tolerated than the other active treatments as measured by adverse events and changes in laboratory parameters. CONCLUSION: These results suggest the oral loading of divalproex leads to a more rapid antimanic effect when compared with standard-titration divalproex, lithium, or placebo and is better tolerated than olanzapine and as well tolerated as lithium or standard-titration divalproex.",E,E,exclude,exclude,1.0,0.0,1.0,0.13,0.77,0.66,0.82,0.07,0.4,0.04,0.03,0.03,528.4903319552541,2316,9.7272e-05,True,,cohen_adhd_r2_ship
168,12230649,12230649,include,Attention deficit hyperactivity disorder in children.,,I,I,include,exclude,0.27,0.63,0.37,0.65,0.21,0.37,0.3,0.27,0.56,0.2,0.19,0.11,567.0854260679334,1814,7.6188e-05,False,,cohen_adhd_r2_ship
169,10366082,10366082,exclude,Efficacy of apraclonidine 1% versus pilocarpine 4% for prophylaxis of intraocular  pressure spike after argon laser trabeculoplasty.,"OBJECTIVE: The authors compared the efficacy of apraclonidine 1% versus  pilocarpine 4% prophylaxis of post-argon laser trabeculoplasty (ALT) intraocular pressure (IOP) spike. DESIGN: Prospective randomized clinical trial. PARTICIPANTS: Two hundred twenty-eight eyes of 228 patients with primary open-angle glaucoma undergoing ALT were studied. INTERVENTION: Patients were given 1 drop of either apraclonidine 1% (n = 114) or pilocarpine 4% (n = 114) 15 minutes before ALT. MAIN OUTCOME MEASURES: Peri-ALT IOPs and incidences of post-ALT IOP spikes at 5 minutes, 1 hour, and 24 hours were compared between the two groups. RESULTS: The two groups were similar in age, race, and medical dependency. Post-ALT mean IOPs at 5 minutes, 1 hour, and 24 hours were significantly lower than pre-ALT mean IOPs in both apraclonidine (P < 0.001) and pilocarpine (P < 0.001) groups. Incidences of IOP spikes greater than 1, 3, and 5 mmHg at 1 hour post-ALT were 21.1%, 14.9%, and 8.8% for the apraclonidine group and 12.3%, 5.3%, and 4.4% for the pilocarpine group (P = 0.076, 0.015, and 0.18 chi-square test). In the apraclonidine prophylaxis group, patients on long-term apraclonidine showed significantly higher incidence of post-ALT IOP spike than the patients without such long-term apraclonidine use (35.7%, 15 of 42 eyes, vs. 12.5%, 9 of 72 eyes; P = 0.003). In addition, peri-ALT pilocarpine prophylaxis tended to be less effective in patients undergoing long-term pilocarpine therapy but without statistical significance (17.4%, 8 of 46 eyes, vs. 9.4%, 6 of 64 eyes; P = 0.17). CONCLUSION: Peri-ALT pilocarpine 4% was at least as effective as, if not more effective than, apraclonidine 1% in post-ALT IOP spike prophylaxis. Peri-ALT apraclonidine prophylaxis was not effective in patients on long-term apraclonidine, and peri-ALT pilocarpine prophylaxis tended to be less effective in patients undergoing long-term pilocarpine therapy. Pilocarpine 4% can be considered as a first-choice drug for post-ALT IOP spike prophylaxis, especially in patients under treatment with apraclonidine.",E,E,exclude,exclude,1.0,0.0,1.0,0.07,0.06,0.25,0.85,0.04,0.38,0.02,0.04,0.01,475.79335514456034,2513,0.000105546,True,,cohen_adhd_r2_ship
170,9097896,9097896,exclude,Risperidone in the treatment of schizophrenia: a meta-analysis of randomized  controlled trials.,"This study evaluates the relative effectiveness and side-effects of risperidone  as compared with conventional neuroleptics in the treatment of schizophrenia, by meta-analysis of 11 double-blind, randomized controlled trials. The proportion of patients showing clinical improvement; use of medications for extrapyramidal side-effects (EPS); the treatment drop-out rates; and the changes in negative PANSS scores were measured. Compared with conventional neuroleptics, slightly more patients in the risperidone group showed clinical improvement [57 vs 52%; odds ratio 1.27, 95% confidence interval (CI): 1.04, 1.56]. The use of concomitant medications for EPS was significantly less in the risperidone group than in the conventional neuroleptic group (22.8 vs 38.4%; odds ratio 0.51, 95% CI: 0.41, 0.63). The overall drop-out rate was lower in the risperidone group than in other neuroleptic group (29.1 vs 33.9%; odds ratio 0.75, 95% CI: 0.61, 0.94). The difference in changes in negative PANSS score between the risperidone and the haloperidol group was -0.74 (95% CI: -1.50, 0.02). Weight gain and tachycardia are more common in patients treated with risperidone. Sensitivity analysis of different analytic approaches did not materially change the main estimates. It was concluded that the short-term efficacy of risperidone is comparable to other neuroleptics in the treatment of schizophrenia. It is associated with significantly fewer EPS than conventional neuroleptics (mainly haloperidol).",E,E,exclude,exclude,0.99,0.01,0.99,0.14,0.76,0.62,0.91,0.05,0.38,0.04,0.03,0.01,552.5739099830389,2216,9.3072e-05,True,,cohen_adhd_r2_ship
171,9629412,9629412,exclude,[Use of drugs in attention deficit hyperactivity disorders].,"Attention deficit hyperactivity disorder (ADHD) is a neurological disorder which  is common in the childhood and can be caused by exogenous and endogenous factors, that are responsible for cerebral disorder. This disorder presents a functional alteration of the motor, perceptive, cognition systems and conduct disorders compromising the learning of children with an adequate intellectual potential. The authors study the action of stimulants and antidepressive drugs in the ADHD, using as measure of efficacy the motor persistence tests.",1,1,include,include,0.9,0.95,0.05,0.88,0.5,0.59,0.58,0.37,0.54,0.22,0.08,0.03,511.4097788464278,1918,8.0556e-05,False,,cohen_adhd_r2_ship
172,9671342,9671342,exclude,Methylphenidate treatment for cocaine abusers with adult  attention-deficit/hyperactivity disorder: a pilot study.,"BACKGROUND: Attention-deficit/hyperactivity disorder (ADHD) is common among  cocaine abusers seeking treatment. This open trial was carried out to assess the efficacy of sustained-release methylphenidate for the treatment of cocaine abuse among individuals with ADHD. METHOD: Twelve patients who met DSM-IV diagnostic criteria for adult ADHD and cocaine dependence were entered into a 12-week trial of divided daily doses of sustained-release methylphenidate ranging from 40 to 80 mg. In addition to the pharmacotherapy, patients also received individual weekly relapse prevention therapy. Individuals were assessed weekly for ADHD symptoms; vital signs and urine toxicologies were obtained 3 times a week. RESULTS: Of the 12 patients entered, 10 completed at least 8 weeks of the study and 8 completed the entire study. Using both a semistructured clinical interview and a self-report assessment, patients reported reductions in attention difficulties, hyperactivity, and impulsivity. Self-reported cocaine use and craving decreased significantly. More importantly, cocaine use, confirmed by urine toxicologies, also decreased significantly. CONCLUSION: These preliminary data suggest that under close supervision, the combined intervention of sustained-release methylphenidate and relapse prevention therapy may be effective in treating individuals with both adult ADHD and cocaine dependence.",E,E,include,include,0.94,0.97,0.03,0.83,0.83,0.81,0.82,0.05,0.34,0.04,0.02,0.03,587.5850599259138,2108,8.853600000000001e-05,False,,cohen_adhd_r2_ship
173,11199944,11199944,exclude,"Ziprasidone in the short-term treatment of patients with schizoaffective  disorder: results from two double- blind, placebo-controlled, multicenter studies.","This study assessed the efficacy of ziprasidone for the treatment of  schizoaffective disorder. Data were taken from subsets of patients with schizoaffective disorder, derived from two separate double-blind, placebo-controlled, parallel-group, multicenter studies. A total of 115 hospitalized patients with an acute episode of schizoaffective disorder were randomly assigned to receive either fixed oral doses of ziprasidone 40 mg/day (N = 16), 80 mg/day (N = 18), 120 mg/day (N = 22), 160 mg/day (N = 25), or placebo (N = 34) for 4 to 6 weeks. Mean baseline-to-endpoint changes in Brief Psychiatric Rating Scale (BPRS) total, BPRS Core, Clinical Global Impressions Severity scale (CGI-S), BPRS Depressive, BPRS Manic, and Montgomery-Asberg Depression Rating Scale total scores were compared between the placebo and ziprasidone groups. Neurological (Simpson-Angus, Barnes Akathisia, Abnormal Involuntary Movement Scale [AIMS]) and other side effects were also assessed. Significant dose-related improvements on all primary efficacy variables (BPRS total, BPRS Core, CGI-S) and for BPRS Manic items were observed with ziprasidone treatment in a combined analysis of data from both studies (p < or = 0.01). Ziprasidone 160 mg/day was significantly more effective than placebo in improving mean BPRS total, BPRS Core, BPRS Manic, and CGI-S scores (p < 0.05). At 120 mg/day, ziprasidone was significantly more effective than placebo in improving mean CGI-S scores (p < 0.05). The incidence of individual adverse events was generally low in all treatment groups and was not dose-related. In addition, no significant differences were observed between baseline-to-endpoint mean changes in Simpson-Angus and AIMS scores with placebo or ziprasidone 40 to 160 mg/day. These results suggest that ziprasidone may have efficacy in the treatment of affective as well as psychotic symptoms of schizoaffective disorder, with a low side-effect burden.",E,E,exclude,exclude,0.99,0.0,1.0,0.15,0.72,0.51,0.83,0.07,0.36,0.05,0.02,0.01,494.5478099398315,2339,9.8238e-05,True,,cohen_adhd_r2_ship
174,9813959,9813959,include,Use of the restricted academic task in ADHD dose-response relationships.,"Behavioral assessment techniques have been shown to make a significant  contribution in the evaluation of stimulant medication response in children with attention-deficit/hyperactivity disorder. This article examines the role of a behavioral measure consisting of standardized observation of a child while he or she performs an academic-like task (Restricted Academic Task). This technique is reliable and valid for repeated administrations across medication dosages and placebo. It can assist in optimizing medication dosage for individual children, given its sensitivity to dosage effects. It also allows the capture of medication-related changes in an area of functioning that is not directly assessed by parent and teacher judgments and ratings. In this way the Restricted Academic Task may have greater ecological validity than the results of other, more traditional in-clinic measures. Finally, given the idiosyncratic nature of stimulant medication effects on individual children, it contributes to the explication of a specific child's behavioral dose-response relationship.",I,I,include,exclude,0.89,0.95,0.05,0.84,0.35,0.83,0.61,0.2,0.44,0.1,0.04,0.02,521.3878639042377,2004,8.416800000000001e-05,False,,cohen_adhd_r2_ship
175,9090331,9090331,exclude,Olanzapine versus haloperidol in the treatment of schizophrenia and  schizoaffective and schizophreniform disorders: results of an international collaborative trial.,"OBJECTIVE: This international, multicenter double-blind trial was designed to  compare the therapeutic profile of an atypical antipsychotic, olanzapine, with that of a conventional dopamine D2 antagonist, haloperidol. METHOD: A total of 1,996 patients at 174 sites in Europe and North America were randomly assigned to treatment with olanzapine (N = 1,336) or haloperidol (N = 660) over 6 weeks. The primary efficacy analysis involved the mean change from baseline to endpoint in total scores on the Brief Psychiatric Rating Scale (BPRS). Secondary analyses included comparisons of the mean change in positive and negative symptoms, comorbid depression, extrapyramidal symptoms, and overall drug safety. RESULTS: Olanzapine demonstrated clinical results superior to those of haloperidol on overall improvement according to the BPRS and on every secondary measure, including depression. Olanzapine was also associated with significantly fewer discontinuations of treatment due to lack of drug efficacy or adverse events. Substantially more olanzapine-treated patients (66.5%) than haloperidol-treated patients (46.8%) completed 6 weeks of therapy. Statistically significant advantages of olanzapine treatment were related to 1) change in negative symptoms, 2) extrapyramidal symptom profile, 3) effect on prolactin levels, and 4) response rate. CONCLUSIONS: Olanzapine shows a superior and broader spectrum of efficacy in the treatment of schizophrenic psychopathology, with a substantially more favorable safety profile, than haloperidol. It meets several of the criteria for a novel atypical antipsychotic agent.",E,E,exclude,exclude,1.0,0.0,1.0,0.15,0.59,0.57,0.85,0.06,0.39,0.03,0.02,0.01,504.7664779704064,2213,9.2946e-05,True,,cohen_adhd_r2_ship
176,10831015,10831015,exclude,Longitudinal comparative study of risperidone and conventional neuroleptics for  treating patients with schizophrenia. The Quebec Schizophrenia Study Group.,"This study compared the long-term (12 months) effectiveness of risperidone (RP)  with that of conventional neuroleptics (CNs) in a population with chronic schizophrenia who had shown suboptimal response to CNs. A randomized, open, parallel, multicenter design was used. One hundred eighty-four subjects meeting DSM-IV criteria for schizophrenia were randomly assigned to receive either RP or a CN, and 165 of them completed the follow-up. Outcome measures were taken at 3, 6, and 12 months and included the Positive and Negative Syndrome Scale (PANSS) and the Extrapyramidal Symptom Rating Scale. Within this 12-month follow-up, RP was found to be superior to CNs in terms of both the average change in score from baseline on the PANSS (p = 0.006) and the proportion of good responders (as defined by a 20% decrease in total PANSS scores;p = 0.03). For positive symptoms, the effectiveness of the RP treatment tended to increase over time. At 12 months, the percentage of good responders in the RP group was twice as large as that in the CN group (30% vs. 15%;p = 0.03). The superiority of RP over CNs was constant over the three dose categories. In both the RP and the CN groups, the maximum decrease in psychopathology was achieved with the lowest dose range. A worsening of akathisia was less frequent in subjects receiving RP than in those receiving CNs (p = 0.02). In conclusion, this study showed that, compared with CNs, RP is beneficial in the treatment of patients with chronic schizophrenia and that some of these benefits may appear only after longer-term treatment.",E,E,exclude,exclude,0.99,0.0,1.0,0.11,0.71,0.62,0.88,0.05,0.35,0.03,0.02,0.01,599.1190099157393,2210,9.282e-05,True,,cohen_adhd_r2_ship
177,9428851,9428851,exclude,The efficacy and safety of a clonidine/bupivacaine combination in caudal blockade  for pediatric hernia repair.,"We evaluated the analgesic efficacy and hemodynamic and respiratory safety of  clonidine when added to bupivacaine for caudal blocks in 58 children aged 38 +/- 2 mo (mean +/- SEM). Patients scheduled for ambulatory hernia repair were randomly given a caudal injection (0.75 mL/kg) of either saline placebo (P group), bupivacaine, 0.25% (B group), bupivacaine plus epinephrine 1:200,000 (BE group), bupivacaine plus clonidine 1 microgram/kg (BC1 group), or bupivacaine plus clonidine 2 micrograms/kg (BC2 group). Postoperative measurements included duration of analgesia, hemodynamics, and respiratory monitoring for 6 h. Thereafter, parents assessed their child's analgesic requirements at home every 3 h for 18 h. The duration of analgesia (median [range]) was significantly longer (P < 0.05) in the BC1 and BC2 groups (360 [270-360] min and 360 [355-360] min, respectively) compared with the P (77[45-190]), B (346[105-360]), or BE group (300[75-360]). Similarly, the BC1 and BC2 groups required less additional analgesic within the first 24 h. All groups showed a significant decrease in mean arterial pressure compared with baseline values, but the differences among the groups were not significant. Bradycardia and respiratory depression were not observed. Clonidine 1 and 2 micrograms/kg can be safely added to bupivacaine caudal blockade in small children for ambulatory hernia repair to achieve an increased duration of analgesia compared with bupivacaine alone or bupivacaine plus epinephrine. IMPLICATIONS: The addition of clonidine, an antihypertensive drug with analgesic properties, to local anesthetics in caudal blocks prolongs postoperative pain relief and reduces the need for additional pain treatment in children after hernia operation.",E,E,exclude,exclude,0.99,0.0,1.0,0.07,0.8,0.58,0.87,0.05,0.41,0.03,0.04,0.02,478.3093379810453,2326,9.7692e-05,True,,cohen_adhd_r2_ship
178,9481807,9481807,exclude,Modification of the Clinical Global Impressions (CGI) Scale for use in bipolar  illness (BP): the CGI-BP.,"The Clinical Global Impressions Scale (CGI) was modified specifically for use in  assessing global illness severity and change in patients with bipolar disorder. Criticisms of the original CGI were addressed by correcting inconsistencies in scaling, identifying time frames for comparison, clarifying definitions of illness severity and change, and separating out assessment of treatment side effects from illness improvement during treatment. A Detailed User's Guide was developed to train clinicians in the use of the new CGI-Bipolar Version (CGI-BP) for rating severity of manic and depressive episodes and the degree of change from the immediately preceding phase and from the worst phase of illness. The revised scale and manual provide a focused set of instructions to facilitate the reliability of these ratings of mania, depression, and overall bipolar illness during treatment of an acute episode or in longer-term illness prophylaxis. Interrater reliability of the scale was demonstrated in preliminary analyses. Thus, the modified CGI-BP is anticipated to be more useful than the original CGI in studies of bipolar disorder.",E,E,exclude,exclude,1.0,0.0,1.0,0.13,0.05,0.3,0.35,0.19,0.41,0.04,0.06,0.04,570.4104260075837,2041,8.5722e-05,True,,cohen_adhd_r2_ship
179,11708938,11708938,exclude,Effects of risperidone on aberrant behavior of persons with developmental  disabilities: I. A double-blind crossover study using multiple measures.,"The efficacy of the atypical antipsychotic risperidone was evaluated in the  treatment of aberrant behavior (e.g., aggression, self-injury) in 20 individuals with developmental disabilities. A double-blind, crossover design was used to compare risperidone with placebo in a 22-week trial with a 6-month follow-up phase. Based on a 50% reduction in mean Aberrant Behavior Checklist--Community total scores, 50% of the participants were identified as responders. Naturalistic observations of a subset of five individuals showed that for 4 out of 5 participants, risperidone was effective in reducing aberrant behavior. Side effects included weight gain (84% of participants) and sedation (40% of participants). The advantages of conducting a comprehensive analysis of the effects of medication on aberrant behavior are discussed.",E,E,exclude,exclude,0.95,0.02,0.98,0.14,0.72,0.66,0.87,0.05,0.38,0.04,0.03,0.01,571.4738469105214,2019,8.4798e-05,True,,cohen_adhd_r2_ship
180,9138438,9138438,exclude,Adverse effects of risperidone on eye movement activity: a comparison of  risperidone and haloperidol in antipsychotic-naive schizophrenic patients.,"Risperidone is a novel and clinically effective atypical antipsychotic medication  with a unique biochemical profile. To contrast the neurophysiological effects of this new medication with those of a typical antipsychotic medication, we performed quantitative measurements of saccadic eye movements in a series of antipsychotic-naive schizophrenic patients treated with either risperidone or haloperidol. Patients were tested before and after 1 month of treatment, and a matched group of healthy subjects was tested twice over a similar time interval. Risperidone, but not haloperidol, was associated with prolonged latency and decreased peak velocity and accuracy of saccadic eye movements that was detectable 4 weeks after treatment initiation. The adverse effects of risperidone may be due to the lack of development of acute tolerance to its powerful serotonergic (5-HT2A) antagonism, which could be responsible for the disruption of brainstem physiology in regions controlling saccadic eye movements.",E,E,exclude,exclude,1.0,0.0,1.0,0.13,0.77,0.57,0.85,0.07,0.42,0.06,0.18,0.01,488.28256013803184,2057,8.6394e-05,True,,cohen_adhd_r2_ship
181,12729864,12729864,exclude,"Aripiprazole in the treatment of schizophrenia: safety and tolerability in  short-term, placebo-controlled trials.","Aripiprazole is a novel antipsychotic with a unique mechanism of action.  Presented here is a pooled analysis of safety and tolerability data from all completed short-term, placebo-controlled trials in schizophrenia from the aripiprazole clinical development program. Data were analyzed from five 4- to 6-week double-blind multicenter studies of patients hospitalized with acute relapse of schizophrenia or schizoaffective disorder randomized to aripiprazole (n=932), placebo (n=416), or haloperidol (n=201). Daily aripiprazole doses ranged from 2 to 30 mg. Safety assessments included adverse event (AE) reports, EPS scales, ECGs, weight, and prolactin, glucose and cholesterol levels. Aripiprazole was well tolerated, with similar AE incidence rates to placebo, and lower rates than haloperidol for akathisia, extrapyramidal syndrome and somnolence. Objective EPS assessments demonstrated no significant differences between aripiprazole and placebo on Simpson-Angus Scale (SAS) scores, no dose-dependent effects on Barnes Akathisia scores, and significant reductions in Abnormal Involuntary Movement Scale (AIMS) scores from baseline vs. placebo (p</=0.01). Haloperidol showed increased SAS and Barnes Akathisia scores over placebo (p</=0.01). There was minimal mean weight change with aripiprazole (+0.71 kg) and haloperidol (+0.56 kg), and a lack of QT(c) prolongation. Serum prolactin increased with haloperidol, but not aripiprazole. In conclusion, aripiprazole shows a favorable safety and tolerability profile with low potential for EPS, weight gain, prolactin elevation, QT(c) prolongation, and sedation. Aripiprazole's safety profile may offer benefits in schizophrenia treatment.",E,E,exclude,exclude,1.0,0.0,1.0,0.18,0.66,0.55,0.86,0.07,0.41,0.13,0.04,0.01,472.03091508708894,2247,9.4374e-05,True,,cohen_adhd_r2_ship
182,10901338,10901338,exclude,Low-dose amphetamine salts and adult attention-deficit/hyperactivity disorder.,"BACKGROUND: Effective treatments for attention-deficit/hyperactivity disorder  (ADHD) in adults are still being defined. Pediatric studies have suggested that a mixed amphetamine salt product (Adderall) is safe and effective in the treatment of childhood forms of ADHD. Presently, there are no reports in the scientific literature concerning the safety and efficacy of Adderall in adults with ADHD, which is the focus of this study. METHOD: Twenty-four outpatients (mean age = 33.3 years) with DSM-IV ADHD were administered Adderall in an open-label fashion, starting at 5 mg p.o. b.i.d., with titration according to clinical response, across a 16-week period. Relatives or spouses of each patient completed serial checklists (including the Copeland Symptom Checklist and the Brown Attention-Deficit Disorder Scales). Prospectively collected data were analyzed retrospectively. RESULTS: Thirteen patients (54%) responded in a positive manner to Adderall, based on Clinical Global Impressions-Improvement scale scores. The mean end dose for responders was 10.77 mg/day (0.14 mg/kg/day). An intent-to-treat analysis revealed a decrease in the mean Copeland score from 99.05 to 63.3 (p < .001), while the mean Brown score dropped from 76.75 to 50.85 (p < .0001). Nine patients (38%) were poor responders or nonresponders to Adderall. Acute anxiety symptoms occurred in 4 of 7 patients with a comorbid anxiety diagnosis. CONCLUSION: Adderall may be an effective agent for the treatment of adult forms of ADHD, with positive responses occurring at relatively low doses, at least for some individuals. However, Adderall may precipitate anxiety in vulnerable individuals. Further study is required.",E,E,include,include,0.99,1.0,0.0,0.86,0.81,0.77,0.85,0.06,0.34,0.06,0.02,0.02,556.6101891454309,2231,9.370200000000002e-05,False,,cohen_adhd_r2_ship
183,11336590,11336590,exclude,Moxonidine: some controversy.,"Initially it was considered that moxonidine, like clonidine, acted at central  (2)-adrenoceptors to reduce blood pressure. With the characterisation of imidazoline binding sites distinct from (2)-adrenoceptors, the consensus became that moxonidine was acting predominantly at imidazoline I(1) receptors in the rostral ventrolateral medulla to lower blood pressure. Moxonidine acts at prejunctional (2)-adrenoceptors on sympathetic nerve endings to decrease noradrenaline release and this may contribute to its ability to lower blood pressure. The predominant site of action of moxonidine may also depend on route of administration, with imidazoline I(1) receptors being predominant after central, and (2)-adrenoceptors predominant after systemic administration. The controversy over the mechanism and site of action with moxonidine is ongoing. In animal models, moxonidine lowers blood pressure, reduces cardiac hypertrophy and remodelling, reduces cardiac arrhythmias and increases blood flow in cerebral ischaemia. Moxonidine also has beneficial effects in animal models of diabetes and kidney disease. Moxonidine increases sodium and water excretion in rats, but not humans. Animal studies indicate that moxonidine may be useful in the treatment of glaucoma by reducing intra-ocular pressure. Animal studies show that moxonidine may also be effective in pain and in ethanol withdrawal. In humans, the pharmacokinetics of moxonidine are of the one-compartment model with first-order absorption. Renal elimination is the major route of elimination and individual titration of moxonidine is needed in patients with renal impairment. There is overwhelming evidence that moxonidine is a safe and effective antihypertensive. A large clinical trial of moxonidine in heart failure, MOXCON, was stopped because of excessive deaths in the moxonidine group. Moxonidine should not be used in patients with heart failure, but there are no obvious reasons to stop its use as an antihypertensive, or its development for other clinical uses.",E,E,exclude,exclude,1.0,0.0,1.0,0.09,0.27,0.29,0.47,0.89,0.44,0.95,0.13,0.02,513.6391820851713,2269,9.5298e-05,True,,cohen_adhd_r2_ship
184,10468313,10468313,exclude,Safety of amisulpride (Solian): a review of 11 clinical studies.,"We assessed the overall safety profile of amisulpride based on the results from  11 clinical studies performed in patients suffering from schizophrenia with predominance of positive or negative symptoms. A total of 1933 patients were randomly assigned to treatment with amisulpride (n = 1247) or haloperidol (n = 309), risperidone (n = 113), flupentixol (n = 62) and placebo (n = 202). Safety data collection was performed using open reporting, UKU scales or specific extrapyramidal side-effect scales; electrocardiogram recording and vital signs examination; laboratory data collection. Amisulpride demonstrated a satisfactory global safety profile in the range of doses usually prescribed. The number of patients having at least one extrapyramidal side-effect was higher in haloperidol patients compared with both amisulpride and risperidone patients (50% versus 30% in the two latter groups). For endocrine events, a similar rate was observed between amisulpride and risperidone groups (4% versus 6%, respectively) versus 1% in the haloperidol group. Electrocardiogram results were satisfactory, confirmed by the absence of cardiovascular events. The overall laboratory safety profile of amisulpride did not show clinically relevant abnormalities in liver function tests nor haematological abnormalities. Our extensive clinical data confirm the satisfactory safety profile of amisulpride which is superior to standard reference compounds.",E,E,exclude,exclude,1.0,0.0,1.0,0.12,0.36,0.63,0.84,0.21,0.41,0.28,0.04,0.01,537.9275251179934,2146,9.0132e-05,True,,cohen_adhd_r2_ship
185,12007591,12007591,exclude,Sex differences in clinical response to olanzapine compared with haloperidol.,"There is current disagreement over whether men and women respond differently to  typical or atypical antipsychotic medications. This study reanalyzed a large international clinical trial of olanzapine (Olz) compared with haloperidol (Hal) to test for sex differences in treatment response, controlling for illness chronicity and menopausal status. We hypothesized that women would show a greater response to either medication than men, particularly among first admission, premenopausal women. DSM-III-R schizophrenia inpatients (700 women and 1295 men) were randomly assigned to a 6-week trial of Olz vs. Hal. Longitudinal random effect models were used to test for interactions of sex with medication, chronicity and menopausal status on treatment response. Findings showed that women on olanzapine had a greater drop in overall symptomatology by week 4 than any other group, and their level of symptomatology remained lower throughout the 6-week trial. The sex differences in treatment response in olanzapine compared with haloperidol were, in part, dependent on chronicity and, in women, menopausal status. That is, first episode women on haloperidol exhibited an increase in symptomatology over the 6-week trial compared to their male counterparts, while multiply hospitalized women had a better treatment response on haloperidol than their male counterparts. Women on olanzapine had a significantly better treatment response than men, regardless of chronicity. Finally, premenopausal women had a significantly better treatment response than postmenopausal women, regardless of treatment and chronicity.",E,E,exclude,exclude,0.99,0.0,1.0,0.13,0.8,0.37,0.78,0.06,0.4,0.03,0.03,0.01,534.5150351058692,2168,9.105600000000002e-05,True,,cohen_adhd_r2_ship
186,9432523,9432523,include,Epilepsy and attention deficit hyperactivity disorder: is methylphenidate safe  and effective?,"OBJECTIVE: To study the safety and efficacy of methylphenidate in children with  the dual diagnosis of epilepsy and attention deficit hyperactivity disorder (ADHD). STUDY DESIGN: Thirty children, aged 6.4 to 16.4 years, with epilepsy and ADHD were studied during a 4-month period. During the initial 2 months of the study, the children were treated with antiepileptic drugs (AEDs) only, and for the remaining 2 months, methylphenidate was added at a morning dose of 0.3 mg/kg. They underwent neurologic assessment, brain computed tomography, IQ testing, and assessment with the Childhood Behavior Checklist at baseline before methylphenidate therapy. Electroencephalography, AED determinations, and the continuous-performance task (CPT) test were done at baseline and after 2 months of methylphenidate therapy. A double-blind, crossover design was used to compare the effects of methylphenidate versus placebo on an electroencephalogram, AED levels, and the CPT. On the 2 days of testing, the child received AEDs and a capsule containing either placebo or methylphenidate. RESULTS: None of the 25 children of this sample who were seizure free had attacks while taking methylphenidate. Of the 5 children with seizures, 3 had an increase in attacks, whereas the other 2 showed no change or a reduction. There were no significant changes in AED levels or electroencephalographic findings. Methylphenidate benefited 70% of children according to parental report; methylphenidate also enhanced performance on the CPT. Side effects of methylphenidate were mild and transient. CONCLUSION: Methylphenidate is effective in treating children with epilepsy and ADHD and safe in children who are seizure free. Caution is warranted for those still having seizures while receiving AED therapy.",I,I,include,include,0.99,1.0,0.0,0.72,0.75,0.79,0.88,0.06,0.35,0.04,0.08,0.02,533.3959499839693,2245,9.429e-05,True,,cohen_adhd_r2_ship
187,9294378,9294378,include,National Institute of Mental Health Collaborative Multimodal Treatment Study of  Children with ADHD (the MTA). Design challenges and choices.,"The Collaborative Multimodal Treatment Study of Children with Attention Deficit  Hyperactivity Disorder (ADHD), the MTA, is the first child multisite cooperative agreement treatment study of children conducted by the National Institute of Mental Health, Rockville, Md. It examines the long-term effectiveness of medication vs behavioral treatment vs both for treatment of ADHD and compares state-of-the-art treatment with routine community care. In a parallel-groups design, 576 children (age, 7-9 years) with ADHD (96 at each site) are thoroughly assessed and randomized to 4 conditions: (1) medication alone, (2) psychosocial treatment alone, (3) the combination of both, (4) or community comparison. The first 3 groups are treated for 14 months and all are reassessed periodically for 24 months. Designers met the following challenges: framing clinically relevant primary questions; defining the target population; choice, intensity, and integration and combination of treatments for fair comparisons; combining scientific controls and standardization with clinical flexibility; and implementing a controlled clinical trial in a nonclinical setting (school) controlled by others. Innovative solutions included extensive decision algorithms and manualized adaptations of treatments to specific needs.",I,I,include,exclude,0.86,0.93,0.07,0.73,0.28,0.71,0.88,0.09,0.3,0.02,0.02,0.02,499.379551038146,2094,8.7948e-05,False,,cohen_adhd_r2_ship
188,9435993,9435993,exclude,Selective serotonin reuptake inhibitors and CNS drug interactions. A critical  review of the evidence.,"The potential for drug-drug interactions in psychiatric patients is very high as  combination psychopharmacotherapy used to treat comorbid psychiatric disorders, to treat the adverse effects of a medication, to augment a medication effect or to treat concomitant medical illnesses. Interactions can be pharmacodynamic or pharmacokinetic in nature. This paper focuses on the metabolic kinetic interactions between selective serotonin reuptake inhibitors (SSRIs) and other central nervous system (CNS) drugs. The evidence for and clinical significance of these interactions are reviewed, with special emphasis on antipsychotics, tricyclic antidepressants and benzodiazepines. Many psychotropic medications have an affinity for the cytochrome P450 (CYP) enzymes which promote elimination by transforming lipid soluble substances into more polar compounds. SSRIs serve both as substrates and inhibitors of these enzymes. In vitro studies provide a screening method for evaluating drug affinities for substrates, inhibitors or inducers of CYP enzymes. Although in vitro data are important as a starting point for predicting these metabolic kinetic drug interactions, case reports and controlled experimental studies in humans are required to fully evaluate their clinical significance. Several factors must be considered when evaluating the clinical significance of a potential interaction including: (a) the nature of each drugs' activity at an enzyme site (substrate, inhibitor or inducer); (b) the potency estimations for the inhibitor/inducer; (c) the concentration of the inhibitor/inducer at the enzyme site; (d) the saturability of the enzyme; (e) the extent of metabolism of the substrate through this enzyme (versus alternative metabolic routes); (f) the presence of active metabolites of the substrate; (g) the therapeutic window of the substrate; (h) the inherent enzyme activity of the individual, phenotyping/genotyping information; (i) the level of risk of the individual experiencing adverse effects (e.g. the elderly) and (j) from an epidemiological perspective, the probability of concurrent use. This paper systematically reviews both the in vitro and in vivo evidence for drug interactions between SSRIs and other CNS drugs. As potent inhibitors of CYP2D6, both paroxetine and fluoxetine have the potential to increase the plasma concentrations of antipsychotic medications metabolised through this enzyme, including perphenazine, haloperidol, thioridazine and risperidone in patients who are CYP2D6 extensive metabolisers. Controlled studies have demonstrated this for perphenazine with paroxetine and haloperidol with fluoxetine. Fluvoxamine, as a potent inhibitor of CYP1A2, can inhibit the metabolism of clozapine, resulting in higher plasma concentrations. Drug interactions between the SSRIs and tricyclic antidepressants (TCAs) can occur. Fluoxetine and paroxetine, as potent inhibitors of CYP2D6, can increase the plasma concentrations of secondary and tertiary tricyclic antidepressants. Sertraline and citalopram are less likely to have this effect. Fluvoxamine can increase the plasma concentrations of tertiary TCAs. Fluvoxamine inhibits, via CYP3A. CYP2C19 and CYP1A2, the metabolism of several benzodiazepines, including alprazolam, bromazepam and diazepam. Fluoxetine increases the plasma concentrations of alprazolam and diazepam by inhibiting CYP3A and CYP2C19, respectively. The clinical importance of the interaction with diazepam is attenuated by the presence of its active metabolite. Sertraline inhibits these enzymes only mildely to moderately at usual therapeutic doses. Therefore the potential for interactions is less; however, the in vivo evidence is minimal. Paroxetine and citalopram are unlikely to cause interactions with benzodiazepines. The evidence is conflicting for an interaction between carbamazepine and the SSRIs fluoxetine and fluvoxamine. These combinations should be used cautiously, and be accompanied by monitoring for adverse events and carb",E,E,exclude,exclude,1.0,0.0,1.0,0.11,0.48,0.28,0.56,0.34,0.42,0.2,0.1,0.01,605.5104709230363,2690,0.00011298,True,,cohen_adhd_r2_ship
189,10731625,10731625,exclude,"Effects of isradipine, a dihydropyridine-class calcium channel antagonist, on  D-methamphetamine-induced cognitive and physiological changes in humans.","D-methamphetamine is abused for its euphoric effects and stimulatory action on  cognitive function. Its abuse can, however, be associated with massive hypertension resulting in strokes, ruptured aneurysms, or myocardial infarction. We examined the utility of isradipine, a dihydropyridine-class calcium channel antagonist, in treating d-methamphetamine induced hypertension and evaluated its effects on cognitive function, both of which are mediated by dopaminergic mechanisms. D-methamphetamine dose-dependently increased all vital signs (systolic, diastolic, and mean arterial pressure, and pulse rate) parameters. Isradipine significantly reduced d-methamphetamine-induced increases in diastolic and mean arterial pressure; however, this potentially beneficial therapeutic effect was offset by a significant reflex rise in pulse rate. D-methamphetamine also improved attention, accuracy of reasoning ability, and performance on computerized cognitive function tasks. D-methamphetamine's cognitive improving effects were not altered significantly by isradipine. Isradipine increased the false responding rate but was without significant effect on any other attentional task, or on reasoning ability, or performance. Isradipine does not appear to enhance cognitive function in healthy humans.",E,E,exclude,exclude,0.94,0.03,0.97,0.12,0.46,0.57,0.82,0.09,0.53,0.07,0.06,0.02,534.9079449661076,2109,8.8578e-05,True,,cohen_adhd_r2_ship
190,10937603,10937603,exclude,Treatment of men with major depression: a comparison of sequential cohorts  treated with either cognitive-behavioral therapy or newer generation antidepressants.,"OBJECTIVE: This report compares response to cognitive-behavioral therapy (CBT)  and pharmacotherapy in sequential cohorts of men with DSM-III-R major depression. METHOD: Patients were enrolled in consecutive standardized 16-week treatment protocols conducted in the same research clinic. The first group (N = 52) was treated with Beck's model of CBT, whereas the second group (N = 23) received randomized but open-label treatment with either fluoxetine (N = 10) or bupropion (N = 13). Crossover to the alternate medication was permitted after 8 weeks of treatment for antidepressant nonresponders. The patient groups were well matched prior to treatment. Outcomes included remission and nonresponse rates, as well as both independent clinical evaluations and self-reported measures of depressive symptoms. RESULTS: Despite limited statistical power to detect differences between treatments, depressed men treated with pharmacotherapy had significantly greater improvements on 4 of 6 continuous dependent measures and a significantly lower rate of nonresponse (i.e., 13% vs. 46%). The difference favoring pharmacotherapy was late-emerging and partially explained by crossing over nonresponders to the alternate medication. The advantage of pharmacotherapy over CBT also tended to be larger among the subgroup of patients with chronic depression. CONCLUSION: Results of prior research comparing pharmacotherapy and CBT may have been influenced by the composition of study groups, particularly the gender composition, the choice of antidepressant comparators, or an interaction of these factors. Prospective studies utilizing flexible dosing of modern antidepressants and, if necessary, sequential trials of dissimilar medications are needed to confirm these findings.",E,E,exclude,exclude,1.0,0.0,1.0,0.12,0.76,0.5,0.73,0.05,0.34,0.02,0.03,0.01,510.5600319802761,2211,9.2862e-05,True,,cohen_adhd_r2_ship
191,11163780,11163780,exclude,Double-blind comparison of olanzapine versus clozapine in schizophrenic patients  clinically eligible for treatment with clozapine.,"BACKGROUND: The treatment of schizophrenic patients who fail to respond to  adequate trials of neuroleptic drugs is a major challenge. Clozapine has been one treatment option; however, it is not universally effective and is limited in its use by safety concerns. With the introduction of newer agents, their performance relative to clozapine is of great clinical interest. METHODS: The primary objective of this study was to evaluate the efficacy and safety of olanzapine versus clozapine among treatment resistant DSM-IV schizophrenic patients. The study was primarily designed to demonstrate the ""noninferiority"" of olanzapine compared to clozapine after 18 weeks of double-blind treatment. Conclusions were based on the one-sided lower 95% confidence limit about the treatment effect observed from the primary efficacy variable (Positive and Negative Syndrome Scale [PANSS] Total). RESULTS: Mean changes from baseline to end point in PANSS Total score, using a last observation carried forward technique, showed that both agents were comparably effective in neuroleptic resistant patients, i.e., demonstrated the ""noninferiority"" of olanzapine when compared to clozapine. Overall, significantly fewer olanzapine-treated patients (4%) discontinued for an adverse event than their clozapine-treated (14%) counterparts (p =.022). Among spontaneously reported adverse events, increased salivation, constipation, dizziness, and nausea were reported significantly more often among clozapine-treated patients, whereas only dry mouth was reported more often among olanzapine-treated patients. CONCLUSIONS: Olanzapine was demonstrated to be noninferior to clozapine and better tolerated among resistant schizophrenic patients clinically eligible for treatment with clozapine.",E,E,exclude,exclude,0.99,0.0,1.0,0.14,0.85,0.63,0.89,0.06,0.31,0.03,0.02,0.01,496.1637251544744,2219,9.3198e-05,True,,cohen_adhd_r2_ship
192,9875725,9875725,exclude,Psilocybin induces schizophrenia-like psychosis in humans via a serotonin-2  agonist action.,"Psilocybin, an indoleamine hallucinogen, produces a psychosis-like syndrome in  humans that resembles first episodes of schizophrenia. In healthy human volunteers, the psychotomimetic effects of psilocybin were blocked dose-dependently by the serotonin-2A antagonist ketanserin or the atypical antipsychotic risperidone, but were increased by the dopamine antagonist and typical antipsychotic haloperidol. These data are consistent with animal studies and provide the first evidence in humans that psilocybin-induced psychosis is due to serotonin-2A receptor activation, independently of dopamine stimulation. Thus, serotonin-2A overactivity may be involved in the pathophysiology of schizophrenia and serotonin-2A antagonism may contribute to therapeutic effects of antipsychotics.",E,E,exclude,exclude,1.0,0.0,1.0,0.15,0.51,0.37,0.62,0.12,0.45,0.23,0.36,0.02,559.3960771802813,1998,8.391600000000001e-05,True,,cohen_adhd_r2_ship
193,11927174,11927174,exclude,"Comparison of rapidly acting intramuscular olanzapine, lorazepam, and placebo: a  double-blind, randomized study in acutely agitated patients with dementia.","This double-blind study investigated the efficacy and safety of rapid-acting  intramuscular olanzapine in treating agitation associated with Alzheimer's disease and/or vascular dementia. At 2 h, olanzapine (5.0 mg, 2.5 mg) and lorazepam (1.0 mg) showed significant improvement over placebo on the PANSS Excited Component (PANSS-EC) and Agitation-Calmness Evaluation Scale (ACES), and both 5.0 mg olanzapine and lorazepam showed superiority to placebo on the Cohen-Mansfield Agitation Inventory. At 24 h, both olanzapine groups maintained superiority over placebo on the PANSS-EC; lorazepam did not. Olanzapine (5.0 mg) and lorazepam improved ACES scores more than placebo. Simpson-Angus and Mini-Mental State Examination scores did not change significantly from baseline. Sedation (ACES > or =8), adverse events, and laboratory analytes were not significantly different from placebo for any treatment. No significant differences among treatment groups were seen in extrapyramidal symptoms or in corrected QT interval at either 2 h or 24 h, and no significant differences among treatment groups were seen in vital signs, including orthostasis. Intramuscular injection of olanzapine may therefore provide substantial benefit in rapidly treating inpatients with acute dementia-related agitation.",E,E,exclude,exclude,0.99,0.01,0.99,0.12,0.8,0.65,0.82,0.06,0.43,0.04,0.02,0.02,493.813662789762,2143,9.0006e-05,True,,cohen_adhd_r2_ship
194,12091192,12091192,exclude,"Combination of a mood stabilizer with risperidone or haloperidol for treatment of  acute mania: a double-blind, placebo-controlled comparison of efficacy and safety.","OBJECTIVE: The study assessed the efficacy and safety of risperidone as an  adjunctive agent to mood stabilizers in the treatment of acute mania. METHOD: This 3-week randomized, double-blind, placebo-controlled study included 156 bipolar disorder patients with a current manic or mixed episode who received a mood stabilizer (lithium or divalproex) and placebo, risperidone, or haloperidol. The primary efficacy measure was the Young Mania Rating Scale. Other assessments used the Brief Psychiatric Rating Scale, the Clinical Global Impression scale, and safety measures. RESULTS: The trial was discontinued by 25 (49%) of the 51 placebo group patients, 18 (35%) of the 52 risperidone group patients, and 28 (53%) of the 53 haloperidol group patients. Mean modal doses were 3.8 mg/day (SD=1.8) of risperidone and 6.2 mg/day (SD=2.9) of haloperidol. Significantly greater reductions in Young Mania Rating Scale scores at endpoint and over time were seen in the risperidone group and in the haloperidol group, compared with the placebo group. Young Mania Rating Scale total scores improved with risperidone and with haloperidol both in patients with psychotic features and in those without psychotic features at baseline. Extrapyramidal Symptom Rating Scale total scores at endpoint were significantly higher in the haloperidol patients than in the placebo patients. Antiparkinsonian medications were received by 8%, 17%, and 38% of patients in the placebo, risperidone, and haloperidol groups, respectively. CONCLUSIONS: Risperidone plus a mood stabilizer was more efficacious than a mood stabilizer alone, and as efficacious as haloperidol plus a mood stabilizer, for the rapid control of manic symptoms and was well tolerated.",E,E,exclude,exclude,1.0,0.0,1.0,0.09,0.67,0.6,0.84,0.05,0.4,0.03,0.02,0.01,569.5310060400516,2277,9.5634e-05,True,,cohen_adhd_r2_ship
195,9505989,9505989,exclude,Olanzapine: interaction study with imipramine.,"Olanzapine is an ""atypical"" antipsychotic agent with a high affinity for  serotonin 5HT2A/C, 5HT3, 5HT6, and dopamine D1, D2, D3, D4 receptors. Depressed patients with psychotic disorders frequently require treatment with concomitant antipsychotic and antidepressant medications. Imipramine pharmacokinetics serve as a marker for hepatic CYP2D6, CYP1A2, CYP3A activity. An open-label, three-way randomized crossover study was done to determine the safety, pharmacokinetics, and potential for a drug interaction between olanzapine (5 mg) and imipramine (75 mg). Each drug was administered alone and in combination. Nine healthy men, ages 32 to 54 years, enrolled in the study. Psychomotor performance capacities, plasma olanzapine, imipramine, desipramine concentrations, and clinical laboratory tests were measured. Pharmacokinetic variables, vital signs, subjective tests for liveliness, and psychomotor outcomes were analyzed using a two-way ANOVA. Olanzapine was safe. Sedation, postural hypotension, and minor vital sign alterations occurred during all treatments. On the liveliness questionnaire, patients generally reported poorer (less lively) scores with olanzapine alone or coadministered with imipramine versus baseline scores. These effects disappeared within 24 hours after administration. Olanzapine alone and in combination decreased motor-speed tasks (finger tapping and visual-arm random reach) compared with baseline or imipramine treatment. Peak 6-hour changes were statistically significant but clinical importance was only marginal. Olanzapine concentrations were < 19% greater than with imipramine. But olanzapine did not affect the kinetics of imipramine or desipramine and, therefore, did not show a metabolic drug interaction involving CYP2D6.",E,E,exclude,exclude,1.0,0.0,1.0,0.15,0.67,0.5,0.67,0.08,0.61,0.09,0.05,0.01,455.6520148180425,2244,9.4248e-05,True,,cohen_adhd_r2_ship
196,8864326,8864326,exclude,Clonidine and or adrenaline decrease lignocaine plasma peak concentration after  epidural injection.,"Clonidine is an alpha 2-adrenoceptor agonist increasingly used in combination  with lignocaine for spinal or epidural anaesthesia because of a prolonged analgesic effect. Life adrenaline, it may decrease lignocaine peak concentration (Cmax), thus leading to decreased toxicity. However, the effects of clonidine on resorption of lignocaine into the systemic circulation from the epidural space remain to be established. We studied the pharmacokinetics of lignocaine after epidural injection of lignocaine with or without clonidine, adrenaline and both drugs. Total body clearance and apparent volume of distribution were similar in the four groups, but the maximum observed concentration (Cmax) was markedly increased in the plain solution group as compared with the other groups; (plain lignocaine: 7.15 +/- 2.04 micrograms ml-1, lignocaine + adrenaline: 3.11 +/- 136 micrograms ml-1, lignocaine + clonidine: 4.48 +/- 1.26 micrograms ml-1, lignocaine + adrenaline + clonidine: 4.06 +/- 1.42 micrograms ml-1 [mean +/- s.d.]). Our results show that, clonidine decreases lignocaine Cmax to the same extent as adrenaline.",E,E,exclude,exclude,1.0,0.0,1.0,0.09,0.67,0.29,0.43,0.1,0.65,0.06,0.14,0.04,586.6554989479482,2114,8.8788e-05,True,,cohen_adhd_r2_ship
197,9824875,9824875,exclude,Clozapine effects on force control in schizophrenic patients.,"We previously reported significant differences in force control (FC) function  between schizophrenics treated with typical antipsychotic drugs (APD) and those treated with clozapine. Clozapine treatment was associated with an attenuation of the capacity for fine motor control. We now report that a test-retest study with 41 treatment-refractory patients confirms our earlier finding; the FC deficit is due primarily to clozapine treatment. An additional comparison was made with 10 patients who were administered the FC test repeatedly through the initial clozapine titration interval of 6-8 weeks. The results suggest that two distinct clozapine effects can be distinguished, an initial transient stage characterized by 'drowsiness' and a subsequent stage with dose-dependent emerging myoclonic features.",E,E,exclude,exclude,0.99,0.0,1.0,0.18,0.76,0.55,0.79,0.1,0.42,0.08,0.09,0.01,513.4121021255851,1986,8.341200000000001e-05,True,,cohen_adhd_r2_ship
198,8694728,8694728,exclude,A 90-day study of the efficacy and side effects of 0.25% and 0.5% apraclonidine  vs 0.5% timolol. Apraclonidine Primary Therapy Study Group.,"OBJECTIVE: To compare long-term intraocular pressure (IOP)-lowering efficacy of  0.25% and 0.5% apraclonidine hydrochloride with 0.5% timolol maleate. DESIGN: Multicenter, randomized, double-masked trial. Adult patients of either sex diagnosed as having open-angle glaucoma or ocular hypertension were enrolled following appropriate washout from all ocular hypotensive medications. Morning IOPs of 22 to 35 mm Hg were required for entry. Patients received 0.25% or 0.5% apraclonidine 3 times a day or 0.5% timolol twice a day for 90 days. Intraocular pressure was measured at 8 AM (before morning dosing) and at 4 PM (8 hours after dosing) on days 1, 30, and 90, and only at 8 AM on day 14. RESULTS: All 3 medications significantly reduced IOP from baseline at all observation times (P < .001): 0.5% apraclonidine reduced IOP more than 0.25% apraclonidine; no significant difference was observed between 0.5% apraclonidine and 0.5% timolol 8 hours after dosing on days 1, 30, and 90; and a significant difference (P < .05) in favour of 0.5% timolol over 0.25% apraclonidine was observed 8 hours after dosing on day 30. At all morning visits following evening dosing, 0.5% timolol significantly reduced IOP more than both concentrations of apraclonidine. CONCLUSIONS: Both 0.25% and 0.5% apraclonidine significantly reduce IOP when used as primary ocular hypotensive medication. Although 0.25% and 0.5% apraclonidine reduce IOP to a similar degree as 0.5% timolol 8 hours after morning dosing, neither concentration is as effective for reducing morning IOP after evening dosing.",E,E,exclude,exclude,1.0,0.0,1.0,0.05,0.02,0.33,0.88,0.06,0.38,0.03,0.04,0.02,470.3961049672216,2333,9.7986e-05,True,,cohen_adhd_r2_ship
199,12562575,12562575,exclude,Changes in glucose and cholesterol levels in patients with schizophrenia treated  with typical or atypical antipsychotics.,"OBJECTIVE: The association of hyperglycemia and hypercholesterolemia with use of  atypical antipsychotics has been documented in case reports and uncontrolled studies. The authors' goal was to assess the effects of clozapine, olanzapine, risperidone, and haloperidol on glucose and cholesterol levels in hospitalized patients with schizophrenia or schizoaffective disorder during a randomized double-blind 14-week trial. METHOD: One hundred fifty-seven patients with schizophrenia or schizoaffective disorder who were inpatients at four hospitals were originally included in the study. The 14-week trial consisted of an 8-week fixed-dose period and a 6-week variable-dose period. Planned assessments included fasting glucose and cholesterol, which were collected at baseline and at the end of the 8-week period and the following 6-week period. RESULTS: One hundred eight of the 157 patients provided blood samples at baseline and at least at one point after random assignment to clozapine, olanzapine, risperidone, or haloperidol during the treatment trial. Seven of these patients had diabetes; their glucose levels were >125 mg/dl at baseline. Data from 101 patients were used for statistical analyses. During the initial 8-week period there was an overall significant increase in mean glucose levels. There were significant increases in glucose levels at the end of the 8-week fixed-dose period for patients given clozapine (N=27) and those given haloperidol (N=25). The olanzapine group showed a significant increase of glucose levels at the end of the 6-week variable-dose period (N=22). Fourteen of the 101 patients developed abnormal glucose levels (>125 mg/dl) during the trial (six with clozapine, four with olanzapine, three with risperidone, and one with haloperidol). Cholesterol levels were increased at the end of the 8-week fixed-dose period for the patients given clozapine (N=27) and those given olanzapine (N=26); cholesterol levels were also increased at the end of the 6-week variable-dose period for patients given olanzapine (N=22). CONCLUSIONS: In this prospective randomized trial, clozapine, olanzapine, and haloperidol were associated with an increase of plasma glucose level, and clozapine and olanzapine were associated with an increase in cholesterol levels. The mean changes in glucose and cholesterol levels remained within clinically normal ranges, but approximately 14% of the patients developed abnormally high glucose levels during the course of their participation in the study.",E,E,exclude,exclude,0.99,0.0,1.0,0.15,0.82,0.52,0.88,0.04,0.38,0.03,0.1,0.01,525.5151649471372,2415,0.00010143,True,,cohen_adhd_r2_ship
