demo_idx,pmid,gold,title,abstract,pred,confidence,p_RCT,p_non_RCT,noul_is_rct,latency_ms,correct,error
0,26155920,non_RCT,Insulin resistance in obesity can be reliably identified from fasting plasma insulin.,"[BACKGROUND/OBJECTIVES] Insulin resistance is the major contributor to cardiometabolic complications of obesity. We aimed to (1) establish cutoff points for insulin resistance from euglycemic hyperinsulinemic clamps (EHCs), (2) identify insulin-resistant obese subjects and (3) predict insulin resistance from routinely measured variables. [SUBJECTS/METHODS] We assembled data from non-obese (n=112) and obese (n=100) men who underwent two-step EHCs using [6,6-(2)H2]glucose as tracer (insulin infusion dose 20 and 60 mU m(-2) min(-1), respectively). Reference ranges for hepatic and peripheral insulin sensitivity were calculated from healthy non-obese men. Based on these reference values, obese men with preserved insulin sensitivity or insulin resistance were identified. [RESULTS] Cutoff points for insulin-mediated suppression of endogenous glucose production (EGP) and insulin-stimulated glucose disappearance rate (Rd) were 46.5% and 37.3 μmol kg(-)(1) min(-)(1), respectively. Most obese men (78%) had EGP suppression within the reference range, whereas only 12% of obese men had Rd within the reference range. Obese men with Rd <37.3 μmol kg(-1) min(-1) did not differ from insulin-sensitive obese men in age, body mass index (BMI), body composition, fasting glucose or cholesterol, but did have higher fasting insulin (110±49 vs 63±29 pmol l(-1), P<0.001) and homeostasis model assessment of insulin resistance (HOMA-IR) (4.5±2.2 vs 2.7±1.4, P=0.004). Insulin-resistant obese men could be identified with good sensitivity (80%) and specificity (75%) from fasting insulin >74 pmol l(-1). [CONCLUSIONS] Most obese men have hepatic insulin sensitivity within the range of non-obese controls, but below-normal peripheral insulin sensitivity, that is, insulin resistance. Fasting insulin (>74 pmol l(-1) with current insulin immunoassay) may be used for identification of insulin-resistant (or metabolically unhealthy) obese men in research and clinical settings.",non_RCT,1.0,0.0,1.0,0.02,505.97499613650143,True,
1,31307548,non_RCT,Impaired dendritic cell functions in lung cancer: a review of recent advances and future perspectives.,"Lung cancer is the leading cause of cancer mortality worldwide. Dendritic cells (DCs) are the key factors providing protective immunity against lung tumors and clinical trials have proven that DC function is reduced in lung cancer patients. It is evident that the immunoregulatory network may play a key role in the failure of the immune response to terminate tumors. Lung tumors likely employ numerous strategies to suppress DC-based anti-tumor immunity. Here, we summarize the recent advances in our understanding on lung tumor-induced immunosuppression in DCs, which affects the initiation and development of T-cell responses. We also describe which existing measures to restore DC function may be useful for clinical treatment of lung tumors. Furthering our knowledge of how lung cancer cells alter DC function to generate a tumor-supportive environment will be essential in order to guide the design of new immunotherapy strategies for clinical use.",non_RCT,1.0,0.0,1.0,0.02,576.0447450447828,True,
2,26587195,non_RCT,Low Grade Myofibroblastic Sarcoma Occurred in the Scalp.,"Low-grade myofibroblastic sarcoma (LGMS) is a rare sarcoma with myofibroblastic differentiation. LGMS has a propensity for local recurrence and is associated with a low risk of metastatic spread. A 26-year-old man presented with a 12-month history of a slow growing palpable hard mass in the right parietal scalp. Enhanced CT scan of head showed a 3×4 cm sized well-defined and heterogeneously enhancing scalp mass. The patient underwent excision of the tumor. The histological and immunohistochemical features were consistent with a LGMS. We performed re-operation for remnant tumor removal after diagnosis. After 14 months of surgery, the patient was well-being state.",non_RCT,1.0,0.0,1.0,0.01,556.1616129707545,True,
3,21273894,non_RCT,Survey results of pain treatments in adults with cerebral palsy.,"[OBJECTIVE] The aims of this study were to identify the types and frequencies of pain treatments used by individuals with cerebral palsy, examine the perceived effectiveness of these treatments, and identify the types of healthcare providers that were accessed for pain-related services. [DESIGN] A cross-sectional survey design was used. A total of 83 adults (mean [SD] age, 40.3 [13.6] yrs) with cerebral palsy indicated their pain location and intensity during the past 3 mos. Next, they indicated their use of 24 different pain treatments and the effectiveness of each. Finally, participants indicated the frequency of pain-related healthcare visits to specific providers over the past 6 mos. [RESULTS] Of the participants, 63% reported experiencing chronic pain and rated their pain intensity over the past week as 5.1 of 10, on average. The most common pain locations were the lower back, hips, and legs. Physical interventions (e.g., physical therapy, strengthening) were the most common pain treatments reportedly used and were rated as moderately effective. Many other treatments were also used, and participants sought pain-related care from a variety of providers. [CONCLUSIONS] Although participants reportedly accessed pain care from a variety of providers and perceived that several types of treatments were effective, many of the treatments rated as effective were rarely used or provided. Future research using clinical trial methods would further elucidate the specific pain treatments that are most beneficial for adults with cerebral palsy.",non_RCT,1.0,0.0,1.0,0.01,589.1280448995531,True,
4,33392552,non_RCT,Opioid ordering habits in the acute emergency department visit: Before and after implementation of departmental prescribing guidelines.,"[Objective] At our emergency department (ED), opioid prescribing guidelines were implemented in September 2016. The opioid prescribing guidelines were adopted and revised from collective efforts and advocacy of the Michigan College of Emergency Physicians for ED-led opioid stewardship. We performed a retrospective before and after study to determine if opioid prescribing guidelines would change the use of intravenous opioids per patient and the morphine equivalent units (MEU) per patient in a suburban academic ED. [Methods] A retrospective observational study was conducted at a tertiary care level 1 trauma center with an annual ED volume of ≈ 130,000 visits. All intravenous orders of fentanyl, morphine, and hydromorphone for adult patients from January 1, 2015, through December 31, 2017, were tabulated. A 3-month (August 2016-October 2016) washout period was used. Poisson and ordinary linear regression analyses were employed to evaluate any difference in number of intravenous opioids ordered before and after adoption of the guidelines. Within our opioid prescribing guidelines was also guidance for oral opioid orders within the ED and oral opioid prescriptions for discharge, although these elements were not included in this investigation. [Results] A total of 108,327 intravenous opioid orders were included in the final analysis. After adoption of the opioid prescribing guidelines, the expected number of intravenous opioids ordered dropped by 3.1% (eβ, 0.969; 95% confidence interval [CI], 0.779-1.209), and there was an additional decrease of 0.1% per month (eβ, 0.999; 95% CI, 0.990-1.010). After the adoption of opioid prescribing guidelines, the average MEU dropped by 0.3 mg (95% CI, -0.47 to -0.13), and there was decrease of 0.01 mg per month (95% CI, -0.02 to -0.004). [Conclusion] After the adoption of opioid prescribing guidelines, our analysis suggests that opioid prescribing guidelines are associated with clinically small but statistically significant changes in MEU ordered in ED. We cannot determine if this represented a continued trend of decreased opioid use or associated with the opioid prescribing guidelines.",non_RCT,1.0,0.0,1.0,0.01,517.4268290866166,True,
5,24772504,RCT,[Patient compliance as one of the factors determining the efficiency of eradication therapy].,"[AIM] To improve the quality of eradication therapy (ET), by increasing patient compliance. [SUBJECTS AND METHODS] An open-label cohort multicenter randomized study was conducted. A total of 350 patients with Helicobacter pylori infection-associated diseases and indications for ET were examined. Work was done to improve compliance in a study patient group before treatment. [RESULTS] In the study group of patients motivated for treatment, the efficiency of ET was significantly higher than in the control group. The factors influencing treatment adherence were identified and methods to optimize compliance during H. pylori eradication were developed. [CONCLUSION] Awareness of the essence of the disease in a patient and his higher motivation for compliance are one of the components of successful H. pylori eradication.",RCT,0.75,0.88,0.12,0.66,562.1773931197822,True,
6,32816829,RCT,Adherence to early pulmonary rehabilitation after COPD exacerbation and risk of hospital readmission: a secondary analysis of the COPD-EXA-REHAB study.,"[BACKGROUND] Early pulmonary rehabilitation after exacerbation of chronic obstructive pulmonary disease (COPD) has previously been shown to reduce the risk of hospital admission and improve physical performance and quality of life. However, the impact of attendance at early rehabilitation programmes has not been established. [OBJECTIVES] To evaluate the impact of increasing attendance to pulmonary rehabilitation on the risk of hospital admission, physical performance and quality of life in patients attending an early rehabilitation programme after an exacerbation of COPD. [METHODS] This study was a secondary exploratory analysis of the randomised controlled trial COPD-EXA-REHAB study, involving patients hospitalised with an exacerbation of COPD. The COPD-EXA-REHAB study compared early pulmonary rehabilitation, starting within 2 weeks after an exacerbation, with standard treatment, that is, the same programme starting 2 months later. The present analysis included only the 70 patients allocated to early pulmonary rehabilitation. [RESULTS] At 1-year follow-up, we found an association between the number of sessions attended and a reduction in hospital admissions (incidence rate ratio 0.93 (95% CI 0.88 to 0.99), p=0.02), corresponding to a 7% reduction for each session attended. Similarly, at 2-month follow-up, physical performance was positively associated with sessions attended: the mean Incremental Shuttle Walk Test result improved by 8 m with each session (95% CI 2.54 to 13.56, p=0.005) and the Endurance Shuttle Walk Test result by 44 s (95% CI 18.41 to 68.95, p=0.001). Quality of life, assessed using the COPD Assessment Test, was not significantly associated with the number of attended sessions, with the average score increasing by 0.15 points with each session (95% CI -0.35 to 0.65, p=0.55). [CONCLUSION] Increased attendance at early pulmonary rehabilitation after exacerbation of COPD was associated with reduced risk of hospital admission and improved physical performance.",RCT,0.16,0.58,0.42,0.67,554.0053639560938,True,
7,28623977,non_RCT,"Loss of selenocysteine insertion sequence binding protein 2 suppresses the proliferation, migration/invasion and hormone secretion of human trophoblast cells via the PI3K/Akt and ERK signaling pathway.","[INTRODUCTION] Selenocysteine insertion binding protein 2 (SECISBP2) plays a vital role in selenocysteine incorporation into selenoprotein in many creatures. However, the impact of SECISBP2 in development of trophoblast cells remains unclear. The aim of this study was to investigate the roles of SECISBP2 in human trophoblast cells and the underlying molecular mechanism. [METHODS] Low-expression of SECISBP2 in trophoblast cells was achieved by transfection with siRNAs. Then protein levels of selenoproteins and MDA content were performed to evaluate the levels of oxidative stress. CCK-8 assays, transwell chamber assay and wound healing assay were used to assess the trophoblast proliferation, migration/invasion. Production of β-hCG and progesterone was quantified to estimate the effect of SECISBP2 on hormone secretion. The underlying mechanisms were also examined in two trophoblast cell lines. [RESULTS] Knockdown of SECISBP2 clearly reduced the levels of some selenoproteins, including GPx1, SelK, Dio2 (p < 0.05). On the contrary, the levels of oxidative stress presented as MDA content markedly increased in two cell lines (p < 0.05). In addition, proliferative, migratory and invasive abilities of trophoblast cells were significantly suppressed when SECISBP2 was partially deleted (p < 0.05). Furthermore, silencing SECISBP2 reduced the expression of β-hCG at mRNA and protein levels (p < 0.05), and inhibited the production of progesterone (p < 0.01). The PI3K/Akt and ERK signaling pathway were found to involve in the progress (p < 0.05). [DISCUSSION] Our results suggest that the decreased SECISBP2 impaired trophoblast proliferation, migration/invasion and hormone secretion through inactivation of the PI3K/Akt and ERK signaling pathway may provide an insight into the preeclampsia and miscarriage induced by selenium deficiency.",non_RCT,1.0,0.0,1.0,0.01,588.1156981922686,True,
8,27774458,RCT,Short-Term High-Intensity Interval Training on Body Composition and Blood Glucose in Overweight and Obese Young Women.,"This study was to determine the effects of five-week high-intensity interval training (HIIT) on cardiorespiratory fitness, body composition, blood glucose, and relevant systemic hormones when compared to moderate-intensity continuous training (MICT) in overweight and obese young women. Methods. Eighteen subjects completed 20 sessions of HIIT or MICT for five weeks. HIIT involved 60 × 8 s cycling at ~90% of peak oxygen consumption ([Formula: see text]) interspersed with 12 s recovery, whereas MICT involved 40-minute continuous cycling at 65% of [Formula: see text]. [Formula: see text], body composition, blood glucose, and fasting serum hormones, including leptin, growth hormone, testosterone, cortisol, and fibroblast growth factor 21, were measured before and after training. Results. Both exercise groups achieved significant improvements in [Formula: see text] (+7.9% in HIIT versus +11.7% in MICT) and peak power output (+13.8% in HIIT versus +21.9% in MICT) despite no training effects on body composition or the relevant systemic hormones. Blood glucose tended to be decreased after the intervention (p = 0.062). The rating of perceived exertion in MICT was higher than that in HIIT (p = 0.042). Conclusion. Compared with MICT, short-term HIIT is more time-efficient and is perceived as being easier for improving cardiorespiratory fitness and fasting blood glucose for overweight and obese young women.",non_RCT,0.41,0.3,0.7,0.17,432.90280387736857,False,
9,24793999,non_RCT,The miR(21/10b) ratio as a prognostic marker in clear cell renal cell carcinoma.,"[PURPOSE] Clear cell renal cell carcinoma (ccRCC) is the most common type of cancer in the adult kidney, and the prognosis of metastatic ccRCC remains poor with high mortality. In ccRCC, microRNAs (miRs) differentially expressed in tumour tissue have been identified and have been proposed to predict prognosis. The purpose of this study was to evaluate candidate miR markers identified from analysis of The Cancer Genome Atlas (TCGA) datasets in a large RCC cohort and to elucidate whether a ratio of miRs provided additional prognostic information. [EXPERIMENTAL DESIGN] Deep sequencing data from TCGA datasets were analysed using biostatistical methods to identify candidate miRs that correlate with factors such as survival and stage of disease. Candidate miRs were analysed by reverse transcription and quantitative polymerase chain reaction (RT-qPCR) in a cohort of 198 RCC tumours (ccRCC, n=152) and 50 normal kidney samples. [RESULTS] Four candidate miRs (miR-10b, miR-21, miR-101 and miR-223) were selected from the TCGA analysis and analysed in our cohort. Of these, miR-21 and miR-10b were differentially expressed in RCC subtypes and in ccRCC nuclear grades. Individually, the two miRs demonstrated a non-significant trend to correlate with survival. Importantly, the ratio of miR-21/miR10b (miR(21/10b)) correlated significantly with disease severity and survival, a high miR(21/10b) being associated with poor prognosis (P=0.0095). In particular, the miR(21/10b) was found to be an independent prognostic factor in metastasis-free patients (P=0.016; confidence interval (CI) 1.201-5.736). [CONCLUSIONS] We have shown that the miR(21/10b) ratio is an independent prognostic factor for M0 ccRCC patients, which could be useful to identify high-risk M0 patients who could benefit from increased surveillance.",non_RCT,1.0,0.0,1.0,0.01,587.4874300789088,True,
10,22659533,RCT,"Double-dose pravastatin versus add-on ezetimibe with low-dose pravastatin - effects on LDL cholesterol, cholesterol absorption, and cholesterol synthesis in Japanese patients with hypercholesterolemia (PEAS study).","[AIM] This study compared the effect of doubling the dose of pravastatin with that of adding ezetimibe to low-dose pravastatin on the LDL cholesterol (LDL-C) level and on cholesterol absorption and synthesis markers. The tolerability of the 2 regimens was also compared. [METHODS] This was a multicenter, open-label, parallel-group trial. Subjects were aged from 20 to 74 years and had an LDL-C ≥ 120 mg/dL despite pravastatin therapy at 5-10 mg/day. They were randomly allocated to receive either add-on ezetimibe (10 mg/day) or double-dose pravastatin, and follow-up was performed for 12 weeks. The primary endpoints were the changes of LDL-C and apolipoprotein (apo) B levels after 12 weeks of treatment. Cholesterol absorption and synthesis markers were also determined. [RESULTS] LDL-C and apo B decreased by 16% and 14% in the ezetimibe add-on group versus 5.9% and 4.4%, respectively, in the pravastatin double-dose group. The between-group differences of these decreases were highly significant. Cholesterol absorption markers (sitosterol, campesterol, and cholestanol) were reduced by 48%, 36%, and 10%, respectively, in the ezetimibe add-on group, and were increased by 17%, 14%, and 6%, respectively, in the pravastatin double-dose group. Lathosterol (a cholesterol synthesis marker) increased by 76% in the ezetimibe add-on group and by 24% in the pravastatin double-dose group. The difference was statistically significant. No serious adverse effect was observed in either group. [CONCLUSIONS] Adding ezetimibe to low-dose pravastatin achieves greater decreases in LDL-C, apo B, and cholesterol absorption markers than doubling the dose of pravastatin.",RCT,1.0,1.0,0.0,0.99,567.021903116256,True,
11,30832942,non_RCT,Percutaneous Coronary Intervention for the Treatment of Spontaneous Coronary Artery Dissection.,"Most patients presenting with myocardial infarction owing to spontaneous coronary artery dissection can be managed conservatively. Revascularization should be pursued in the presence of high-risk features. Percutaneous coronary intervention is preferred over coronary artery bypass grafting, except in left main dissection. Interventionists should exercise extreme caution and meticulous techniques. Using a cutting balloon to fenestrate and decompress the false lumen is appealing and may avoid the need for long stents. Other percutaneous approaches may also be feasible, and interventionists should be familiar with these various approaches when embarking on spontaneous coronary artery dissection percutaneous coronary intervention.",non_RCT,1.0,0.0,1.0,0.02,497.77370784431696,True,
12,23845236,non_RCT,A computational linguistic measure of clustering behavior on semantic verbal fluency task predicts risk of future dementia in the nun study.,"Generative semantic verbal fluency (SVF) tests show early and disproportionate decline relative to other abilities in individuals developing Alzheimer's disease. Optimal performance on SVF tests depends on the efficiency of using clustered organization of semantically related items and the ability to switch between clusters. Traditional approaches to clustering and switching have relied on manual determination of clusters. We evaluated a novel automated computational linguistic approach for quantifying clustering behavior. Our approach is based on Latent Semantic Analysis (LSA) for computing strength of semantic relatedness between pairs of words produced in response to SVF test. The mean size of semantic clusters (MCS) and semantic chains (MChS) are calculated based on pairwise relatedness values between words. We evaluated the predictive validity of these measures on a set of 239 participants in the Nun Study, a longitudinal study of aging. All were cognitively intact at baseline assessment, measured with the Consortium to Establish a Registry for Alzheimer's Disease (CERAD) battery, and were followed in 18-month waves for up to 20 years. The onset of either dementia or memory impairment were used as outcomes in Cox proportional hazards models adjusted for age and education and censored at follow-up waves 5 (6.3 years) and 13 (16.96 years). Higher MCS was associated with 38% reduction in dementia risk at wave 5 and 26% reduction at wave 13, but not with the onset of memory impairment. Higher [+1 standard deviation (SD)] MChS was associated with 39% dementia risk reduction at wave 5 but not wave 13, and association with memory impairment was not significant. Higher traditional SVF scores were associated with 22-29% memory impairment and 35-40% dementia risk reduction. SVF scores were not correlated with either MCS or MChS. Our study suggests that an automated approach to measuring clustering behavior can be used to estimate dementia risk in cognitively normal individuals.",non_RCT,1.0,0.0,1.0,0.01,736.2482470925897,True,
13,25034105,non_RCT,Recent progress in developing small molecule inhibitors designed to interfere with ras membrane association: toward inhibiting K-Ras and N-Ras functions.,"K-Ras and N-Ras are mutated in a wide range of human cancers, thus making these proteins attractive targets of anticancer drug development. However, no effective compounds have been obtained so far. One of the approaches taken to inhibit the function of K-Ras and N-Ras is to interfere with their membrane association. Various attempts have been taken. In the first example, we examine the approach conceived in early 1990s to inhibit protein prenylation that is required for their membrane association. The initial premise that the inhibition of Ras farnesylation leads to the inhibition of Ras was not realized, mainly due to alternative prenylation of K-Ras and N-Ras proteins. This led to the idea that the combined inhibition of FTase and GGTase-I can block membrane association of K-Ras and N-Ras. Dual specificity inhibitors of FTase and GGTase-I (DPIs) were also developed. These compounds were tested in preclinical and clinical studies. It appears that sufficiently high concentration of the drug to inhibit K-Ras was not achieved in previous attempts. In addition, dose-limiting toxicity has been observed and this was primarily ascribed to GGTase-I inhibition. Strategies to confer cancer targeting capabilities to the inhibitors may overcome the dose-limiting toxicity. In the second approach, postprenylation events were exploited. This led to the development of various inhibitors including the ICMT inhibitors. Finally, recent identification of compounds that inhibit the interaction between K-Ras and PDE-δ is discussed.",non_RCT,1.0,0.0,1.0,0.02,636.3406139425933,True,
14,29304543,non_RCT,Standardizing Second-Trimester Medical Termination: Effects on Clinical Outcomes.,"[OBJECTIVE] The objective of this study was to evaluate length of induction and postdelivery complications before and after implementation of a standardized approach to second-trimester medical termination of pregnancy. [STUDY DESIGN] This was a retrospective cohort study of all women undergoing medical termination of pregnancy between 130/7 and 266/7 weeks of gestation at a single, academic institution from July 1, 2012, through June 30, 2015. The primary outcome was the time from the start of induction of labor to delivery of the fetus. Postdelivery complications including the need for dilation and curettage (D&C), blood transfusion, and readmission to the hospital were secondary outcomes of interest. [RESULTS] A total of 62 women met inclusion criteria; 38 before and 24 after the intervention. There were no differences in measured baseline characteristics (p > 0.05). There was a significant decrease in induction time after the intervention (12.3 compared with 8.6 hours, p = 0.031). There was no significant difference in rates of D&C or other measured complications (p > 0.05). [CONCLUSION] Implementation of a standardized clinical guideline for second-trimester medical termination was associated with a decrease in length of induction. There was no significant difference in need for D&C or postdelivery complications; however, we were underpowered for these secondary outcomes.",non_RCT,1.0,0.0,1.0,0.02,517.9368739482015,True,
15,23614672,non_RCT,Optical strategies for sensing neuronal voltage using quantum dots and other semiconductor nanocrystals.,"Biophysicists have long sought optical methods capable of reporting the electrophysiological dynamics of large-scale neural networks with millisecond-scale temporal resolution. Existing fluorescent sensors of cell membrane voltage can report action potentials in individual cultured neurons, but limitations in brightness and dynamic range of both synthetic organic and genetically encoded voltage sensors have prevented concurrent monitoring of spiking activity across large populations of individual neurons. Here we propose a novel, inorganic class of fluorescent voltage sensors: semiconductor nanoparticles, such as ultrabright quantum dots (qdots). Our calculations revealed that transmembrane electric fields characteristic of neuronal spiking (~10 mV/nm) modulate a qdot's electronic structure and can induce ~5% changes in its fluorescence intensity and ~1 nm shifts in its emission wavelength, depending on the qdot's size, composition, and dielectric environment. Moreover, tailored qdot sensors composed of two different materials can exhibit substantial (~30%) changes in fluorescence intensity during neuronal spiking. Using signal detection theory, we show that conventional qdots should be capable of reporting voltage dynamics with millisecond precision across several tens or more individual neurons over a range of optical and neurophysiological conditions. These results unveil promising avenues for imaging spiking dynamics in neural networks and merit in-depth experimental investigation.",non_RCT,1.0,0.0,1.0,0.01,549.0601640194654,True,
16,23756542,non_RCT,"Analyses of the NAC transcription factor gene family in Gossypium raimondii Ulbr.: chromosomal location, structure, phylogeny, and expression patterns.","NAC domain proteins are plant-specific transcription factors known to play diverse roles in various plant developmental processes. In the present study, we performed the first comprehensive study of the NAC gene family in Gossypium raimondii Ulbr., incorporating phylogenetic, chromosomal location, gene structure, conserved motif, and expression profiling analyses. We identified 145 NAC transcription factor (NAC-TF) genes that were phylogenetically clustered into 18 distinct subfamilies. Of these, 127 NAC-TF genes were distributed across the 13 chromosomes, 80 (55%) were preferentially retained duplicates located in both duplicated regions and six were located in triplicated chromosomal regions. The majority of NAC-TF genes showed temporal-, spatial-, and tissue-specific expression patterns based on transcriptomic and qRT-PCR analyses. However, the expression patterns of several duplicate genes were partially redundant, suggesting the occurrence of sub-functionalization during their evolution. Based on their genomic organization, we concluded that genomic duplications contributed significantly to the expansion of the NAC-TF gene family in G. raimondii. Comprehensive analysis of their expression profiles could provide novel insights into the functional divergence among members of the NAC gene family in G. raimondii.",non_RCT,1.0,0.0,1.0,0.01,529.3959719128907,True,
17,22690592,non_RCT,[Mechanisms of self-regulation of myocardial contractile function during hypokinesia and muscle training].,"This article analyzes the literature devoted to the role of the myocardial contractile apparatus in the regulation of cardiac pump function during hypokinesia, moderate and excessive physical exercises. These data indicate that moderate exercises increase the role of myocardial contractile apparatus, thereby efficiency of cardiac and extracardiac mechanisms for its regulation increase. Excessive loads increase adrenergic inotropic effects on the myocardium in combination with a reduction of the contribution of its contractile apparatus in a common set of regulatory influences on cardiac pump function. Weakening of self regulation mechanisms is typical for the regime of hypokinesia also. However, in the latter case the enhancement of adrenergic inotropic effects is absent.",non_RCT,1.0,0.0,1.0,0.02,531.2334359623492,True,
18,21766982,non_RCT,Gold medal award for life achievement in psychology in the public interest: Bernice Lott.,"The American Psychological Foundation (APF) Gold Medal Awards recognize distinguished and enduring records of accomplishment in four areas of psychology: the application of psychology, the practice of psychology, psychology in the public interest, and the science of psychology. The 2011 recipient of the Gold Medal Award for Life Achievement in Psychology in the Public Interest is Bernice Lott. Dorothy W. Cantor, president of the APF, will present the APF Gold Medal Awards at the 119th Annual Convention of the American Psychological Association on August 5, 2011, at 4:00 p.m. Members of the 2011 APF Board of Trustees are Dorothy W. Cantor, president; William Howell, vice president/secretary; Gerald Koocher, treasurer; Elisabeth R. Straus, executive vice president/executive director; Norman Anderson; David H. Barlow, Camilla Benbow; Sharon Stephens Brehm; Charles L. Brewer; Connie Chan; Anthony Jackson; Ronald F. Levant; Sandra Shullman; Archie L. Turner; and Kurt Geisinger, APA Board of Directors liaison.",non_RCT,1.0,0.0,1.0,0.01,485.80347397364676,True,
19,29177714,RCT,"Non-invasive high-intensity focused ultrasound for UV-induced hyperpigmentation in Fitzpatrick skin types III and IV: a prospective, randomized, controlled, evaluator-blinded trial.","Skin hyperpigmentation is a frequently encountered problem, particularly in darker skin types. Unfortunately, standard treatments for this condition have shown disappointing results. High-intensity focused ultrasound (HIFU) is commonly indicated for skin laxity, but recently was used to treat UV-induced hyperpigmentation in animal models. This study is aimed to evaluate the efficacy and safety of high-intensity focused ultrasound for UVB-induced hyperpigmentation in human subjects. A randomized, evaluator-blinded pilot study was conducted on 20 subjects. Each subject was induced three hyperpigmentary spots by local broadband UVB. After 2 weeks, each spot was randomly allocated to control, low-energy, and high-energy HIFU. Subjects were instructed to follow up weekly for a duration of 1 month. Lightness index measurements, mean improvement scores, subjects' satisfaction, pain scores, and side effects were evaluated. All 20 subjects completed the study. Fourteen subjects had Fitzpatrick (FPT) skin type III and six subjects had FPT skin type IV. Twelve subjects showed greater improvement at control sites while eight subjects showed greater improvement at HIFU-treated sites. In FPT skin type III, HIFU appeared to be inferior to control in both lightness index and mean improvement scores, but in FPT skin type IV, HIFU had greater lightness index improvement and higher improvement scores than control. Side effects were more frequent in high-energy-treated areas. Focused ultrasound may be offered in some patients with hyperpigmentary conditions. More research is needed to determine proper energy settings for optimal outcome.",RCT,1.0,1.0,0.0,0.98,654.9884900450706,True,
20,28841916,RCT,Neoadjuvant chemotherapy versus surgery first for resectable pancreatic cancer (Norwegian Pancreatic Cancer Trial - 1 (NorPACT-1)) - study protocol for a national multicentre randomized controlled trial.,"[BACKGROUND] Pancreatic cancer is the fourth leading cause of cancer-related death. While surgical resection remains the foundation for potentially curative treatment, survival benefit is achieved with adjuvant oncological treatment. Thus, completion of multimodality treatment (surgical resection and (neo)adjuvant chemotherapy) to all patients and early treatment of micrometastatic disease is the ideal goal. NorPACT-1 aims to test the hypothesis that overall mortality at one year after allocation of treatment can be reduced with neoadjuvant chemotherapy in surgically treated patients with resectable pancreatic cancer. [METHODS/DESIGN] The NorPACT- 1 is a multicentre, randomized controlled phase III trial organized by the Norwegian Gastrointestinal Cancer Group for Hepato-Pancreato-Biliary cancer. Patients with resectable adenocarcinoma of the pancreatic head are randomized to receive either surgery first (Group 1: SF/control) or neoadjuvant chemotherapy (Group 2: NT/intervention) with four cycles FOLFIRINOX followed by resection. Both groups receive adjuvant chemotherapy with gemicitabine and capecitabine (six cycles in Group 1, four cycles in Group 2). In total 90 patients will be randomized in all the five Norwegian university hospitals performing pancreatic surgery. Primary endpoint is overall mortality at one year following commencement of treatment for those who ultimately undergo resection. Secondary endpoints are overall survival after date of randomization (intention to treat), overall survival after resection, disease-free survival, histopathological response, complication rates after surgery, feasibility of neoadjuvant and adjuvant chemotherapy, completion rates of all parts of multimodal treatment, and quality-of-life. Bolt-on to the study is a translational research program that aims at identifying factors that are predictive of response to NT, the risk of distant cancer spread, and patient outcome. [DISCUSSION] NorPACT- 1 is designed to investigate the additional benefit of NT compared to standard treatment only (surgery + adjuvant chemotherapy) for resectable cancer of the pancreatic head to decrease early mortality (within one year) in resected patients. [TRIAL REGISTRATION] Trial open for accrual 01.02.2017. ClinicalTrials.gov Identifier: NCT02919787 . Date of registration: September 14, 2016.",RCT,0.99,1.0,0.0,0.92,572.7544811088592,True,
21,25866811,RCT,A phase I trial to evaluate the multiple-dose safety and antitumor activity of ursolic acid liposomes in subjects with advanced solid tumors.,"Ursolic acid liposome (UAL), a new antitumor drug, has potential therapeutic value. However, limited clinical data exists regarding multiple-dose safety, antitumor activity, and the recommended dose (RD) of UAL for subjects with advanced solid tumors. All subjects were intravenously administered UAL for 14 consecutive days of a 21-day treatment cycle. Twenty-one subjects were enrolled in 1 of 3 sequential cohorts (56, 74, and 98 mg/m(2)) to evaluate multiple-dose tolerability and efficacy. Eight additional subjects were treated with UAL (74 mg/m(2)) to evaluate multiple-dose pharmacokinetics. No ≥grade 3 adverse events (NCI-CTC) were observed. Sixty percent subjects achieved stable disease after 2 treatment cycles. Multiple-dose pharmacokinetic analysis suggested UAL does not accumulate in the body. This trial demonstrates that UAL was tolerable, had manageable toxicity, and could potentially improve patient remission rates. A large phase II study is recommended to confirm these results (i.e., RD of 98 mg/m(2)).",non_RCT,1.0,0.0,1.0,0.03,571.5388590469956,False,
22,21775910,RCT,Effect of valerian on sleep quality in postmenopausal women: a randomized placebo-controlled clinical trial.,"[OBJECTIVE] Sleep disturbances reduce the quality of life. About 50% of postmenopausal women experience sleep disturbances such as insomnia. Complementary and alternative medical therapies may be useful for the management of sleep disturbances among postmenopausal women. The aim of the present study was to evaluate the effects of valerian extract taken nightly on the improvement of sleep quality in postmenopausal women experiencing insomnia. [METHODS] A randomized, triple-blind, controlled trial design was used for this study. Participants consisted of 100 postmenopausal women aged 50 to 60 years who were experiencing insomnia. A demographic data form and the Pittsburgh Sleep Quality Index were used to collect data. The women were randomly divided into two groups. Each group received either 530 mg of concentrated valerian extract or a placebo twice a day for 4 weeks. Descriptive and inferential statistics were used to analyze the data. [RESULTS] A statistically significant change was reported in the quality of sleep of the intervention group in comparison with the placebo group (P < 0.001). Also, 30% of the participants in the intervention group and 4% in the placebo group showed an improvement in the quality of sleep (P < 0.001). [CONCLUSIONS] Valerian improves the quality of sleep in women with menopause who are experiencing insomnia. Findings from this study add support to the reported effectiveness of valerian in the clinical management of insomnia.",RCT,1.0,1.0,0.0,0.99,609.601624077186,True,
23,26034725,non_RCT,Don't underestimate fournier's gangrene: report of 8 cases in 10 month survey.,"[BACKGROUND] Fourniers gangrene caused by synergic aerobic and anaerobic organism is a life threatening disorder. [METHODS] The medical records of 8 among 839 patients admitted to imam ali general hospital Zahedan university of Medical Sciences with fourniers gangrene during the 10 months period between 2012 and 2013 were reviewed. [RESULTS] The most common etiology and presentation were abscess and perianal pain respectively. Mixed bacterial flora was common finding in patient. Single debridement was carried out in 2 patients and repeated procedure was needed in 6. [CONCLUSION] This disease is characterized with high mortality of up to 75% but in our study the rate was 37.5%. In other studies diabetes mellitus was found to be the common condition related to fourniers gangrene but in our study the common etiology was perianal abscess. Fourniers gangrene should be rule out in any patient with perianal pain and flulike, swelling skin.",non_RCT,1.0,0.0,1.0,0.01,492.0848058536649,True,
24,30213739,RCT,Introduction to Open Surgical Skills Curriculum: Randomized Trial of Self-Paced vs Group Video Tutorial Viewing.,"[OBJECTIVE] At our residency program, incoming interns are traditionally taught fundamental open surgical skills like suturing and knot tying in a group setting by viewing 12 instructional videos consecutively followed by individual baseline skill testing. We sought to evaluate if introduction to open surgical skills via self-paced viewing of video tutorials, as opposed to traditional group viewing, results in improved surgical skill acquisition in Obstetrics and Gynecology (OBGYN) interns as measured by higher proficiency score with decreased workload stress and anxiety. [DESIGN, SETTING, PARTICIPANTS] A randomized control trial was conducted in which OBGYN PGY-1 residents in 2015 and 2016 (N = 35) were introduced to basic open surgical skills, such as knot tying and suturing, by viewing 12 video tutorials produced at UTSW (https://youtu.be/4w3hyL9muVU) for a surgical skills curriculum. Residents were randomized to 2 groups: group viewing vs self-paced viewing. Performance scores were calculated based on time and accuracy while workload and anxiety were measured by preand post-testing surveys using the National Aeronautics and Space Administration-Task Load Index and Spielberger State-Trait Anxiety Inventory 6 item questionnaires. [RESULTS] There was no significant difference in proficiency score between the group vs self-paced viewing in 8 out of 12 tasks using the Wilcoxon signed rank test (p > 0.10). There was no statistically significant differences in workload stress based on the National Aeronautics and Space Administration-Task Load Index questionnaire (p = 0.399) or self-reported anxiety based on the Spielberger State-Trait Anxiety Inventory 6 item questionnaire (p = 0.607). [CONCLUSIONS] Contrary to recent educational data suggesting self-paced learning may improve outcomes, viewing instructional videos in a group setting continues to be a time efficient method to introduce basic open surgical skills to incoming OBGYN interns.",RCT,1.0,1.0,0.0,0.98,584.5395990181714,True,
25,32226551,non_RCT,Bcl-6-directed follicular helper T cells promote vascular inflammatory injury in diabetic retinopathy.,"Diabetic retinopathy (DR) is a vision-threatening complication of diabetes mellitus characterized by chronic retinal microvascular inflammation. The involvement of CD4+ T cells in retinal vascular inflammation has been considered, but the specific subset and mechanism of T cell-mediated response during the process remains unclear. Here, we aim to investigate the potential role of follicular helper T (Tfh) cells, a newly identified subset of CD4+ T cells in retinal vascular inflammation in DR. Methods: Patients with DR were enrolled and the PD-1+CXCR5+CD4+ Tfh cells were detected in the peripheral blood by flow cytometry. The streptozotocin (STZ)-induced DR model and oxygen-induced retinopathy (OIR) model were established, and 79-6, an inhibitor of Bcl-6, was injected intraperitoneally to suppress Tfh cells. The Tfh cells-related genes were investigated in the spleen, lymph nodes, and retina of mice by flow cytometry, immunofluorescence, and qPCR. Results: The Tfh cells expanded in the circulation of patients with DR and also increased in circulation, lymph nodes and retinal tissues from the STZ-induced DR mice and OIR mice. Notably, inhibition of Bcl-6, a critical transcription factor for Tfh cells development, prevented upregulation of Tfh cells and its typical IL-21 cytokine, and ameliorated vascular leakage in DR mice or retinal angiogenesis in OIR mice, indicating that Bcl-6-directed Tfh cells could promote vascular inflammation and angiogenesis. Conclusions: Our results suggested that excessive Bcl-6-directed Tfh cells represent an unrecognized feature of DR and be responsible for the retinal vascular inflammation and angiogenesis, providing opportunities for new therapeutic approaches to DR.",non_RCT,1.0,0.0,1.0,0.02,531.7220950964838,True,
26,27373387,RCT,Intraoperative aberrometry versus standard preoperative biometry and a toric IOL calculator for bilateral toric IOL implantation with a femtosecond laser: One-month results.,"[PURPOSE] To compare astigmatic outcomes in patients with bilateral cataracts having toric intraocular lens (IOL) implantation with intraoperative aberrometry measurements in 1 eye and standard power calculation and a toric IOL calculator with inked axis marking in the contralateral eye. [SETTING] Twelve sites in the United States. [DESIGN] Prospective cohort study. [METHODS] The eye with the more visually significant cataract was randomized to intraoperative aberrometry measurements (Ocular Response Analyzer with Verifeye) or standard preoperative biometry and use of a toric calculator with the contralateral eye automatically assigned to the other group. The primary effectiveness outcome was the proportion of eyes with a postoperative refractive astigmatism of 0.50 diopter (D) or less at 1 month. [RESULTS] Of the 130 patients (260 eyes) enrolled, 124 (248 eyes) were randomized; 121 (242 eyes) completed the trial. The percentage of eyes with astigmatism of 0.50 D or less at 1 month was higher in the intraoperative aberrometry group than in the standard group (89.2% versus 76.6%) (P = .006). The mean postoperative refractive astigmatism was lower in the intraoperative aberrometry group (0.29 D ± 0.28 [SD] versus 0.36 ± 0.35 D) (P = .041). Secondary effectiveness endpoints, including manifest refraction spherical equivalent prediction error, uncorrected distance visual acuity, and corrected distance visual acuity, were similar. [CONCLUSIONS] Compared with standard methods, the use of the intraoperative aberrometry system increased the proportion of eyes with postoperative refractive astigmatism of 0.50 D or less and reduced the mean postoperative refractive astigmatism at 1 month. Other efficacy outcomes were similar. [FINANCIAL DISCLOSURES] Drs. Woodcock, Lehmann, and Cionni are consultants to Alcon Laboratories, Inc. Dr. Breen is an employee of Alcon Laboratories, Inc. Dr. Scott has no financial or proprietary interest in any material or method mentioned.",RCT,0.59,0.79,0.21,0.69,465.01738391816616,True,
27,29386457,non_RCT,Giant Cell Tumors of the Bone: Changes in Image Features after Denosumab Administration.,"[PURPOSE] To assess the clinical importance in the feature change in giant cell tumors of the bone (GCTB) after denosumab treatment, detected by MRI. [METHODS] In 12 patients, MRI and CT of GCTB obtained before and after the treatment retrospectively compared. The tumor size, the signal intensity (SI) ratio between the solid part of the GCTB and muscle, cystic part size, gadolinium enhancement and apparent diffusion coefficient (ADC) value were measured on MRI. The bone formation in the tumor was observed on CT and X-ray. [RESULTS] The mean number of denosumab injections was 19 ± 10. The follow-up period was up to 2 years. One case showed partial remission, while the other 11 cases were stable. A mean SI ratio on T2-weighted image statistically significantly decreased from 3.9 to 1.9 after the treatment. A cystic component in the tumor was observed in five cases before the treatment, and the diameter of the cystic part decreased after the treatment in 80% of cases (4/5). All the tumors showed contrast enhancement on T1-weighted image pre- and post-treatment (11/11). The averaged ADC values were 1.52 × 10-3 mm2/s before and 1.44 × 10-3 mm2/s after the treatment (P = 0.63). Bone formation in the tumor was observed in 58% of cases (7/12). [CONCLUSION] The decrease of SI ratio on T2-weighted image, shrinkage of cystic part and bone formation should be regarded as the effectiveness of denosumab treatment despite of no substantial change in the tumor size.",non_RCT,1.0,0.0,1.0,0.01,591.4258921984583,True,
28,21410371,RCT,Cytarabine dose for acute myeloid leukemia.,"[BACKGROUND] Cytarabine (ara-C) is an important drug in the treatment of acute myeloid leukemia (AML). High-dose cytarabine (2000 to 3000 mg per square meter of body-surface area) is toxic but results in higher rates of relapse-free survival than does the conventional dose of 100 to 400 mg per square meter. Intermediate dose levels have not been thoroughly evaluated. [METHODS] We compared two induction regimens in patients 18 to 60 years of age (median, 49) who had newly diagnosed AML. The intermediate-dose group, totaling 431 patients, received cytarabine at a dose of 200 mg per square meter given by continuous intravenous infusion for 24 hours during cycle 1 of induction therapy and 1000 mg per square meter by infusion for 3 hours twice daily during cycle 2 of induction therapy. The high-dose group, totaling 429 patients, received a dose-escalated regimen of 1000 mg of cytarabine per square meter every 12 hours in cycle 1 and 2000 mg per square meter twice daily in cycle 2. Patients with a complete response did not receive additional cytarabine but received consolidation therapy in a third cycle of chemotherapy (mitoxantrone-etoposide) or underwent autologous or allogeneic stem-cell transplantation. Complete remission rates, survival rates, and toxic effects were assessed for each treatment group. [RESULTS] At a median follow-up of 5 years, no significant differences were noted between the intermediate-dose group and the high-dose group with respect to complete remission rates (80% and 82%, respectively), probability of relapse, event-free survival at 5 years (34% and 35%), or overall survival (40% and 42%). High-dose cytarabine provided no clear advantage in any prognostic subgroup. The high-dose treatment resulted in higher incidences of grade 3 and grade 4 toxic effects (in cycle 1), prolonged hospitalization, and delayed neutrophil recovery (in cycle 2) and platelet recovery (in cycles 2 and 3). [CONCLUSIONS] Induction therapy with cytarabine at the lower dose already produced maximal antileukemic effects for all response end points, suggesting a plateau in the dose-response relationship above this dose level. High-dose cytarabine results in excessive toxic effects without therapeutic benefit. (Netherlands Trial Register number, NTR230.).",RCT,0.92,0.96,0.04,0.67,505.1475770305842,True,
29,29872264,RCT,Evaluation of the effects of food on levodropropizine controlled-release tablet and its pharmacokinetic profile in comparison to that of immediate-release tablet.,"[Background] Levodropropizine is a non-opioid antitussive agent that inhibits cough reflex by reducing the release of sensory peptide in the peripheral region. To improve patients' compliance, a controlled-release (CR) tablet is under development. The aim of this study was to compare the pharmacokinetic (PK) profiles of the CR and immediate-release (IR) tablets of levodropropizine. In addition, the effect of food on the PK properties of levodropropizine CR tablet in healthy subjects was evaluated. [Subjects and methods] A randomized, open-label, multiple-dose, three-treatment, three-period, six-sequence, crossover study was conducted on 47 healthy subjects. All subjects were randomly assigned to one of the six sequences, which involve combinations of the following three treatments: levodropropizine IR 60 mg three times in the fasted state (R), levodropropizine CR 90 mg two times in the fasted state (T), and levodropropizine CR 90 mg two times in the fed state (TF). Serial blood samples were collected up to 24 h after the first dose. Tolerability was assessed based on the vital signs, adverse events (AEs), and clinical laboratory tests. [Results] Levodropropizine CR showed lower maximum drug concentration (Cmax) and similar total exposure compared to levodropropizine IR. The geometric mean ratios (GMRs) (90% confidence intervals [CIs]) of T to R for the Cmax and area under the concentration-time curve from the 0 to 24 h time points (AUC0-24h) were 0.80 (0.75-0.85) and 0.89 (0.86-0.93), respectively. In the fed group, levodropropizine CR showed exposure similar to that in the fasted group. The GMRs (90% CIs) of TF to T for the Cmax and AUC0-24h were 0.90 (0.85-0.97) and 1.10 (1.05-1.14), respectively. No serious AEs occurred with both levodropropizine CR and IR tablets. [Conclusion] Total systemic exposure for levodropropizine was similar in subjects receiving the CR and IR formulations in terms of the AUC. Although food delayed the absorption of levodropropizine CR, systemic exposure was not affected.",RCT,1.0,1.0,0.0,0.96,561.2654949072748,True,
30,30909620,non_RCT,Vaspin in Serum and Urine of Post-Partum Women with Excessive Gestational Weight Gain.,"Background and objectives: Data concerning vaspin in obstetric aspects are limited and conflicting. The aim of the study was to evaluate vaspin concentrations in the serum and urine of women with excessive gestational weight gain (EGWG) in the early post-partum period (i.e., 48 h after delivery), when placental function no longer influences the results. Materials and Methods: The study subjects were divided into two groups of 28 healthy controls and 38 mothers with EGWG. Maternal body composition and hydration status were evaluated by the bioelectrical impedance analysis (BIA) method. Concentrations of vaspin, fatty acid-binding protein 4 (FABP4), leptin, and ghrelin were determined via enzyme-linked immunosorbent assay (ELISA). Results: Serum vaspin levels were lower in the EGWG group, whereas no significant differences were noted between the groups, with regard to the urine vaspin concentrations. In both studied groups, the serum vaspin concentrations correlated positively with the urine FABP4 levels and negatively with gestational weight gain, body mass index gain in the period from pre-pregnancy to 48 h after delivery (ΔBMI), and fat tissue index (FTI). In the multiple linear regression models, the serum vaspin concentrations were positively dependent on the serum FABP4 levels, as well as negatively dependent on triglycerides, FTI, and ΔBMI. Conclusions: Our study revealed that the EGWG mothers were characterized by significantly lower serum vaspin concentrations in the early post-partum period compared with the subjects that had appropriate gestational weight gain. Our observation supports previous hypotheses that vaspin might be used as a marker of lipid metabolism in pregnancy and maternal adipose tissue. Considering the fact that FABP4 is widely referred to as a pro-inflammatory adipokine, further research on the protective role of vaspin seems crucial, especially in the context of its relationship to FABP4.",non_RCT,1.0,0.0,1.0,0.02,456.76325098611414,True,
31,25594768,RCT,"Desensitizing efficacy of nano-carbonate apatite dentifrice and Er,Cr:YSGG laser: a randomized clinical trial.","[OBJECTIVE] The aim of this study was to evaluate the desensitizing effects of a dentifrice containing nano-carbonate apatite (n-CAP) and Er,Cr:YSGG laser in the treatment of dentin hypersensitivity. [BACKGROUND DATA] Most studies of hypersensitivity treatment have been conducted with different methods of professional treatment and self-care in each study. Moreover, clinical studies that compare self-care and professional treatment have not yet been published. [METHODS] Eighty-two patients with dentin hypersensitivity were divided randomly into three groups: (1) a control group with strontium chloride dentifrice (SC), (2) n-CAP dentifrice (n-CAP), and (3) an Er,Cr:YSGG laser (laser) group. The study was conducted for 4 weeks: a treatment period of 2 weeks and a maintenance period of 2 subsequent weeks. The SC and n-CAP groups were instructed to brush their teeth twice a day for 1 min. The laser group visited twice at 1 week intervals for irradiation of the sensitive teeth. The desensitizing effect was evaluated by assessing the tactile sensitivity using the visual analogue scale (VAS), and evaporative air sensitivity was determined using an air blast score (ABS). [RESULTS] The n-CAP group and the laser group showed significantly different desensitizing effects in VAS after 4 weeks (69% and 63%, respectively) and a 33% (p<0.05) and 3% (p>0.05) desensitizing effect, respectively, in VAS during the maintenance period. [CONCLUSIONS] The n-CAP and the laser were effective in reducing dentin hypersensitivity. The laser had a superior desensitizing effect at the initial stage, whereas the n-CAP maintained its effect for a relatively longer time in clinical situations.",RCT,1.0,1.0,0.0,0.97,465.78685101121664,True,
32,23415013,RCT,"Use of clopidogrel with or without aspirin in patients taking oral anticoagulant therapy and undergoing percutaneous coronary intervention: an open-label, randomised, controlled trial.","[BACKGROUND] If percutaneous coronary intervention (PCI) is required in patients taking oral anticoagulants, antiplatelet therapy with aspirin and clopidogrel is indicated, but such triple therapy increases the risk of serious bleeding. We investigated the safety and efficacy of clopidogrel alone compared with clopidogrel plus aspirin. [METHODS] We did an open-label, multicentre, randomised, controlled trial in 15 centres in Belgium and the Netherlands. From November, 2008, to November, 2011, adults receiving oral anticoagulants and undergoing PCI were assigned clopidogrel alone (double therapy) or clopidogrel plus aspirin (triple therapy). The primary outcome was any bleeding episode within 1 year of PCI, assessed by intention to treat. This study is registered with ClinicalTrials.gov, number NCT00769938. [FINDINGS] 573 patients were enrolled and 1-year data were available for 279 (98·2%) patients assigned double therapy and 284 (98·3%) assigned triple therapy. Mean ages were 70·3 (SD 7·0) years and 69·5 (8·0) years, respectively. Bleeding episodes were seen in 54 (19·4%) patients receiving double therapy and in 126 (44·4%) receiving triple therapy (hazard ratio [HR] 0·36, 95% CI 0·26-0·50, p<0·0001). In the double-therapy group, six (2·2%) patients had multiple bleeding events, compared with 34 (12·0%) in the triple-therapy group. 11 (3·9%) patients receiving double therapy required at least one blood transfusion, compared with 27 (9·5%) patients in the triple-therapy group (odds ratio from Kaplan-Meier curve 0·39, 95% CI 0·17-0·84, p=0·011). [INTERPRETATION] Use of clopiogrel without aspirin was associated with a significant reduction in bleeding complications and no increase in the rate of thrombotic events. [FUNDING] Antonius Ziekenhuis Foundation, Strect Foundation.",RCT,1.0,1.0,0.0,0.99,528.5035918932408,True,
33,22201239,RCT,Preliminary efficacy of a computer-delivered HIV prevention intervention for African American teenage females.,"This study translated SiHLE (Sisters Informing, Healing, Living, and Empowering), a 12-hour Centers for Disease Control and Prevention evidence-based group-level intervention for African American females 14-18 years of age, into a 2-hour computer-delivered individual-level intervention. A randomized controlled trial (n = 178) was conducted to examine the efficacy of the new Multimedia SiHLE intervention. Average condom-protected sex acts (proportion of vaginal sex acts with condoms, last 90 days) for sexually active participants receiving Multimedia SiHLE rose from M = 51% at baseline to M = 71% at 3-month follow-up (t = 2.06, p = .05); no statistically significant difference was found in the control group. Non-sexually active intervention group participants reported a significant increase in condom self-efficacy (t = 2.36, p = .02); no statistically significant difference was found in the control group. The study provides preliminary support for the efficacy of a computer-delivered adaptation of a proven HIV prevention program for African American teenage women. This is consistent with meta-analyses that have shown that computer-delivered interventions, which can often be disseminated at lower per-capita cost than human-delivered interventions, can influence HIV risk behaviors in positive fashion.",RCT,1.0,1.0,0.0,0.98,612.991841044277,True,
34,25754896,RCT,Increasing the efficiency of paired-stimulus preference assessments by identifying categories of preference.,"A paired-stimulus preference assessment was conducted for 6 individuals with developmental disabilities. We selected stimuli that were representatives of 4 categories: chocolate, salty and crunchy, gummy, and fruit and vegetable. For all 6 participants, at least 3 of the 5 most preferred items came from the same category. On subsequent reinforcer assessments, items from the highest ranked preference category, some of which were included in the preference assessments and some of which were not, functioned as reinforcers. These findings suggest that after categories of preferred items are identified, clinicians may be able to identify reinforcers for some individuals without conducting additional assessments.",non_RCT,1.0,0.0,1.0,0.02,439.1518388874829,False,
35,25289678,non_RCT,Giardia duodenalis infection reduces granulocyte infiltration in an in vivo model of bacterial toxin-induced colitis and attenuates inflammation in human intestinal tissue.,"Giardia duodenalis (syn. G. intestinalis, G. lamblia) is a predominant cause of waterborne diarrheal disease that may lead to post-infectious functional gastrointestinal disorders. Although Giardia-infected individuals could carry as much as 106 trophozoites per centimetre of gut, their intestinal mucosa is devoid of overt signs of inflammation. Recent studies have shown that in endemic countries where bacterial infectious diseases are common, Giardia infections can protect against the development of diarrheal disease and fever. Conversely, separate observations have indicated Giardia infections may enhance the severity of diarrheal disease from a co-infecting pathogen. Polymorphonuclear leukocytes or neutrophils (PMNs) are granulocytic, innate immune cells characteristic of acute intestinal inflammatory responses against bacterial pathogens that contribute to the development of diarrheal disease following recruitment into intestinal tissues. Giardia cathepsin B cysteine proteases have been shown to attenuate PMN chemotaxis towards IL-8/CXCL8, suggesting Giardia targets PMN accumulation. However, the ability of Giardia infections to attenuate PMN accumulation in vivo and how in turn this effect may alter the host inflammatory response in the intestine has yet to be demonstrated. Herein, we report that Giardia infection attenuates granulocyte tissue infiltration induced by intra-rectal instillation of Clostridium difficile toxin A and B in an isolate-dependent manner. This attenuation of granulocyte infiltration into colonic tissues paralled decreased expression of several cytokines associated with the recruitment of PMNs. Giardia trophozoite isolates that attenuated granulocyte infiltration in vivo also decreased protein expression of cytokines released from inflamed mucosal biopsy tissues collected from patients with active Crohn's disease, including several cytokines associated with PMN recruitment. These results demonstrate for the first time that certain Giardia infections may attenuate PMN accumulation by decreasing the expression of the mediators responsible for their recruitment.",non_RCT,1.0,0.0,1.0,0.02,527.73233409971,True,
36,23508598,RCT,Osteopathic manual treatment and ultrasound therapy for chronic low back pain: a randomized controlled trial.,"[PURPOSE] We studied the efficacy of osteopathic manual treatment (OMT) and ultrasound therapy (UST) for chronic low back pain. [METHODS] A randomized, double-blind, sham-controlled, 2 × 2 factorial design was used to study OMT and UST for short-term relief of nonspecific chronic low back pain. The 455 patients were randomized to OMT (n = 230) or sham OMT (n = 225) main effects groups, and to UST (n = 233) or sham UST (n = 222) main effects groups. Six treatment sessions were provided over 8 weeks. Intention-to-treat analysis was performed to measure moderate and substantial improvements in low back pain at week 12 (30% or greater and 50% or greater pain reductions from baseline, respectively). Five secondary outcomes, safety, and treatment adherence were also assessed. [RESULTS] There was no statistical interaction between OMT and UST. Patients receiving OMT were more likely than patients receiving sham OMT to achieve moderate (response ratio [RR] = 1.38; 95% CI, 1.16-1.64; P <.001) and substantial (RR = 1.41, 95% CI, 1.13-1.76; P = .002) improvements in low back pain at week 12. These improvements met the Cochrane Back Review Group criterion for a medium effect size. Back-specific functioning, general health, work disability specific to low back pain, safety outcomes, and treatment adherence did not differ between patients receiving OMT and sham OMT. Nevertheless, patients in the OMT group were more likely to be very satisfied with their back care throughout the study (P <.001). Patients receiving OMT used prescription drugs for low back pain less frequently during the 12 weeks than did patients in the sham OMT group (use ratio = 0.66, 95% CI, 0.43-1.00; P = .048). Ultrasound therapy was not efficacious. [CONCLUSIONS] The OMT regimen met or exceeded the Cochrane Back Review Group criterion for a medium effect size in relieving chronic low back pain. It was safe, parsimonious, and well accepted by patients.",RCT,1.0,1.0,0.0,0.99,593.1034688837826,True,
37,23892047,RCT,Complement fragment 3a priming of umbilical cord blood progenitors: safety profile.,"Preclinical data showed that priming CD34(+) hematopoietic progenitor cells with complement fragment 3a (C3a) improved homing and engraftment. Thus, we hypothesized that priming of umbilical cord blood (UCB) hematopoietic progenitors with C3a would facilitate homing and could potentially be used to address the need for improved engraftment after UCB transplantation. We primed 1 of 2 UCB units for double UCB transplantation after nonmyeloablative conditioning. This design provided adequate safety and the potential to observe skewed long-term chimerism in favor of the C3a-primed unit as a surrogate measure of efficacy. C3a priming of 1 UCB unit did not result in infusional toxicity. Increased grades 1 to 3 hypertension were the only infusional adverse events observed in 9 (30%) patients. We observed no activation of inflammatory or coagulation pathways downstream of C3a. As tested, C3a priming did not impair engraftment, but did not skew chimerism toward the treated unit. As compared with historical controls, mortality and survival were not adversely affected. Thus, before any additional clinical studies, C3a priming to promote engraftment will require further preclinical optimization.",non_RCT,0.99,0.01,0.99,0.06,496.04588793590665,False,
38,25171520,non_RCT,Prospect theory based estimation of drivers' risk attitudes in route choice behaviors.,"This paper applied prospect theory (PT) to describe drivers' route choice behavior under Variable Message Sign (VMS), which presented visual traffic information to assist them to make route choice decisions. A quite rich empirical data from questionnaire and field spot was used to estimate parameters of PT. In order to make the parameters more realistic with drivers' attitudes, they were classified into different types by significant factors influencing their behaviors. Based on the travel time distribution of alternative routes and route choice results from questionnaire, the parameterized value function of each category was figured out, which represented drivers' risk attitudes and choice characteristics. The empirical verification showed that the estimates were acceptable and effective. The result showed drivers' risk attitudes and route choice characteristics could be captured by PT under real-time information shown on VMS. For practical application, once drivers' route choice characteristics and parameters were identified, their route choice behavior under different road conditions could be predicted accurately, which was the basis of traffic guidance measures formulation and implementation for targeted traffic management. Moreover, the heterogeneous risk attitudes among drivers should be considered when releasing traffic information and regulating traffic flow.",non_RCT,1.0,0.0,1.0,0.02,525.1341490074992,True,
39,27379077,non_RCT,Corrigendum: Survey and Visual Detection of Zaire Ebolavirus in Clinical Samples Targeting the Nucleoprotein Gene in Sierra Leone.,"[This corrects the article on p. 1332 in vol. 6, PMID: 26648918.].",non_RCT,1.0,0.0,1.0,0.03,485.80883792601526,True,
40,26905901,RCT,The impact of treatment condition and the lagged effects of PTSD symptom severity and alcohol use on changes in alcohol craving.,"Given the high rates of comorbidity between posttraumatic stress disorder (PTSD) and substance use disorder (SUD), we investigated an integrated treatment for these disorders. Individuals with comorbid PTSD and alcohol dependence were randomized to receive naltrexone or placebo, with or without prolonged exposure (PE). All participants also received BRENDA (supportive counseling). The naltrexone plus PE group showed a greater decline in alcohol craving symptoms than those in the placebo with no PE group. The PE plus placebo and the naltrexone without PE groups did not differ significantly from the placebo with no PE group in terms of alcohol craving. No treatment group differences were found for percentage of drinking days. Alcohol craving was moderated by PTSD severity, with those with higher PTSD symptoms showing faster decreases in alcohol craving. Both PTSD and alcohol use had a lagged effect on alcohol craving, with changes in PTSD symptoms and percentage of days drinking being associated with subsequent changes in craving. These results support the relationship between greater PTSD symptoms leading to greater alcohol craving and suggest that reducing PTSD symptoms may be beneficial to reducing craving in those with co-occurring PTSD/SUD.",RCT,1.0,1.0,0.0,0.98,548.2326259370893,True,
41,22139387,RCT,A comparison of percutaneous reduction and screw fixation versus open reduction and plate fixation of traumatic symphysis pubis diastasis.,"[PURPOSE] Plate fixation, the conventional treatment for traumatic symphysis pubis diastasis, carries the risk of extensive exposure, blood loss and postoperative infections. Percutaneous screw fixation is a minimally invasive treatment. The goal of the present study was to compare the outcome of plate fixation and percutaneous screw technique in the treatment of traumatic pubic symphysis diastasis. [METHODS] Ninety patients with traumatic symphysis pubis diastasis were treated from January 2003 to December 2009 at two level 1 regional trauma centers. The mean time of follow-up was 21 months (18 to 26). Forty-five patients were treated by percutaneous screw fixation. Forty-five patients were treated by plate and screws fixation. The demographic, distribution of fracture patterns, blood loss, incision length, fixation failure, malunion, revision surgery and functional scores were compared. [RESULTS] Seven cases were lost during follow-up. Demographics (age and gender), fracture classification and Injury Severity Score were comparable in the two groups (P > 0.05). Blood loss and extensive exposure were much less in screw group (P < 0.01). Patients in screw group achieved better functional performance (P = 0.01). There were no significant differences favoring plate fixation in reduction quality (P = 0.32), implant failure (P = 0.39), malunion (P = 0.15), revision surgery rates (P = 0.27), percentage of impotence in the male patients (P = 0.2) and implant removal time (P = 0.12) between the two groups. [CONCLUSIONS] Our results indicate that besides lower rate of iatrogenic injuries and better functional outcome, percutaneous screw fixation of the pubic symphysis is as strong as plate fixation.",non_RCT,1.0,0.0,1.0,0.04,525.6936231162399,False,
42,29726951,RCT,"Walnut Consumption Alters the Gastrointestinal Microbiota, Microbially Derived Secondary Bile Acids, and Health Markers in Healthy Adults: A Randomized Controlled Trial.","[Background] Epidemiologic data suggest that diets rich in nuts have beneficial health effects, including reducing total and cause-specific mortality from cancer and heart disease. Although there is accumulating preclinical evidence that walnuts beneficially affect the gastrointestinal microbiota and gut and metabolic health, these relations have not been investigated in humans. [Objective] We aimed to assess the impact of walnut consumption on the human gastrointestinal microbiota and metabolic markers of health. [Methods] A controlled-feeding, randomized crossover study was undertaken in healthy men and women [n = 18; mean age = 53.1 y; body mass index (kg/m2): 28.8]. Study participants received isocaloric diets containing 0 or 42 g walnuts/d for two 3-wk periods, with a 1-wk washout between diet periods. Fecal and blood samples were collected at baseline and at the end of each period to assess secondary outcomes of the study, including effects of walnut consumption on fecal microbiota and bile acids and metabolic markers of health. [Results] Compared with after the control period, walnut consumption resulted in a 49-160% higher relative abundance of Faecalibacterium, Clostridium, Dialister, and Roseburia and 16-38% lower relative abundances of Ruminococcus, Dorea, Oscillospira, and Bifidobacterium (P < 0.05). Fecal secondary bile acids, deoxycholic acid and lithocholic acid, were 25% and 45% lower, respectively, after the walnut treatment compared with the control treatment (P < 0.05). Serum LDL cholesterol and the noncholesterol sterol campesterol concentrations were 7% and 6% lower, respectively, after walnut consumption compared with after the control treatment (P < 0.01). [Conclusion] Walnut consumption affected the composition and function of the human gastrointestinal microbiota, increasing the relative abundances of Firmicutes species in butyrate-producing Clostridium clusters XIVa and IV, including Faecalibacterium and Roseburia, and reducing microbially derived, proinflammatory secondary bile acids and LDL cholesterol. These results suggest that the gastrointestinal microbiota may contribute to the underlying mechanisms of the beneficial health effects of walnut consumption. This trial was registered at www.clinicaltrials.gov as NCT01832909.",RCT,1.0,1.0,0.0,0.98,515.148569829762,True,
43,24130350,RCT,Effectiveness of early intensive therapy on β-cell preservation in type 1 diabetes.,"[OBJECTIVE] To assess effectiveness of inpatient hybrid closed-loop control (HCLC) followed by outpatient sensor-augmented pump (SAP) therapy initiated within 7 days of diagnosis of type 1 diabetes on the preservation of β-cell function at 1 year. [RESEARCH DESIGN AND METHODS] Sixty-eight individuals (mean age 13.3 ± 5.7 years; 35% female, 92% Caucasian) were randomized to HCLC followed by SAP therapy (intensive group; N = 48) or to the usual-care group treated with multiple daily injections or insulin pump therapy (N = 20). Primary outcome was C-peptide concentrations during mixed-meal tolerance tests at 12 months. [RESULTS] Intensive-group participants initiated HCLC a median of 6 days after diagnosis for a median duration of 71.3 h, during which median participant mean glucose concentration was 140 mg/dL (interquartile range 134-153 mg/dL). During outpatient SAP, continuous glucose monitor (CGM) use decreased over time, and at 12 months, only 33% of intensive participants averaged sensor use ≥6 days/week. In the usual-care group, insulin pump and CGM use were initiated prior to 12 months by 15 and 5 participants, respectively. Mean HbA1c levels were similar in both groups throughout the study. At 12 months, the geometric mean (95% CI) of C-peptide area under the curve was 0.43 (0.34-0.52) pmol/mL in the intensive group and 0.52 (0.32-0.75) pmol/mL in the usual-care group (P = 0.49). Thirty-seven (79%) intensive and 16 (80%) usual-care participants had a peak C-peptide concentration ≥0.2 pmol/mL (P = 0.30). [CONCLUSIONS] In new-onset type 1 diabetes, HCLC followed by SAP therapy did not provide benefit in preserving β-cell function compared with current standards of care.",RCT,1.0,1.0,0.0,0.98,613.3639100007713,True,
44,24197774,non_RCT,Asymmetric hydrogenation of imines.,"Homogeneous catalytic asymmetric hydrogenation has evolved into a significantly useful methodology for the preparation of enantiopure compounds. Significant advances in asymmetric hydrogenation of imines have enabled a straightforward and powerful approach to various chiral amines. An overview of the many variants of the chiral transition metal catalysts, illustrations of synthetic applications, and discussions of emerging and future strategies from a mechanistic perspective are presented.",non_RCT,1.0,0.0,1.0,0.01,463.3984100073576,True,
45,28275232,non_RCT,The differential effects of low and high doses of apelin through opioid receptors on the blood pressure of rats with renovascular hypertension.,"The apelin/APJ system has an important role in the regulation of vascular tone and blood pressure. Opioid receptors (OPRs) are also important cardiovascular regulators and exert many of their effects by modulating the function of other G-protein-coupled receptors. The aim of this study was to analyze the interaction of apelin and the opioid system with respect to vascular responses to apelin in rats with renovascular hypertension (two-kidney, one clip (2K1C)). Homodynamic studies were carried out in 2K1C rats. Naloxone (a nonselective OPR inhibitor) or nor-binaltorphimine dihydrochloride (norBNI, a kappa OPR inhibitor) and signaling pathway inhibitors PTX (a Gi path inhibitor) and chelerythrine (a protein kinase C (PKC) inhibitor) were administered before apelin at 20 and 40 μg kg-1. Apelin at 20 and 40 μg kg-1 decreased the systolic blood pressure by 15% and 20%, respectively (P<0.05). The pressure drop caused by apelin 20 was inhibited by naloxone, norBNI and PTX, but it was not affected by chelerythrine. The pressure drop caused by apelin 40 was augmented by naloxone and chelerythrine, and it was not affected by norBNI or PTX. The lowering effect of apelin 20 on blood pressure is exerted through OPRs and stimulation of Gi and PKC pathways. However, apelin 40 functions independently of OPRs, Gi and PKC. This dose-dependent differential effect of apelin may have potential clinical applications as opioids are currently used, and apelin has been introduced as a potential therapeutic agent in cardiovascular complications.",non_RCT,1.0,0.0,1.0,0.04,582.8551340382546,True,
46,32016122,RCT,Effects of the Proactive Interdisciplinary Self-Management (PRISMA) Program on Online Care Platform Usage in Patients with Type 2 Diabetes in Primary Care: A Randomized Controlled Trial.,"Online care platforms can support patients with type 2 diabetes (T2DM) in managing their health. However, in the use of eHealth, a low participation rate is common. The Proactive Interdisciplinary Self-Management (PRISMA) program, aimed at improving patients' self-management skills, was expected to encourage patients to manage their disease through the use of an online platform. Therefore, the objective of the current study was to investigate whether a group education program can improve the use of an online care platform in patients with T2DM treated by primary care providers in the Netherlands. In a randomized controlled trial, patients with T2DM received either PRISMA with usual care or usual care only. During a six-month follow-up period in 2014-2015, usage (number of log-ons and time spent per session) of an online care platform (e-Vita) aimed at improving T2DM self-management was assessed. A training about the functionalities of e-Vita was offered. The sample consisted of 203 patients. No differences were found between the intervention and control groups in the number of patients who attended the platform training (interested patients) (X 2(1) = 0.58; p = 0.45), and the number of patients who logged on at least once (platform users) (X 2(1) = 0.46; p = 0.50). In addition, no differences were found between the groups in the type of users-patients who logged on twice or more (active users) or patients who logged on once (nonactive users) (X 2(1) = 0.56; p = 0.45). The PRISMA program did not change platform usage in patients with T2DM. In addition, only a small proportion of the patients logged on twice or more. Patients probably need other encouragements to manage their condition using an online platform.",RCT,1.0,1.0,0.0,0.98,479.55685504712164,True,
47,33032474,RCT,Clinical evaluation of the synbiotic Prodefen Plus® in the prevention of the antibiotic-associated diarrhoea in subjects requiring antibiotic treatment.,"Prodefen® is a dietary food supplement formulated as a synbiotic that has shown additional benefit to the standard supportive therapy in the management of acute viral diarrhoea in children. There is scarce evidence of this synbiotic in adults. The objective of this randomised double blind placebo-controlled clinical trial was to evaluate the efficacy and safety of Prodefen Plus® in the prevention of antibiotic-associated diarrhoea (AAD) in an adult population requiring either antibiotic treatment for an oral infection or antibiotic prophylaxis for a dental surgical procedure in a dental consultation. 151 subjects were randomised to the active (synbiotic) or control arm (placebo) for 14 days. There was a significantly higher reduction in the AAD incidence, and an improvement in the stool consistency in the active group. A higher reduction in both the frequency and duration of the diarrhoea episodes in the active group was also observed, as it was an improved perception of the diarrhoea severity. Overall, the study medication was well tolerated. In conclusion, results from this study confirm the beneficial effect of the synbiotic administered as adjuvant therapy in preventing the antibiotic-associated diarrhoea.",RCT,1.0,1.0,0.0,0.99,568.4249149635434,True,
48,21377391,non_RCT,[Laparoscopic repair of pelvic organ prolapse by lateral suspension with mesh: a continuous series of 218 patients].,"[OBJECTIVES] To evaluate the technique of laparoscopic lateral colpo-uterine suspension using a mesh to treat pelvic organ prolapse, with a sufficient follow-up. [PATIENTS AND METHODS] The technique consists of two steps. First, the lateral suspension of the vaginal vault and of the uterus is performed using a polypropylene mesh placed in the vesicovaginal septum as a transversal hammock. The second step is the application of a polypropylene patch to the posterior surface of the vagina and the rectovaginal septum. The transversal hammock is placed laterally by the tension-free fixation of the mesh to the lateral abdominal wall above the iliac crests. Between January 2004 and December 2007, 218 patients were treated. It is a continuous series including all the patients needing a surgical procedure to treat a genital prolapse. We excluded, from the study, the patients with a severe cardiorespiratory disease and the cases of isolated rectocele. [RESULTS] We observed a recurrence of the prolapse in thirty patients (13.76%). A reoperation was performed in 10 patients (4.6%). One complication was related to the technique of lateral suspension (bladder injury immediately sutured 0.46%). A mesh erosion was noted in 13 cases (5.96%), nine were treated by vaginal excision of the mesh (4.12%). [CONCLUSIONS] The laparoscopic lateral colpo-uterine suspension using a mesh corrects the pelvic organ prolapse with a predominant cystocele or rectocele. It is an interesting alternative to the other procedures because of the low risk of complications and the satisfactory results.",non_RCT,1.0,0.0,1.0,0.02,431.1538911424577,True,
49,21840055,RCT,Prospective analysis of LDL-C goal achievement and self-reported medication adherence among statin users in primary care.,"[BACKGROUND] Improvements in the control of LDL-C levels have occurred in the past decade due to the introduction of increasingly potent statins, such as atorvastatin and rosuvastatin. Many patients, however, do not achieve their LDL-C goals, which presents a practical dilemma for clinicians and highlights the need to identify adherence problems in a clinically relevant manner. [OBJECTIVE] The purpose of this study was to evaluate the relationship between LDL-C goal achievement and both medication adherence and beliefs assessed using structured questioning. [METHODS] All patients were aged ≥40 years and participated in the cardiovascular risk factor management program STOP-HF (St. Vincent's Screening To Prevent Heart Failure study). One hundred and eighty-five participants who had been prescribed statins, split between those who achieved and those who did not achieve LDL-C goal, were randomly selected for a prospective study examining the relationship between adherence, assessed by the Morisky Medication Adherence Scale (MMAS), and LDL-C goal achievement. Patients' beliefs about medicines were assessed using the Beliefs about Medicines Questionnaire-General (BMQ-G). Main outcome measures were predictors of LDL-C goal achievement and medication adherence and predictors of adherence among patients using the MMAS. [RESULTS] The average age of the selected patients was 64.9 (9.9) years; 45% were male, 46% had hypertension, 17.5% had coronary artery disease, and 10% had diabetes. Questionnaires were answered by 119 patients, 71 of whom (59.7%) were goal achievers. LDL-C goal achievers were more likely to respond to the questionnaires than nonachievers (76.8% vs 52.7%; P = 0.002). Fifty-eight respondents (48.7%) reported that they were not fully adherent to medication and in multivariable analysis were twice as likely to miss LDL-C goal compared with those who were adherent. Approximately 25% of patients who reported nonadherence were intentionally so. Patients' beliefs about medicines were a significant predictor of self-reported adherence but not of LDL-C goal achievement. [CONCLUSIONS] Medication nonadherence may be responsible for failure to achieve goal in many patients who are prescribed statins. In routine clinical care, the structured MMAS questionnaire may provide clinicians with an effective tool to assess medication nonadherence in the context of statin therapy failure. STOP-HF ClinicalTrials.gov identifier: NCT00921960.",non_RCT,1.0,0.0,1.0,0.03,537.0428920723498,False,
50,21226883,RCT,A randomized controlled trial of a smoking reduction plus nicotine replacement therapy intervention for smokers not willing to quit smoking.,"[AIMS] To examine the effectiveness of smoking reduction counselling plus free nicotine replacement therapy (NRT) for smokers not willing to quit. [DESIGN, SETTING AND PARTICIPANTS] A total of 1154 Chinese adult smokers not willing to quit but who were interested in reducing smoking were allocated randomly to three arms. Intervention group A1 (n=479) received face-to-face counselling on smoking reduction and adherence to NRT at baseline, 1 week and 4 weeks with 4 weeks of free NRT. Group A2 (n=449) received the same intervention, but without the adherence intervention. Control group B (n=226) received simple cessation advice at baseline. [MEASUREMENTS] Self-reported 7-day point prevalence of tobacco abstinence and reduction of cigarette consumption (≥50%) at 6 months and continuous use of NRT for 4 weeks at 3 months. [FINDINGS] Using intention-to-treat analysis, compared to control group B, the intervention groups (A1+A2) had achieved higher 6-month tobacco abstinence (17.0% versus 10.2%, P=0.01) and reduction rates (50.9% versus 25.7%, P<0.001). There was no significant difference in the 4-week NRT adherence rate at 3 months, but group A1 achieved a higher abstinence rate than group A2 at 6 months (20.9% versus 12.9%; P=0.001). [CONCLUSIONS] In smokers with no immediate plans to quit, smoking reduction programmes with behavioural support and nicotine replacement therapy are more effective than brief advice to quit. Current guidelines recommend advice to quit on medical grounds as the best clinical intervention in this group of smokers, but smoking reduction programmes offer an alternative and effective option.",RCT,1.0,1.0,0.0,0.99,526.4234631322324,True,
51,23312232,RCT,"Self-reported menopausal symptoms, coronary artery calcification, and carotid intima-media thickness in recently menopausal women screened for the Kronos early estrogen prevention study (KEEPS).","[OBJECTIVE] To determine whether self-reported menopausal symptoms are associated with measures of subclinical atherosclerosis. [DESIGN] Cross-sectional analysis. [SETTING] Multicenter, randomized controlled trial. [PATIENT(S)] Recently menopausal women (n = 868) screened for the Kronos Early Estrogen Prevention Study (KEEPS). [INTERVENTION(S)] None. [MAIN OUTCOME MEASURE(S)] Baseline menopausal symptoms (hot flashes, dyspareunia, vaginal dryness, night sweats, palpitations, mood swings, depression, insomnia, irritability), serum E2 levels, and measures of atherosclerosis were assessed. Atherosclerosis was quantified using coronary artery calcium (CAC) Agatston scores (n = 771) and carotid intima-media thickness (CIMT). Logistic regression model of menopausal symptoms and E2 was used to predict CAC. Linear regression model of menopausal symptoms and E2 was used to predict CIMT. Correlation between length of time in menopause with menopausal symptoms, E2, CAC, and CIMT were assessed. [RESULT(S)] In early menopausal women screened for KEEPS, neither E2 nor climacteric symptoms predicted the extent of subclinical atherosclerosis. Palpitations and depression approached significance as predictors of CAC. Other symptoms of insomnia, irritability, dyspareunia, hot flashes, mood swings, night sweats, and vaginal dryness were not associated with CAC. Women with significantly elevated CAC scores were excluded from further participation in KEEPS; in women meeting inclusion criteria, neither baseline menopausal symptoms nor E2 predicted CIMT. Years since menopause onset correlated with CIMT, dyspareunia, vaginal dryness, and E2. [CONCLUSION(S)] Self-reported symptoms in recently menopausal women are not strong predictors of subclinical atherosclerosis. Continued follow-up of this population will be performed to determine whether baseline or persistent symptoms in the early menopause are associated with progression of cardiovascular disease. [CLINICAL TRIAL REGISTRATION NUMBER] NCT00154180.",non_RCT,0.87,0.06,0.94,0.3,476.7171470448375,False,
52,21658140,non_RCT,Impact of the removal of misleading terms on cigarette pack on smokers' beliefs about 'light/mild' cigarettes: cross-country comparisons.,"[AIM] This paper examines how smokers' beliefs about 'light/mild' cigarettes in Australia, Canada and the United Kingdom were affected by the removal of misleading 'light/mild' terms from packs. [DESIGN, SETTING AND PARTICIPANTS]   The data come from the first seven waves (2002-09) of the International Tobacco Control Policy Evaluation (ITC) Four-Country Survey, an annual cohort telephone survey of adult smokers in Canada, the United States, the United Kingdom and Australia (21 613 individual cases). 'Light' and 'mild' descriptors were removed in 2003 in the United Kingdom, in 2006 in Australia and in 2007 in Canada. We compare beliefs about 'light' cigarettes both before and after the bans, with those of smokers in the United States serving as the control condition. [MEASURES]   Smokers' beliefs about 'light' cigarettes were assessed using a set of statements rated on a five-point 'agree'-'disagree' scale. [FINDINGS]   The proportions of respondents reporting misperceptions about light cigarettes declined between 2002 and 2009 in all four countries. There were marked temporary reductions in reported misperceptions in the United Kingdom and Australia, but not in Canada, following the removal of 'light/mild' descriptors. [CONCLUSIONS]   Removal of 'light/mild' descriptors and tar, nicotine and carbon monoxide yield information from cigarette packs is insufficient to effectively eliminate false beliefs. The combination of alternative descriptors and design features that produce differences in taste strength and harshness, independent of actual intakes, are sufficient to produce or sustain the same misbeliefs.",non_RCT,1.0,0.0,1.0,0.02,443.6937670689076,True,
53,21879641,RCT,Comparison of group and individual cognitive-behavioral therapy in reducing fear of negative evaluation.,"Previous studies have established the efficacy of group and individual formats of cognitive-behavioral therapy in reducing fear of negative evaluation in social anxiety disorder, but the effectiveness of the group and individual therapies has not been widely assessed. This study was conducted to compare the effectiveness of cognitive-behavior group therapy to individual cognitive-behavioral therapy in social anxiety disorder. 28 patients were randomly allocated to two groups of 14. Each group participated in 12 weekly sessions. The final sample was 22 participants after drop-out. Pretest and posttest data were collected using the Brief Fear of Negative Evaluation Scale and the Beck Depression Inventory-II. Controlling for pretest fear of negative evaluation and depression, cognitive-behavioral group therapy was more effective than individual cognitive-behavioral therapy in reducing fear of negative evaluation, but the clinical significance and improvement rates of the two treatment formats were equivalent.",RCT,1.0,1.0,0.0,0.97,793.4359759092331,True,
54,22030767,RCT,Meeting the challenge of practice quality improvement: a study of seven family medicine residency training practices.,"[PURPOSE] Incorporating quality improvement (QI) into resident education and clinical care is challenging. This report explores key characteristics shaping the relative success or failure of QI efforts in seven primary care practices serving as family medicine residency training sites. [METHOD] The authors used data from the 2002-2008 Using Learning Teams for Reflective Adaptation study to conduct a comparative case analysis. This secondary data analysis focused on seven residency training practices' experiences with the reflective adaptive process (RAP), a 12-week intensive QI process. Field notes, meeting notes, and audiotapes of RAP meetings were used to construct case summaries. A matrix comparing key themes across practices was used to rate practices' QI progress during RAP on a scale of 0 to 3. [RESULTS] Three practices emerged as unsuccessful (scores of 0-1) and four as successful (scores of 2-3). Larger practices with previous QI experience, faculty with extensive exposure to QI literature, and an office manager, residency director, or medical director who advocated the process made substantial progress during RAP, succeeding at QI. Smaller practices without these characteristics were unable to do so. Successful practices also engaged residents in the QI process and identified serious problems as potential crises; unsuccessful practices did not. [CONCLUSIONS] Larger residency training practices are more likely to have the resources and characteristics that permit them to create a QI-supportive culture leading to QI success. The authors suggest, however, that smaller practices may increase their chances of success by adopting a developmental approach to QI.",non_RCT,1.0,0.0,1.0,0.02,554.4395800679922,False,
55,23547490,RCT,Determination of plaque viability following a single brushing with commercial toothpastes.,"[OBJECTIVE] The purpose of this study was to determine the viability of dental plaque at 12 hours following brushing with Colgate Great Regular Flavor (0.83% MFP), Crest Pro-Health (0.454% SnF), and Colgate Total Clean Mint Toothpaste (0.3% triclosan/ copolymer/0.22% NaF). [METHODS] Thirty-two healthy volunteers from Bangkok, Thailand were chosen to participate in a double-blind clinical crossover study for three one-week treatment periods. They were randomly assigned to three groups using different sequences of test toothpastes. The plaque samples were collected at baseline (prior to brushing) and 12 hours after brushing with assigned toothpastes at the scheduled appointments. Scores and percentages of plaque viability were examined under a fluorescent microscope using a mixture of 40 microl of green and red fluorescent dyes, and were statistically analyzed using a two-way ANOVA. [RESULTS] Plaque viability scores and percent plaque viability at baseline with all test toothpastes showed no significant differences with a p-value > 0.05. The post-treatment mean values of plaque viability scores for Colgate Great Regular, Crest Pro-Health, and Colgate Total 12 hours after brushing were 1.39, 3.01, and 3.37, and represented 90.06, 49.80, and 40.77 percent viable plaque, respectively. The Analysis of Variance (ANOVA) showed statistically significant differences when comparing Colgate Great Regular and Crest Pro-Health, Colgate Great Regular and Colgate Total, and Crest Pro-Health and Colgate Total using Tukey's test with a p-value < 0.001. [CONCLUSION] Colgate Total, containing triclosan/copolymer/NaF as the active ingredients, is effective and superior to Crest Pro-Health and Colgate Regular in controlling the viability of oral bacteria in dental plaque.",RCT,1.0,1.0,0.0,0.88,620.3663859050721,True,
56,25616439,non_RCT,Improving adolescent sexual and reproductive health in Latin America: reflections from an International Congress.,"In February 2014, an international congress on Promoting Adolescent Sexual and Reproductive Health (ASRH) took place in Cuenca, Ecuador. Its objective was to share evidence on effective ASRH intervention projects and programs in Latin America, and to link this evidence to ASRH policy and program development. Over 800 people participated in the three-day event and sixty-six presentations were presented.This paper summarizes the key points of the Congress and of the Community Embedded Reproductive Health Care for Adolescents (CERCA) project. It aims at guiding future ASRH research and policy in Latin America. 1. Context matters. Individual behaviors are strongly influenced by the social context in which they occur, through determinants at the individual, relational, family, community and societal levels. Gender norms/attitudes and ease of communication are two key determinants. 2. Innovative action. There is limited and patchy evidence of effective approaches to reach adolescents with the health interventions they need at scale. Yet, there exist several promising and innovative examples of providing comprehensive sexuality education through conventional approaches and using new media, improving access to health services, and reaching adolescents as well as families and community members using community-based interventions were presented at the Congress. 3. Better measurement. Evaluation designs and indicators chosen to measure the effect and impact of interventions are not always sensitive to subtle and incremental changes. This can create a gap between measured effectiveness and the impact perceived by the targeted populations. Thus, one conclusion is that we need more evidence to better determine the factors impeding progress in ASRH in Latin American, to innovate and respond flexibly to changing social dynamics and cultural practices, and to better measure the impact of existing intervention strategies. Yet, this Congress offered a starting point from which to build a multi-agency and multi-country effort to generate specific evidence on ASRH with the aim of guiding policy and program decision-making. In a region that contains substantial barriers of access to ASRH education and services, and some of the highest adolescent pregnancy rates in the world, the participants agreed that there is no time to lose.",non_RCT,1.0,0.0,1.0,0.02,516.8702949304134,True,
57,27783213,RCT,"A prospective, randomized study of inhaled prostacyclin versus nitric oxide in patients with residual pulmonary hypertension after pulmonary endarterectomy.","[OBJECTIVES] Pulmonary endarterectomy (PEA) is an effective treatment for chronic thromboembolic pulmonary hypertension (CTEPH), but postoperative residual hypertension leads to in-hospital mortality. Inhaled epoprostenol sodium (PGI2) and NO are administered for pulmonary hypertension after cardiothoracic surgery. This prospective study provides the first comparative evaluation of the effects of inhaled PGI2 and NO on pulmonary hemodynamics, systemic hemodynamics, and gas exchange in patients developing residual pulmonary hypertension after PEA. [METHODS] Thirteen patients were randomized to receive either NO (n = 6) or PGI2 (n = 7) inhalation when pulmonary hypertension persisted after weaning from cardiopulmonary bypass. Hemodynamic and respiratory variables were measured before inhalation of the agent (T0); 30 min (T1), 3 h (T2), and 6 h after inhalation (T3); and the next morning (T4). The NO dose was started at 20 ppm and gradually tapered until extubation, and PGI2 was administered at a dose of 10 ng kg-1 min-1. [RESULTS] In both groups, mean pulmonary artery pressure (PAP) and pulmonary vascular resistance (PVR) significantly decreased over time until T4 (mean PAP: p < 0.0001; PVR: p = 0.003), while mean systemic arterial blood pressure significantly increased (p = 0.028). There were no significant between-group differences in patient characteristics, cardiac index, left atrial pressure, or ratio of arterial oxygen tension to fraction of inspired oxygen. There were no in-hospital deaths. [CONCLUSIONS] Both inhaled PGI2 and NO significantly reduced PAP and PVR without adverse effects on systemic hemodynamics in patients who developed residual pulmonary hypertension after PEA. Inhaled PGI2 can be offered as alternative treatment option for residual pulmonary hypertension.",RCT,1.0,1.0,0.0,0.98,486.47987889125943,True,
58,25072446,non_RCT,Standardization of laparoscopic total mesorectal excision for rectal cancer: a structured international expert consensus.,"[OBJECTIVE] To establish a structured international expert consensus on a detailed technical description of the laparoscopic total mesorectal excision (TME). [BACKGROUND] Laparoscopic TME is a common surgical approach for the treatment of rectal cancer, but there is little agreement on technical details and standards. [METHODS] Sixty leading surgical experts from 5 different world regions with a median overall experience of 250 laparoscopic TME participated in this study. Four stages of mixed quantitative and qualitative consensus-finding methods were applied. (1) Semistructured expert interviews were independently analyzed by 2 assessors. (2) Consensus on the interview data was reached using reiterating questionnaires (Delphi method). (3) This was further refined in an interactive workshop. (4) Based on this meeting, a comprehensive text was drafted and final approval was sought by all experts. [FINDINGS] Three theme categories were identified in 9 detailed interviews (anatomical landmarks, description of tissue retraction, and operating strategies). Following 2 rounds of a 54-item questionnaire, 29 items achieved very high agreement (A* ≥90%), 14 with good agreement (≥80%), 13 with moderate agreement (≥50%), and 18 with little or no agreement (<50%). In the workshop, areas of agreement were consolidated and conclusions were sought for those with less agreement. The final document was approved after 2 further rounds of surveys by all respondents. [CONCLUSIONS] This detailed and agreed technical description of laparoscopic TME may have implications on training, assessment, quality control, and future research.",non_RCT,1.0,0.0,1.0,0.01,527.9947021044791,True,
59,31058727,RCT,Is Piezoelectric Surgery Really Harmless to Soft Tissue?,"[AIM] The aim of this study was to investigate the effect of piezoelectric surgery (piezosurgery) on soft tissue in open septorhinoplasty. [METHODS] A total of 30 patients (21 females, 9 males; mean age 29.16 ± 8.17 years; range, 18-43 years) who underwent open septorhinoplasty between January 2019 and February 2019 were randomly divided into 2 groups. After the nasal dorsum was opened in all groups, 1 mm tissue under the skin in radix region was taken as punch biopsy. In the first group (classical group, n =  15), the cartilage hump was resected with number 15 scalpel and the bone hump with the help of a chisel. Lateral and median osteotomies were conducted using 4 mm sharp osteotomes. Rasping was performed to dorsum to correct bone deformities. Then, 1 mm punch biopsy was taken from under the skin tissue of the nose back near the radix. In the second group (piezo group, n = 15) hump excision, osteotomies and rasping were performed by piezoelectric surgery. Then, 1 mm punch biopsy was taken from the subcutaneous tissue of the nose back near the radix. Biopsies were examined histopathologically in the light microscope for edema, necrosis, and inflammation. [RESULTS] Of the 30 patients presented in this series, 21 were female and 9 were male. In the classical group, edema in the soft tissue was seen in 86.7% of the cases after osteotomy, while this rate was 26.7% in the piezosurgery group. The difference was statistically significant (P < 0.05). Although necrosis was not seen prior to the osteotomy in both groups, the rate of necrosis in the classical group was 13.3% and in the piezo group it was 66.7%. Necrosis was significantly different in the piezosurgery group compared with the classical osteotomy group (P < 0.05). [CONCLUSION] Piezosurgery is not completely harmless to soft tissue. A statistically significant increase in subcutaneous necrosis compared with the classical group can be explained by long-term soft tissue trauma caused by piezoelectric vibrations. We think that developing necrosis may cause problems in late period, especially in patients with thin skin.",RCT,1.0,1.0,0.0,0.91,556.850038934499,True,
60,32534135,RCT,Interobserver variance and patient heterogeneity influencing the treatment of grade I spondylolisthesis.,"[BACKGROUND CONTEXT] Despite well done randomized clinical trials, the role of fusion as an adjunct to decompression for the treatment of patients with degenerative spondylolisthesis remains controversial. There is substantial variation in the use of fusion as well as the techniques used for fusion for a population of patients all described by a single ICD10 code. [PURPOSE] We sought to investigate the source of the variation in the perceived role of fusion by looking at surgeon as well as patient-specific factors. [STUDY DESIGN] Prospective cohort study examining the variability of recommendations from an expert panel of surgeons-based imaging and clinical vignettes. [PATIENT SAMPLE] Patients with degenerative spondylolisthesis and stenosis. [OUTCOME MEASURES] A six-category treatment schema based on level of invasiveness of proposed surgeries with one through three representing nonfusion strategies and categories four through six representing fusion strategies. [METHODS] The authors are conducting the ongoing spinal laminectomy vs instrumented pedicle screw II study in which patients with grade one degenerative spondylolisthesis and stenosis are randomized to two groups: a review group in which patients are treated as per recommendations of an expert panel and a nonreview group in which patients are treated as per the referring surgeon's preference. In the former (review group), clinical vignettes and radiographic studies were evaluated by an expert panel of spine surgeons. The panel then provided these recommendations to the referring surgeon. We investigated the underlying variability by looking both at the number of similar or different recommendations received by an individual patient (surgeon-related variability) as well as the number of similar or different recommendations offered by individual surgeons across the population of patients (patient heterogeneity). Agreement between surgeons for fusion vs nonfusion (Categories 1-3 vs 4-6) was calculated using a Kappa value from a mixed effects logistic regression model. We looked at Kappa for agreement and weighted Kappa for association of ratings on the ordinal 1 to 6 scale with a mixed effects linear regression model. Additionally, we analyzed the summary of data between patients after averaging the rater scores within patients. Similarly, we summarized the data between surgeons after averaging their scores over the patients that each surgeon reviewed. [RESULTS] One hundred and fourteen patients received 1,463 treatment recommendations. On average, fusion was recommended 58.5% of the time. Overall agreement was low, and perfect agreement on the need for fusion was seen in only 24 (21.1%) of patients. Kappa statistic for agreement on fusion was 0.378 (95% confidence interval 0.324-0.432). The average score across surgeons was 4.2 (0.6) with a range of 3 to 5.3. The most common single recommendation was for fusion with interbody fusion (40.8%) and the lowest was for decompression with noninstrumented fusion (0.5%). [CONCLUSIONS] We demonstrated variability in surgical approach when individual patients were evaluated by a panel of surgeons indicating that even ""expert"" surgeons disagree with each other regarding the need for fusion in individual patients. We were also able to demonstrate that individual patients received consistent recommendations that were very different from those received by other individuals evaluated by the same surgeons. This indicates that there is patient-related heterogeneity driving variability independent of surgeon factors.",non_RCT,0.12,0.44,0.56,0.42,525.5940379574895,False,
61,27960463,non_RCT,Stabilized Wide Bandgap Perovskite Solar Cells by Tin Substitution.,"Wide bandgap MAPb(I1-yBry)3 perovskites show promising potential for application in tandem solar cells. However, unstable photovoltaic performance caused by phase segregation has been observed under illumination when y is above 0.2. Herein, we successfully demonstrate stabilization of the I/Br phase by partially replacing Pb2+ with Sn2+ and verify this stabilization with X-ray diffractometry and transient absorption spectroscopy. The resulting MAPb0.75Sn0.25(I1-yBry)3 perovskite solar cells show stable photovoltaic performance under continuous illumination. Among these cells, the one based on MAPb0.75Sn0.25(I0.4Br0.6)3 perovskite shows the highest efficiency of 12.59% with a bandgap of 1.73 eV, which make it a promising wide bandgap candidate for application in tandem solar cells. The engineering of internal bonding environment by partial Sn substitution is believed to be the main reason for making MAPb0.75Sn0.25(I1-yBry)3 perovskite less vulnerable to phase segregation during the photostriction under illumination. Therefore, this study establishes composition engineering of the metal site as a promising strategy to impart phase stability in hybrid perovskites under illumination.",non_RCT,1.0,0.0,1.0,0.01,526.1962211225182,True,
62,23420911,RCT,Modifying media content for preschool children: a randomized controlled trial.,"[BACKGROUND] Although previous studies have revealed that preschool-aged children imitate both aggression and prosocial behaviors on screen, there have been few population-based studies designed to reduce aggression in preschool-aged children by modifying what they watch. [METHODS] We devised a media diet intervention wherein parents were assisted in substituting high quality prosocial and educational programming for aggression-laden programming without trying to reduce total screen time. We conducted a randomized controlled trial of 565 parents of preschool-aged children ages 3 to 5 years recruited from community pediatric practices. Outcomes were derived from the Social Competence and Behavior Evaluation at 6 and 12 months. [RESULTS] At 6 months, the overall mean Social Competence and Behavior Evaluation score was 2.11 points better (95% confidence interval [CI]: 0.78-3.44) in the intervention group as compared with the controls, and similar effects were observed for the externalizing subscale (0.68 [95% CI: 0.06-1.30]) and the social competence subscale (1.04 [95% CI: 0.34-1.74]). The effect for the internalizing subscale was in a positive direction but was not statistically significant (0.42 [95% CI: -0.14 to 0.99]). Although the effect sizes did not noticeably decay at 12 months, the effect on the externalizing subscale was no longer statistically significant (P = .05). In a stratified analysis of the effect on the overall scores, low-income boys appeared to derive the greatest benefit (6.48 [95% CI: 1.60-11.37]). [CONCLUSIONS] An intervention to reduce exposure to screen violence and increase exposure to prosocial programming can positively impact child behavior.",RCT,1.0,1.0,0.0,0.98,556.0587560757995,True,
63,30246183,RCT,Immediate loading of fixed cross-arch prostheses supported by flapless-placed 5 mm or 11.5 mm long implants: 5-year results from a randomised controlled trial.,"[PURPOSE] To compare the outcome of cross-arch prostheses supported either by 5 mm long or 11.5 mm long implants placed flapless and immediately restored with a metal-resin screw-retained cross-arch prostheses. [MATERIALS AND METHODS] Thirty patients with edentulous or to-be- rendered edentulous mandibles, and 30 with edentulous maxillas, having sufficient bone to allow the placement of four and six implants respectively, of at least 11.5 mm long, were randomised according to a parallel group design into two equal groups and received either 5 mm or 11.5 mm long implants at one centre. Implants had a diameter of 5 mm, were to be placed flapless, and with an insertion torque of at least 50 Ncm. Mandibles received four implants between the mental foramina. Implants were to be immediately loaded with metal-resin definitive prostheses the same day as implant placement. Patients were followed to 5 years post-loading and the outcome measures were: prosthesis and implant failures, complications, and peri-implant marginal bone level changes. [RESULTS] Four patients per group dropped out. Two prostheses were remade, one on short maxillary implants and one on long mandibular implants (difference in proportions = 0; 95% CI: -0.15 to 0.15; P = 1.000). Three patients lost six short implants vs three patients who lost four long implants (difference in proportions = 0; 95% CI: -0.19 to 0.19; P = 1.000). Four short implant patients were affected by complications vs five patients with long implants (difference in proportions = 0.04; 95% CI: -0.17 to 0.25; P = 1.000). There were no statistically significant differences for prostheses failures, implant failures and complications. Patients with mandibular short implants lost on average 0.22 mm of peri-implant bone at 5 years while patients with long mandibular implants lost 0.83 mm. Patients with maxillary short implants lost on average 0.30 mm of peri-implant bone at 5 years and patients with long maxillary implants lost 0.89 mm. Short implants showed less bone loss when compared with long implants and the differences up to 5 years were statistically significant both in maxillae (mean difference = 0.59 mm, 95% CI: 0.33 to 0.86 mm, P < .0001) and in mandibles (mean difference = 0.61 mm, 95% CI: 0.36 to 0.86 mm, P < 0.0001). [CONCLUSIONS] Flapless-placed 5 mm long implants achieved similar results as 11.5 mm long implants when supporting immediately loaded cross-arch prostheses both in maxillae and mandibles up to 5 years after loading. These results must be confirmed by other trials, and 10 years post-loading data is necessary before making reliable recommendations.",RCT,1.0,1.0,0.0,0.98,513.4391088504344,True,
64,22579767,non_RCT,"Development of a rapid, microplate-based kinetic assay for measuring adenosine deaminase activity in body fluids.","[BACKGROUND] Adenosine deaminase (ADA) catalyzes the deamination of adenosine to inosine. The activity of ADA in body fluids has clinical utility in the assessment of suspected tuberculosis. [METHODS] The conversion of adenosine to inosine was monitored in 96-well microplates as a continuous decrease at 265 nm for 15 min at ambient temperature. Analytical precision, sensitivity, linearity, accuracy, and enzyme stability were validated. Reference intervals were established from >120 tuberculosis-negative pleural, peritoneal, and cerebrospinal fluid samples. [RESULTS] The molar extinction coefficients of adenosine and inosine at 265 nm were 12,715 and 4,918 l/mol.cm and their difference was used to calculate ADA activity. Maximum within-day imprecision was <11% and maximum total precision was <19%. Analytical sensitivity was 0.5 U/l and the assay was linear to 40 U/l. ADA recovery was 96-110% over an activity range of 11.7-25.3 U/l. ADA was stable for 1, 7 and 30 days at ~25 °C, 4-8 °C, and -20 °C storage, respectively. Upper reference limits were 9.4, 7.3, and 1.5 U/l for pleural, peritoneal, and cerebrospinal fluid, respectively. [CONCLUSIONS] The microplate-based kinetic ADA assay has favorable performance characteristics. This method eliminates the need for assay calibration and allows 96 samples to be tested simultaneously.",non_RCT,1.0,0.0,1.0,0.01,496.7976799234748,True,
65,27591703,non_RCT,"Design and characterization of short hybrid antimicrobial peptides from pEM-2, mastoparan-VT1, and mastoparan-B.","Antimicrobial peptides are considered to be excellent templates for designing novel antibiotics because of their broad-spectrum antimicrobial activity and their low prognostic to induce antibiotic resistance. In this study, for the first time, a series of short hybrid antimicrobial peptides combined by different fragments of venom-derived alpha-helical antimicrobial peptides pEM-2, mastoparan-VT1, and mastoparan-B were designed with the intent to improve the therapeutic index of the parental peptides. Short hybrid antimicrobial peptides PV, derived from pEM-2 and mastoparan-VT1, was found to possess the highest antibacterial, hemolytic, and cytotoxic activity. Short hybrid antimicrobial peptides PV3, derived from pEM-2 and three fragments of mastoparan-VT1, showed more than threefold improvement in therapeutic index compared with parental peptides pEM-2 and mastoparan-VT1. PV had the highest antimicrobial activity in stability studies. Except BVP, designed based on all three parental peptides, the other short hybrid antimicrobial peptides at their minimal inhibitory concentration and 2× minimal inhibitory concentration required less than 120 and 60 min to reduce >3log10 the initial inoculum, respectively. All peptides had membrane-disrupting activity in a time-dependent manner. Collectively, this study highlights the potential for rational design of improved short hybrid antimicrobial peptides such as PV3 that was an ideal candidate for further assessment with the ultimate purpose of development of effective antimicrobial agents.",non_RCT,1.0,0.0,1.0,0.01,598.3231209684163,True,
66,23772084,RCT,Hand bone loss in patients with psoriatic arthritis: posthoc analysis of IMPACT II data comparing infliximab and placebo.,"[OBJECTIVE] In rheumatoid arthritis (RA), anti-tumor necrosis factor (anti-TNF) treatment is shown to reduce but not to arrest the rate of hand bone loss. This has not been assessed in psoriatic arthritis (PsA). Our objective was to examine changes in cortical hand bone density in patients with PsA treated with placebo or infliximab (IFX). [METHODS] Patients in IMPACT II (Induction and Maintenance Psoriatic Arthritis Clinical Trial 2) were randomized to placebo or IFX. After Week 24, all received IFX. In a subset of 120 patients, cortical hand bone density was assessed at Weeks 0, 24, and 54 by digital X-ray radiogrammetry (dxr-BMD) on the same radiographs scored for joint damage. [RESULTS] Changes from baseline to 24 weeks in dxr-BMD were -0.30% (SD 1.1%) in the placebo group and -0.08% (SD 1.4%) in the IFX group (p = 0.63). Between baseline and 54 weeks the changes were -0.71% (SD 2.1%) in the placebo group and 0.15% (SD 1.7%) in the IFX group (p = 0.07), and between 24 and 54 weeks -0.41% (SD 1.4%) and 0.23% (SD 0.8%), respectively (p = 0.05). No significant correlation was found between change in dxr-BMD and radiographic damage. [CONCLUSION] This pilot study indicates that hand bone loss in PsA patients treated with anti-TNF can be arrested. Assessment of hand bone density may thus be a potential outcome measure for bone involvement and a response variable to treatment in PsA.",RCT,0.99,1.0,0.0,0.93,559.1985140927136,True,
67,31747012,RCT,Oxidized regenerated cellulose for a clear thoracoscopic view: a single-centre randomized trial.,"[OBJECTIVES] During video-assisted thoracoscopic surgery (VATS), blood oozing from the surface of the access port wound can hamper the surgical view. Although this oozing is difficult to prevent, it can be decreased by placing a wound edge protector with oxidized regenerated cellulose (ORC) on the surface of the access port wound, thereby improving the surgical outcomes and safety of VATS. [METHODS] We conducted a prospective, single-centre, open-label, randomized clinical trial to evaluate the operative outcomes of VATS when using the ORC (ORC group) compared with operative outcomes without using the ORC (non-ORC group). The primary end point was interruption of the operation as a result of blood oozing from the surface of the access port wound. The secondary end points were the other intraoperative and postoperative outcomes. [RESULTS] A total of 108 patients were divided into the ORC group (n = 54) and the non-ORC group (n = 54). Compared with the non-ORC group, the ORC group had fewer patients with an interruption in the operation (11.1% vs 51.8%; P < 0.001), less need for wound haemostasis of the access ports during wound closure (44.4% vs 72.2%; P = 0.003), similar rates of postoperative deaths and complications and a tendency for shorter operation times (149.3 vs 168.8 min, respectively; P = 0.083). [CONCLUSION] The use of an ORC sheet around a wound edge protector for haemostasis can ensure a clear view during VATS. [CLINICAL TRIAL REGISTRATION NUMBER] UMIN000031112.",RCT,1.0,1.0,0.0,0.98,582.6295369770378,True,
68,31787104,non_RCT,Interplays between Enterovirus A71 and the innate immune system.,"Enterovirus A71 (EV-A71) is a growing threat to public health, particularly in the Asia-Pacific region. EV-A71 infection is most prevalent in infants and children and causes a wide spectrum of clinical complications, including hand-foot-and-mouth disease (HFMD), pulmonary and neurological disorders. The pathogenesis of EV-A71 infection is poorly understood at present. It is likely that viral factors and host immunity, and their interplay, affect the pathogenesis and outcome of EV-A71 infection. The mammalian innate immune system forms the first layer of defense against viral infections and triggers activation of adaptive immunity leading to full protection. In this review, we discuss recent advances in our understanding of the interaction between EV-A71 and the innate immune system. We discuss the role of pattern-recognition receptors (PRRs), including Toll-like receptors (TLRs), RIG-I-like receptors (RLRs), and inflammasomes, in the detection of EV-A71 infection and induction of antiviral immunity. As a counteraction, EV-A71 viral proteins target multiple innate immune pathways to facilitate viral replication in host cells. These novel insights at the virus-host interphase may support the future development of vaccines and therapeutics against EV-A71 infection.",non_RCT,1.0,0.0,1.0,0.01,468.89648819342256,True,
69,24276694,non_RCT,Chip-on-foil devices for DNA analysis based on inkjet-printed silver electrodes.,"For a rapid on-site diagnosis of pathogens, low-cost chip-based devices are of great interest. Here, we report the successful fabrication of inkjet printed silver electrodes on polymer foils as disposable chips for molecular DNA analytics. In order to manufacture these electrode structures, silver nanoparticle inks were inkjet printed onto planar polypropylene substrates. Due to the low thermal stability of the foils, substrate preserving sintering techniques, including low temperature thermal sintering and low pressure argon plasma sintering, were implemented. Thus, sufficient electrical conductance of the printed structures at processing temperatures ≤100 °C was achieved. To test the applicability of the manufactured chips, specific capture DNA was immobilized within the gaps of the conductive electrode paths and hybridized in the next step with biotin-labeled target DNA. Subsequently, an enzymatically generated silver nanoparticle deposition was induced that bridges the electrode gap. This enabled both conductance measurement and gray value analysis as a fast, simple and robust electrical and optical read-out system. The proof-of-principle experiments successfully demonstrated the applicability of these convenient chip-on-foil devices for nucleic acid based pathogen detection.",non_RCT,1.0,0.0,1.0,0.01,539.0953670721501,True,
70,22352060,non_RCT,[An autopsied case of primary malignant pericardial mesothelioma diagnosed antemortally].,"A 40-year-old man was admitted to our hospital with a 1-month history of dyspnea and appetite loss. Chest computed tomography and echocardiography showed moderate pericardial effusion and pericardial thickening. The patient had no history of exposure to asbestos. We created a pericardial window in order to make a diagnosis and to relieve the symptoms using video-assisted thoracoscopic surgery and performed biopsies of the pericardium and the pleura. Immunohistologic analysis of the pericardium confirmed a diagnosis of biphasic pericardial mesothelioma. We gave the patient two cycles of chemotherapy, including pemetrexed and platinum, but his condition did not improve and he died 3 months after onset.",non_RCT,1.0,0.0,1.0,0.01,554.7692161053419,True,
71,24607045,non_RCT,Ongoing allergic rhinitis impairs asthma control by enhancing the lower airway inflammation.,"[BACKGROUND] The relationship between allergic rhinitis and asthma is well accepted; however, little is known about the mechanism that underlies the interactions between the upper and lower airways. [OBJECTIVE] To investigate the symptomatic and inflammatory linkages between allergic rhinitis and asthma in patients with atopy. [METHODS] We enrolled 520 patients with asthma who were taking inhaled corticosteroids, and examined them by using the Asthma Control Questionnaire, spirometry, exhaled nitric oxide fraction (FENO), visual analog scale for nasal symptoms, allergic rhinitis questionnaire, and serum specific IgE (study 1). The symptomatic and inflammatory marker responses to nasal corticosteroids in patients with incompletely controlled asthma (Asthma Control Questionnaire > 0.75) and moderate-to-severe persistent allergic rhinitis were also observed (study 2). [RESULTS] A total of 348 patients (66.9%) had atopy and allergic rhinitis. There was a striking difference in the proportion of patients with incomplete asthma control, depending on the presence as well as the activity of rhinitis (no rhinitis, 11.0%; mild intermittent, 20.4%; moderate-to-severe intermittent, 44.6%; mild persistent, 53.1%; moderate-to-severe persistent, 65.7%). The FENO levels were increased with the activity of rhinitis, and the nasal visual analog scale was positively correlated with the FENO levels (r = 0.31; P < .0001). The additive treatment with nasal corticosteroids improved the nasal visual analog scale, Asthma Control Questionnaire, and FENO levels, and the changes in these variables were correlated with each other in all parameters (all P < .001). [CONCLUSION] This observational study of patients with atopy indicates that the ongoing allergic rhinitis is related to worsening of asthma by enhancing the lower airway inflammation.",non_RCT,1.0,0.0,1.0,0.04,499.17782889679074,True,
72,27416325,non_RCT,Tracking lags in historical plant species' shifts in relation to regional climate change.,"Can species shift their distributions fast enough to track changes in climate? We used abundance data from the 1950s and the 2000s in Wisconsin to measure shifts in the distribution and abundance of 78 forest-understory plant species over the last half-century and compare these shifts to changes in climate. We estimated temporal shifts in the geographic distribution of each species using vectors to connect abundance-weighted centroids from the 1950s and 2000s. These shifts in distribution reflect colonization, extirpation, and changes in abundance within sites, separately quantified here. We then applied climate analog analyses to compute vectors representing the climate change that each species experienced. Species shifted mostly to the northwest (mean: 49 ± 29 km) primarily reflecting processes of colonization and changes in local abundance. Analog climates for these species shifted even further to the northwest, however, exceeding species' shifts by an average of 90 ± 40 km. Most species thus failed to match recent rates of climate change. These lags decline in species that have colonized more sites and those with broader site occupancy, larger seed mass, and higher habitat fidelity. Thus, species' traits appear to affect their responses to climate change, but relationships are weak. As climate change accelerates, these lags will likely increase, potentially threatening the persistence of species lacking the capacity to disperse to new sites or locally adapt. However, species with greater lags have not yet declined more in abundance. The extent of these threats will likely depend on how other drivers of ecological change and interactions among species affect their responses to climate change.",non_RCT,1.0,0.0,1.0,0.01,511.4570390433073,True,
73,29730000,RCT,The role of language in suicide reporting: Investigating the influence of problematic suicide referents.,"[BACKGROUND] Although suicide experts recommend using neutral suicide referents in news media reporting, this recommendation has not yet been tested empirically. This recommendation, based on the empirically yet untested assumption that problematic suicide referents carry meaning that is inappropriate from a prevention perspective, may lead to a different perspective on suicide, termed ""framing effects."" For example, in German-speaking countries, the neutral term Suizid (suicide) is recommended. Conversely, Freitod (""free death"") and Selbstmord (""self-murder"") convey associative meanings related to problematic concepts such as free will (Freitod) and crime/murder (Selbstmord), and are therefore not recommended. [METHOD] Using a web-based randomized controlled trial focused on German speakers (N = 451), we tested whether the news media's use of Suizid, Selbstmord, and Freitod elicits framing effects. Participants read identical news reports about suicide. Only the specific suicide referents varied depending on the experimental condition. Post-reading, participants wrote short summaries of the news reports, completed a word-fragment completion test and a questionnaire targeting suicide-related attitudes. [RESULTS] We found that the news frame primed some frame-related concepts in the memory and also increased frame-related word choice. Importantly, we found that participants reading the free will-related Freitod frame showed greater attitudinal support for suicide among individuals suffering from incurable diseases. [CONCLUSIONS] This study highlights the importance of how the news media write about suicide and supports the language recommendations put forward by suicide experts.",RCT,1.0,1.0,0.0,0.97,548.4874539542943,True,
74,24969152,RCT,"Comparison of evidence-based interventions on outcomes of hospitalized, cognitively impaired older adults.","[AIM] This article reports the effects of three evidence-based interventions of varying intensity, each designed to improve outcomes of hospitalized cognitively impaired older adults. [MATERIALS & METHODS] In this comparative effectiveness study, 202 older adults with cognitive impairment (assessed within 24 h of index hospitalization) were enrolled at one of three hospitals within an academic health system. Each hospital was randomly assigned one of the following interventions: Augmented Standard Care (ASC; lower dose: n = 65), Resource Nurse Care (RNC; medium dose: n = 71) or the Transitional Care Model (TCM; higher dose: n = 66). Since randomization at the patient level was not feasible due to potential contamination, generalized boosted modeling that estimated multigroup propensity score weights was used to balance baseline patient characteristics between groups. Analyses compared the three groups on time with first rehospitalization or death, the number and days of all-cause rehospitalizations per patient and functional status through 6-month postindex hospitalization. [RESULTS] In total, 25% of the ASC group were rehospitalized or died by day 33 compared with day 58 for the RNC group versus day 83 for the TCM group. The largest differences between the three groups on time to rehospitalization or death were observed early in the Kaplan-Meier curve (at 30 days: ASC = 22% vs RNC = 19% vs TCM = 9%). The TCM group also demonstrated lower mean rehospitalization rates per patient compared with the RNC (p < 0.001) and ASC groups (p = 0.06) at 30 days. At 90-day postindex hospitalization, the TCM group continued to demonstrate lower mean rehospitalization rates per patient only when compared with the ASC group (p = 0.02). No significant group differences in functional status were observed. [CONCLUSION] Findings suggest that the TCM intervention, compared with interventions of lower intensity, has the potential to decrease costly resource use outcomes in the immediate postindex hospitalization period among cognitively impaired older adults.",non_RCT,0.78,0.11,0.89,0.29,683.2320371177047,False,
75,28922635,non_RCT,Fucoidan coated ciprofloxacin loaded chitosan nanoparticles for the treatment of intracellular and biofilm infections of Salmonella.,"Salmonella infections and their gallstone associated biofilm infections are difficult to treat due to poor penetration of antibiotics into the intracellular compartments of macrophages and within biofilms. Here we developed ciprofloxacin loaded chitosan nanoparticles (cCNPs) and fucoidan (Fu) coated cCNPs (Fu-cCNPs). Characterizations of these nanoparticles were carried out using Dynamic Light Scattering‎, Transmission electron microscopy and Fourier transform infrared spectroscopy. The prepared cCNPs and Fu-cCNPs have the size range of 124±7nm and 320±18nm, respectively. Both nanoparticles were found to be non-hemolytic and cytocompatible. In vitro sustained release of ciprofloxacin was observed from both cCNPs and Fu-cCNPs over a period of 2 weeks. The antimicrobial activity of cCNPs and Fu-cCNPs was tested under in vitro and in vivo conditions. The intracellular anti-Salmonella activity of Fu-cCNPs was 2 fold higher than cCNPs and 6 fold higher than ciprofloxacin alone. Fluorescence microscopic images confirmed enhanced delivery of Fu-cCNPs than the cCNPs within the intracellular compartment of macrophages. Both cCNPs and Fu-cCNPs are found to be equally effective in dispersing Salmonella Paratyphi A gallstone biofilms. The in vivo antibacterial activities of Fu-cCNPs were superior to cCNPs which we have validated using Salmonella Paratyphi A infected Drosophila melanogaster fly model. Our overall results showed that (1) Fu-cCNPs are more effective in eradicating Salmonella infections than cCNPs; (2) both cCNPs and Fu-cCNPs were equally effective in dispersing Salmonella gallstone biofilms.",non_RCT,1.0,0.0,1.0,0.02,506.57995301298797,True,
76,23750462,RCT,Detecting critical decision points in psychotherapy and psychotherapy + medication for chronic depression.,"[OBJECTIVE] We sought to quantify clinical decision points for identifying depression treatment nonremitters prior to end-of-treatment. [METHOD] Data came from the psychotherapy arms of a randomized clinical trial for chronic depression. Participants (n = 352; 65.6% female; 92.3% White; mean age = 44.3 years) received 12 weeks of cognitive behavioral analysis system of psychotherapy (CBASP) or CBASP plus an antidepressant medication. In half of the sample, receiver operating curve analyses were used to identify efficient percentage of symptom reduction cut points on the Inventory of Depressive Symptoms-Self-Report (IDS-SR) for predicting end-of-treatment nonremission based on the Hamilton Rating Scale for Depression (HRSD). Sensitivity, specificity, predictive values, and Cohen's kappa for identified cut points were calculated using the remaining half of the sample. [RESULTS] Percentage of IDS-SR symptom reduction at Weeks 6 and 8 predicted end-of-treatment HRSD remission status in both the combined treatment (Week 6 cut point = 50.0%, Cohen's κ = .42; Week 8 cut point = 54.3%, Cohen's κ = .45) and psychotherapy only (Week 6 cut point = 60.7%, Cohen's κ = .41; Week 8 cut point = 48.7%, Cohen's κ = .49). Status at Week 8 was more reliable for identifying nonremitters in psychotherapy-only treatment. [CONCLUSIONS] Those with chronic depression who will not remit in structured, time-limited psychotherapy for depression, either with therapy alone or in combination with antidepressant medication, are identifiable prior to end of treatment. Findings provide an operationalized strategy for designing adaptive psychotherapy interventions.",RCT,0.99,1.0,0.0,0.93,565.8806969877332,True,
77,29457751,non_RCT,Intra- and inter-fraction uncertainties during IGRT for Wilms' tumor.,"[BACKGROUND AND PURPOSE] To assess intra- and inter-fraction motion uncertainties, due to displacements of the tumor bed (TB) and organs at risk (OAR), as well as intra- and inter-fraction patient set-up uncertainties, due to positioning variations, during image-guided radiation therapy (IGRT) in children with Wilms' tumor. [MATERIAL AND METHODS] Four-dimensional computed tomography (4D-CT) and daily pre- and post-treatment cone-beam CT (CBCT)-scans of 15 patients (average 4, range 1-8 years) undergoing flank irradiation after nephrectomy were analyzed. TB (marked by four surgical clips) and OAR motion uncertainties were quantified by displacements of the center of mass in all orthogonal directions. Translational and rotational bone off-sets were recorded for patient set-up uncertainties assessment in all orthogonal directions. The average results, systematic and random errors were computed. [RESULTS] Average intra- and inter-fraction motion uncertainties were ≤1.1 mm (range: [-6.9;7.9] mm) for the TB and ≤3.2 mm (range: [-9.1;9.6] mm) for the OAR. Average intra- and inter-fraction patient set-up uncertainties were ≤0.1 mm (range: [-3.3;4.8] mm) and ≤0.9° (range: [0.0;2.8°]). Both motion and patient set-up uncertainties were larger for the cranio-caudal direction. Calculated systematic and random errors were ≤2.4 mm for the motion uncertainties and ≤0.8 mm/0.7° for the patient set-up uncertainties. [CONCLUSIONS] Average motion and patient set-up uncertainties during radiotherapy treatment were found to be limited. However, uncertainties were larger for the cranio-caudal direction and outliers were found in all orthogonal directions. When having available 4D-CT and CBCT information, the use of patient-specific and anisotropic safety margin expansions is advised for both target volume and OAR.",non_RCT,1.0,0.0,1.0,0.01,600.9324751794338,True,
78,24449819,RCT,Does transendocardial injection of mesenchymal stem cells improve myocardial function locally or globally?: An analysis from the Percutaneous Stem Cell Injection Delivery Effects on Neomyogenesis (POSEIDON) randomized trial.,"[RATIONALE] Transendocardial stem cell injection (TESI) with mesenchymal stem cells improves remodeling in chronic ischemic cardiomyopathy, but the effect of the injection site remains unknown. [OBJECTIVE] To address whether TESI exerts its effects at the site of injection only or also in remote areas, we hypothesized that segmental myocardial scar and segmental ejection fraction improve to a greater extent in injected than in noninjected segments. [METHODS AND RESULTS] Biplane ventriculographic and endocardial tracings were recorded. TESI was guided to 10 sites in infarct-border zones. Sites were mapped according to the 17-myocardial segment model. As a result, 510 segments were analyzed in 30 patients before and 13 months after TESI. Segmental early enhancement defect (a measure of scar size) was reduced by TESI in both injected (-43.7 ± 4.4%; n=95; P<0.01) and noninjected segments (-25.1 ± 7.8%; n=148; P<0.001; between-group comparison P<0.05). Conversely, segmental ejection fraction (a measure of contractile performance) improved in injected scar segments (19.9 ± 3.3-26.3 ± 3.5%; P=0.003) but not in noninjected scar segments (21.3 ± 2.6-23.5 ± 3.2%; P=0.20; between-group comparison P<0.05). Furthermore, segmental ejection fraction in injected scar segments improved to a greater degree in patients with baseline segmental ejection fraction <20% (12.1 ± 1.2-19.9 ± 2.7%; n=18; P=0.003), versus <20% (31.7 ± 3.4-35.5 ± 3.3%; n=12; P=0.33, between-group comparison P<0.0001). [CONCLUSIONS] These findings illustrate a dichotomy in regional responses to TESI. Although scar size reduction was evident in all scar segments, scar size reduction and ventricular functional responses preferentially occurred at the sites of TESI versus non-TESI sites. Furthermore, improvement was greatest when segmental left ventricular dysfunction was severe.",RCT,0.8,0.9,0.1,0.76,449.0993560757488,True,
79,28031470,non_RCT,Effectiveness of Naturally Occurring Substances Added to Duck Litter in Reducing Emergence and Landing of Adult Musca domestica (Diptera: Muscidae).,"Poultry barns provide an ideal breeding environment for Musca domestica L. (Diptera: Muscidae) owing to the controlled temperatures and litter (manure plus bedding material) accumulation. Management techniques that render the litter less suitable for immature stage development, such as the addition of naturally occurring insecticidal substances, could reduce fly infestations. The effectiveness of acetic, boric, and citric acids; diatomaceous earth; and hydrated lime at restricting female landing and growth of house flies in duck litter was evaluated. Litter treated with 1.9% and 4.7% by weight of acetic or boric acid had significantly lower adult emergence rates compared with the same concentrations of citric acid, diatomaceous earth, hydrated lime, or the untreated control litter. The pH of duck litter treated with acetic or citric acid was significantly reduced and remained significantly lower than the control litter (pH 8.7) for 10 d. Significantly more house flies landed on a house fly-rearing substrate (wheat bran, powdered milk, bloodmeal, water, and yeast) than litter treated with any of the other test substances or the control. The LC50 for boric acid was estimated to be 0.01% by weight, which was lower than that of acetic acid (1.42%). Similarly, the LC90 of boric acid was estimated to be 0.12%, which was lower than that of acetic acid (10.03%). Acetic acid and boric acid have the potential to be incorporated into litter as a pest management tactic to reduce house fly populations in duck production facilities.",non_RCT,1.0,0.0,1.0,0.07,554.7157360706478,True,
80,23415630,non_RCT,Integration of patient-reported outcomes in multiregional confirmatory clinical trials.,"[INTRODUCTION] The increasing complexities of conducting multiregional trials and an evolving regulatory environment contribute to unprecedented new challenges for use of patient-reported outcome measures (PROMs)(1) within clinical trials. This paper presents these challenges and potential solutions. [METHODS] Real-world examples and situations are reviewed from an industry and patient-reported outcome (PRO)(2) expert position. [CONCLUSIONS] An increase in the pursuit of new therapeutic targets, changes to the regulatory environment, and business pressures to expand clinical trials to more countries have significantly increased the complexity of confirmatory clinical studies that incorporate PROMs. Decisions to participate in collaborative efforts for endpoint development or proceed independently are made in the context of competing priorities of drug development timelines, drug differentiation strategies, the need for patient-related value messages, and the depth of a sponsor pipeline within specific disease areas. Study logistics are critically important; factors such as concept cultural relevancy, respondent literacy level, and quality of cross-cultural adaptation of PROMs must be evaluated when integrating into confirmatory clinical trials. Awareness of the issues relating to PROs in multiregional studies will enable companies to better plan studies and interpret results.",non_RCT,1.0,0.0,1.0,0.02,604.2240799870342,True,
81,23758106,RCT,Scanning electron microscopy of growing dental plaque: a quantitative study with different mouth rinses.,"The aim of this study was to quantify the influence of different mouth rinses on dental plaque. Wearing splints with enamel pieces 24 volunteers rinsed with essential oils, amine/stannous fluoride, or chlorhexidine digluconate (0.12%) mouth rinses. After 24, 48, 72, and 96 h the enamel pieces were analyzed by scanning electron microscopy. The counts of cocci and bacilli in different plaque layers and the plaque thickness were almost similar using essential oils and amine/stannous fluoride. These results differed significantly from those of chlorhexidine digluconate mouth rinses. The results for plaque thickness were without significant differences between the groups at any appointment.",non_RCT,0.71,0.14,0.86,0.14,453.0285510700196,False,
82,28461857,non_RCT,Leech in the Nose - an unusual cause of epistaxis.,"Leech is an uncommon nasal foreign body, which can cause epistaxis. It is an aquatic segmental worm living in fresh water most commonly in tropical areas. Once it is attached in the nose, it will secrete an anticoagulant enzyme named hirudin, and that will result in continuous bleeding more than from a normal wound even after it is removed. We present a case of a live leech in the nose that caused unilateral epistaxis in a patient with a recent history of jungle trekking.",non_RCT,1.0,0.0,1.0,0.01,546.135894022882,True,
83,32028411,RCT,Oxycodone preemptive analgesia after endoscopic plasma total adenotonsillectomy in children: A randomized controlled trial.,"[BACKGROUND] Endoscopic tonsillectomy is associated with postoperative pain. Postoperative pain management remains to be improved in children. We aimed to investigate oxycodone preemptive analgesia in children undergoing endoscopic plasma total adenotonsillectomy. [METHODS] 166 children with adenotonsillar hypertrophy were recruited at Wuhan Children's Hospital between 08/2016 and 03/2017. They were randomly assigned to receive SPOA (postoperative sufentanil), SPEA+SPOA (preemptive sufentanil and postoperative sufentanil), and OPEA+SPOA (preemptive oxycodone and postoperative sufentanil). The primary endpoint was serum c-fos levels. The secondary endpoints were the response entropy (RE) value, Pediatric Anesthesia Emergence Delirium (PAED) score, FLACC score, and adverse events. [RESULTS] c-fos mRNA levels were increased significantly after surgery in the SPOA and SPEA+SPOA groups (P < .05). Postoperatively, c-fos mRNA levels were higher in the SPOA group compared with the OPEA+SPOA group (P = .044). The RE values increased in all groups after surgery (P < .05). At extubation, RE values were higher in the SPOA group compared with the SPEA+SPOA and OPEA+SPOA groups (P < .05). The PAED scores were higher in the SPOA group compared with the OPEA+SPOA group (P = .045). In the SPOA group, the FLACC scores were decreased at 24 h after surgery vs 4 hours (P = .044). Prediction probability (Pk) values indicated that RE and c-fos mRNA levels were quantitative predictors for early postoperative stress reaction after surgery. [CONCLUSIONS] The subanalgesic dose of oxycodone (0.1 mg/kg) as preemptive analgesia could improve pain after endoscopic plasma total adenotonsillectomy in children.",RCT,1.0,1.0,0.0,0.98,553.0181019566953,True,
84,33095588,non_RCT,Protein Stabilization and Delivery: A Case Study of Invasion Plasmid Antigen D Adsorbed on Porous Silica.,"Approximately half of all vaccines produced annually are wasted because effectivity is dependent on protein structure and heat exposure disrupts the intermolecular interactions needed to maintain the structure. Thus, most vaccines require a temperature-controlled supply chain to minimize waste. A more sustainable technology was developed via the adsorption of invasion plasmid antigen D (IpaD) onto mesoporous silica, improving the thermal stability of this protein-based therapeutic. Seven silicas were characterized to determine the effects of pore diameter, pore volume, and surface area on protein adsorption. The silica-IpaD complex was then heated above the IpaD denaturing temperature and N,N-dimethyldodecylamine N-oxide was used to remove IpaD from the silica. Circular dichroism confirmed that the adsorbed IpaD after the heat treatment maintained a native secondary structure rich in α-helix content. In contrast, the unprotected IpaD after heat treatment lost its secondary structure. Isotherms using Langmuir, Freundlich, and Temkin models demonstrated that the adsorption of IpaD onto silicas is best fit by the Langmuir model. If pores are less than 15 nm, adsorption is negligible. If the pores are between 15 and 25 nm, then monolayer coverage is achieved and IpaD is protected from thermal denaturing. If pores are larger than 25 nm, the adsorption is a multilayer coverage and it is easier to remove the protein from the silica because of a less-developed hydrogen bond network. This case study provides strong evidence that IpaD is thermally stabilized via adsorption on mesoporous silica with the proper range of pore sizes.",non_RCT,1.0,0.0,1.0,0.01,520.6725690513849,True,
85,22825655,non_RCT,"Antitumor effects of the novel quinazolinone MJ-33: inhibition of metastasis through the MAPK, AKT, NF-κB and AP-1 signaling pathways in DU145 human prostate cancer cells.","Quinazolinone compounds have been shown to have antitumor activity in many human cancer cell lines. In the present study, we investigated the anti-metastatic activity of MJ-33 (2-(3-ethoxyphenyl)-6-pyrrolidinylquinazolinone), a novel quinazolinone derivate, and the signaling pathway of MJ-33 in human prostate cells. MJ-33 exhibited a growth inhibitory effect on DU145, LNCaP and PC-3 cells by MTT assay. DU145 cells showed greater sensitivity to the growth inhibition of MJ-33 than that of LNCaP and PC-3 cells. MJ-33 also had an inhibitory effect on the invasion, migration and adhesion of DU145 cells using Boyden chamber transwell assays, wound-healing and adhesion assay. In addition, MJ-33 inhibited cell metastasis through the reduction of matrix metalloproteinase-2 (MMP-2), matrix metalloproteinase-9 (MMP-9) and urokinase-type plasminogen activator (u-PA) enzyme activities and protein levels by gelatin zymography assay and western blot analysis, respectively. MJ-33 reduced the protein levels of p-JNK, p-p38, p-ERK, p-AKT and nuclear NF-κB (p65), c-fos and c-Jun protein levels by western blotting. Using electrophoretic mobility-shift assay (EMSA), we demonstrated that MJ-33 blocked the activation of transcription factor AP-1 (activator protein-1) and NF-κB, which led to the inhibition of MMP-2 and MMP-9 expression. Collectively, our data showed that MJ-33 decreased protein levels of MAPKs (mitogen-activated protein kinases), AKT, AP-1 and NF-κB, resulting in the inhibition of matrix metalloproteinases. Downregulation of MMP-2 and MMP-9 reduces the invasion, migration and adhesion activities of DU145 cells. MJ-33 may be a promising agent against prostate cancer metastasis.",non_RCT,1.0,0.0,1.0,0.01,571.5194121003151,True,
86,24563336,non_RCT,Oxymatrine triggers apoptosis by regulating Bcl-2 family proteins and activating caspase-3/caspase-9 pathway in human leukemia HL-60 cells.,"With the objective of identifying promising antitumor agents for human leukemia, we carried out to determine the anticancer ability of oxymatrine on the human leukemia HL-60 cell line. In vitro experiments demonstrated that oxymatrine reduced the proliferation of HL-60 cells in a dose- and time-dependent manner via the induction of apoptosis and cell cycle arrest at G2/M and S phases. The proteins involved in oxymatrine-induced apoptosis in HL-60 cells were also examined using Western blot. The increase in apoptosis upon treatment with oxymatrine was correlated with downregulation of anti-apoptotic Bcl-2 expression and upregulation of pro-apoptotic Bax expression. Furthermore, oxymatrine induced the activation of caspase-3 and caspase-9 and the cleavage of poly(ADP-ribose) polymerase (PARP) in HL-60 cells. In addition, pretreatment with a specific caspase-3 (Z-DEVD-FMK) or caspase-9 (Z-LEHD-FMK) inhibitor significantly neutralized the pro-apoptotic activity of oxymatrine in HL-60 cells, demonstrating the important role of caspase-3 and caspase-9 in this process. Taken together, these results indicated that oxymatrine-induced apoptosis may occur through the activation of the caspase-9/caspase-3-mediated intrinsic pathway. Therefore, oxymatrine may be a potential candidate for the treatment of human leukemia.",non_RCT,1.0,0.0,1.0,0.01,454.5965730212629,True,
87,22409644,RCT,Predictors of treatment response to cognitive-behavioral therapy for depression in Parkinson's disease.,"[OBJECTIVE] The purpose of this study was to examine predictors of treatment response to cognitive-behavioral therapy (CBT) for depression in Parkinson's disease (PD). [METHOD] The sample comprised 80 depressed (DSM-IV criteria) adults with PD (60% male) and their caregivers who participated in an National Institutes of Health-sponsored randomized-controlled trial of CBT vs. clinical monitoring from April 2007 until July 2010. Individually administered CBT was provided to people with PD for 10 weeks, modified to address the unique needs of the medical population, and supplemented with up to 4 separate caregiver educational sessions. Treatment response was defined a priori as a rating of depression much improved or very much improved on the Clinical Global Impression-Improvement Scale or ≥ 50% reduction in the baseline Hamilton Depression Rating Scale score. It was hypothesized (a priori) that caregiver participation in treatment, motor disability, psychiatric comorbidity, and executive functioning would be significant predictors of response to CBT at end-of-treatment (Week 10) and short-term follow-up (Week 14). [RESULTS] At Week 10, caregiver participation was the only significant predictor of treatment response in the CBT group. At Week 14, both caregiver participation and executive functioning predicted response to CBT. Treatment group, baseline depression severity, executive functioning, motor disability, psychiatric comorbidity, marital status, and caregiver burden were also related to change in depression scores, for all participants, in secondary and exploratory models. [CONCLUSIONS] Caregiver participation may enhance acute treatment response to psychosocial interventions for depression in PD. Further research is needed to extend and replicate these findings.",RCT,1.0,1.0,0.0,0.97,587.0916408021003,True,
88,24028201,RCT,Efficacy of strength and aerobic exercise on patient-reported outcomes and structural changes in patients with knee osteoarthritis: study protocol for a randomized controlled trial.,"[BACKGROUND] Despite an extensive literature on treatment interventions for patients with knee osteoarthritis, studies comparing the efficacy of different exercise interventions and living the life as usual on quality of life, cartilage quality and cost-effectiveness are lacking. The aim of the present study is to compare the efficacy of two different exercise programs compared to a control group in individuals with established radiographic and symptomatic knee osteoarthritis on self-reported knee-related quality of life, knee pain, physical function, and cartilage quality. [METHODS/DESIGN] A three-armed randomized controlled trial involving two exercise interventions and a control group of individuals doing as they usually do is described. The patients will have mild to moderate radiographic osteoarthritis according to the Kellgren and Lawrence classification (grade 2-3), and fulfill the American College of Rheumatology clinical criteria, be aged between 45 and 65 years, and have no other serious physical or mental illnesses. The patients will be randomly allocated to a strength exercise group; a cycling group, or a control group. The primary outcome is the Knee injury and Osteoarthritis Outcome Score knee-related quality of life subscale. Secondary outcomes include all five Knee Injury and Osteoarthritis Outcome Score subscales, morphological evaluation of cartilage including focal thickness, subchondral bone marrow edema, proteoglycan content and collagen degradation (measured using magnetic resonance imaging clinical sequences, T2 mapping and T1ρ), specific serum biomarkers, isokinetic muscle strength, maximal oxygen uptake, quality of life (EuroQol 5D), and self-efficacy (Arthritis Self-Efficacy Scale). A sample size calculation on the primary outcome showed that 207 individuals, 69 in each group, is needed to detect a clinically relevant difference of 10 points with 80% power and a significance level of 5%. Assessments will be conducted at baseline, 14 weeks, 1 year and 2 years post-randomization. The interventions will be a 14 weeks exercise program. [DISCUSSION] Although exercise therapy has been found to be effective in knee osteoarthritis, the knowledge of the underlying mechanisms for why exercise works is lacking. This study will contribute with knowledge on the efficacy of strength exercise versus cycling on patient-reported outcomes, cartilage quality and cost-effectiveness. [TRIAL REGISTRATION] Clinicaltrial.gov Identifier: NCT01682980.",RCT,1.0,1.0,0.0,0.93,554.6466258820146,True,
89,26567698,non_RCT,Miscibility of Itraconazole-Hydroxypropyl Methylcellulose Blends: Insights with High Resolution Analytical Methodologies.,"Drug-polymer miscibility is considered to be a prerequisite to achieve an optimally performing amorphous solid dispersion (ASD). Unfortunately, it can be challenging to evaluate drug-polymer miscibility experimentally. The aim of this study was to investigate the miscibility of ASDs of itraconazole (ITZ) and hydroxypropyl methylcellulose (HPMC) using a variety of analytical approaches. The phase behavior of ITZ-HPMC films prepared by solvent evaporation was studied before and after heating. Conventional methodology for miscibility determination, that is, differential scanning calorimetry (DSC), was used in conjunction with emerging analytical techniques, such as fluorescence spectroscopy, fluorescence imaging, and atomic force microscopy coupled with nanoscale infrared spectroscopy and nanothermal analysis (AFM-nanoIR-nanoTA). DSC results showed a single glass transition event for systems with 10% to 50% drug loading, suggesting that the ASDs were miscible, whereas phase separation was observed for all of the films based on the other techniques. The AFM-coupled techniques indicated that the phase separation occurred at the submicron scale. When the films were heated, it was observed that the ASD components underwent mixing. The results provide new insights into the phase behavior of itraconazole-HPMC dispersions and suggest that the emerging analytical techniques discussed herein are promising for the characterization of miscibility and microstructure in drug-polymer systems. The observed differences in the phase behavior in films prepared by solvent evaporation before and after heating also have implications for processing routes and suggest that spray drying/solvent evaporation and hot melt extrusion/melt mixing can result in ASDs with varying extent of miscibility between the drug and the polymer.",non_RCT,1.0,0.0,1.0,0.01,531.7664560861886,True,
90,26168848,non_RCT,Outstanding questions concerning sperm-epithelial binding in the mammalian oviduct.,"Preovulatory binding of viable spermatozoa in the oviduct isthmus is widely accepted as a preliminary to fertilization, but details of physiological events associated with epithelial binding and release from binding are themselves little understood. Important questions include the potential number, distribution and stability of such sites in the caudal isthmus, whether multiple molecular forms of binding exist within a single-mated individual, and whether some sites are more favourable than others for the maintenance of preovulatory sperm viability. Also to be resolved is whether spermatozoa interact with the first available binding sites in the isthmus, whether spermatozoa from second or subsequent matings bind closer to the site of fertilization, and whether the first spermatozoa entering the oviduct are those that will be released first with impending ovulation. Ideally, future research needs to focus on a fertilizing spermatozoon monitored in vivo and not on spermatozoa destined to remain on or in the zona pellucida or in the lower reaches of the oviduct.",non_RCT,1.0,0.0,1.0,0.01,515.2226819191128,True,
91,24576198,non_RCT,Rat cavernous nerve reconstruction with CD133+ cells derived from human bone marrow.,"[INTRODUCTION] Erectile dysfunction remains a major complication after surgery of pelvic organs, especially after radical prostatectomy. [AIM] The aim of this study was to assess the effect of endothelial progenitor cells on the regeneration of cavernous nerves in a rat injury model. [METHODS] A 2 mm length of the right and left cavernous nerves of 8-week-old male nude rats were excised. Alginate gel sponge sheets supplemented with 1 × 10(4) CD133+ cells derived from human bone marrow were then placed over the gaps on both sides (CD group). The same experiments were performed on sham-operated rats (SH group), rats with only the nerve excision (EX group), and rats with alginate gel sheets placed on the injured nerves (AL group). [MAIN OUTCOME MEASURES] Immunofluorescence staining and molecular evaluation were performed 4 days later. Functional and histological evaluations were performed 12 weeks later. [RESULTS] The intracavernous pressure elicited by electrical stimulation and the neuronal nitric oxide synthase-positive area in surrounding tissues of the prostate was significantly greater in the CD group. Immunofluorescence microscopy showed that CD133+ cells were assimilated as vascular endothelial cells, and the real-time polymerase chain reaction showed upregulation of nerve growth factor and vascular endothelial growth factor in the alginate gel sponge sheets of the CD group. [CONCLUSIONS] Transplantation of CD133+ cells accelerated the functional and histological recovery in this cavernous nerve injury model, and the recovery mechanism is thought to be angiogenesis and upregulation of growth factors. CD133+ cells could be an optional treatment for cavernous nerve injury after prostatectomy in clinical settings.",non_RCT,1.0,0.0,1.0,0.05,467.4315450247377,True,
92,32318695,RCT,Effect of allopurinol on phosphocreatine recovery and muscle function in older people with impaired physical function: a randomised controlled trial.,"[BACKGROUND] Allopurinol has vascular antioxidant effects and participates in purinergic signalling within muscle. We tested whether allopurinol could improve skeletal muscle energetics and physical function in older people with impaired physical performance. [METHODS] We conducted a randomised, double blind, parallel group, placebo-controlled trial, comparing 20 weeks of allopurinol 600 mg once daily versus placebo. We recruited community-dwelling participants aged 65 and over with baseline 6-min walk distance of <400 m and no contraindications to magnetic resonance imaging scanning. Outcomes were measured at baseline and 20 weeks. The primary outcome was post-exercise phosphocreatine (PCr) recovery rate measured using 31P magnetic resonance spectroscopy of the calf. Secondary outcomes included 6-min walk distance, short physical performance battery (SPPB), lean body mass measured by bioimpedance, endothelial function and quality of life. [RESULTS] In total, 124 participants were randomised, mean age 80 (SD 6) years. A total of 59 (48%) were female, baseline 6-min walk distance was 293 m (SD 80 m) and baseline SPPB was 8.5 (SD 2.0). Allopurinol did not significantly improve PCr recovery rate (treatment effect 0.10 units [95% CI, -0.07 to 0.27], P = 0.25). No significant changes were seen in endothelial function, quality of life, lean body mass or SPPB. Allopurinol improved 6-min walk distance (treatment effect 25 m [95% 4-46, P = 0.02]). This was more pronounced in those with high baseline oxidative stress and urate. [CONCLUSION] Allopurinol improved 6-min walk distance but not PCr recovery rate in older people with impaired physical function. Antioxidant strategies to improve muscle function for older people may need to be targeted at subgroups with high baseline oxidative stress.",RCT,1.0,1.0,0.0,0.99,547.5937938317657,True,
93,32744257,non_RCT,Attaining atomic resolution from in situ data collection at room temperature using counter-diffusion-based low-cost microchips.,"Sample handling and manipulation for cryoprotection currently remain critical factors in X-ray structural determination. While several microchips for macromolecular crystallization have been proposed during the last two decades to partially overcome crystal-manipulation issues, increased background noise originating from the scattering of chip-fabrication materials has so far limited the attainable resolution of diffraction data. Here, the conception and use of low-cost, X-ray-transparent microchips for in situ crystallization and direct data collection, and structure determination at atomic resolution close to 1.0 Å, is presented. The chips are fabricated by a combination of either OSTEMER and Kapton or OSTEMER and Mylar materials for the implementation of counter-diffusion crystallization experiments. Both materials produce a sufficiently low scattering background to permit atomic resolution diffraction data collection at room temperature and the generation of 3D structural models of the tested model proteins lysozyme, thaumatin and glucose isomerase. Although the high symmetry of the three model protein crystals produced almost complete data sets at high resolution, the potential of in-line data merging and scaling of the multiple crystals grown along the microfluidic channels is also presented and discussed.",non_RCT,1.0,0.0,1.0,0.01,476.6854781191796,True,
94,28038841,RCT,Discontinuation of orthokeratology on eyeball elongation (DOEE).,"[PURPOSE] To evaluate and compare changes in axial elongation, over a 14-month period, in subjects who discontinued and then resumed ortho-k lens wear with those who continued to wear their lenses or spectacles following a 2-year myopia control study. [METHOD] This single masked, prospective study recruited subjects who had just completed a 2-year myopia control study. Ortho-k subjects were classified as Group OKc, in which subjects continued ortho-k lens wear for the duration of the study; or Group OKd in which subjects discontinued lens wear for seven months and wore single-vision spectacles (Phase I) and then resumed ortho-k lens wear for another seven months (Phase II). Spectacle-wearing control subjects from the initial myopia control study continued wearing spectacles as control subjects. Axial lengths were measured at scheduled visits using the IOLMaster. [RESULTS] Thirteen, 16, and 15 Control, OKc, and OKd subjects, aged 8-14 years, respectively completed the study. Significant increase in axial elongation was found in OKd subjects only in Phase I but not in Phase II. On resuming lens wear, in Phase II, the rate of axial elongation was no longer significantly different from those of the Control or OKc subjects. [CONCLUSION] Stopping ortho-k lens wear at or before the age of 14 years led to a more rapid increase in axial length; comparable to those wearing spectacles during the initial 2-year myopia control study, but greater than the Control and OKc group in this study. Axial elongation slowed again with resumed lens wear after six months.",non_RCT,0.99,0.01,0.99,0.04,549.5131220668554,False,
95,20848411,RCT,Perceptual characteristics of tracheoesophageal speech production using the new indwelling Provox Vega voice prosthesis: a randomized controlled crossover trial.,"[BACKGROUND] The objective of this study was to determine if the design enhancements incorporated into the new Provox Vega Indwelling Voice prostheses result in any positive benefits in vivo. [METHODS] Using a randomized, crossover study design, 31 participants using tracheoesophageal speech postlaryngectomy completed a 3-week trial of the Provox Vega and a comparator device. Main outcome measures included patient perceptions of vocal effort and quality using each device, and perceptual judgments of voice quality produced. [RESULTS] The majority of patients (72%) indicated the Provox Vega gave them overall better voice quality and 52% felt they required less effort to phonate. Voice samples produced with the Provox Vega were also perceived by listeners to be significantly (p < .05) less strained, easier to understand, produced with less effort, and the better speech sample overall. [CONCLUSION] Results support that the aerodynamic improvements incorporated in the design of the new Provox Vega facilitate enhanced voice and speech qualities.",RCT,1.0,1.0,0.0,0.96,521.584615111351,True,
96,20957373,non_RCT,Arboreal habitat structure affects route choice by rat snakes.,"In arboreal habitats gaps between branches and branch structure profoundly affect the ability of animals to move; hence, an ability to perceive such attributes could facilitate choosing routes that enhance the speed and ease of locomotion. Although many snakes are arboreal, no previous study has determined whether they can perceive structural variation of branches that is mechanically relevant to their locomotion. We tested whether the gap distance, location, and attributes of two destination perches on the far side of a crossable gap affected the route travelled by North American rat snakes (Pantherophis), which are proficient climbers. Snakes usually chose routes with shorter gaps. Within a horizontal plane, the snakes usually went straight rather than crossing an equal distance gap with a 90° turn, which was consistent with our finding that crossing a straight gap was easier. However, decreasing the distance of the gap with a 90° turn eliminated the preference for going straight. Additional factors, such as the width of the landing surface and the complexity of branching of the destination perches, resulted in non-random route choice. Thus, many of the observed biases in route choice suggested abilities to perceive structural variation and select routes that are mechanically beneficial.",non_RCT,1.0,0.0,1.0,0.03,466.4830619003624,True,
97,32971476,non_RCT,Cerebrospinal fluid CD20 positive B-cell expansion in a case of anti-NMDAR encephalitis.,"Anti-N-methyl-d-aspartate receptor (NMDAR) encephalitis is a potentially fatal autoimmune encephalitis with a strong B-cell response. We measured the proportion of CD20 positive and CD19 positive B-cells in the CSF from a case of severe anti-NMDAR encephalitis. The proportion of CD20 positive B-cells in the CSF was 15.0%, higher than CD19 positive B cells (10.1%), and higher than that seen in non-inflammatory neurological disorders (<1%). After the treatments of steroids, intravenous immunoglobulin and rituximab to eliminate B-cells, she recovered. These findings further support the use of rituximab that targets CD20 positive B-cells in anti-NMDAR encephalitis.",non_RCT,1.0,0.0,1.0,0.01,568.4824839700013,True,
98,27632835,RCT,The Effect of 2 Forms of Talocrural Joint Traction on Dorsiflexion Range of Motion and Postural Control in Those With Chronic Ankle Instability.,"[CONTEXT] Talocrural joint mobilizations are commonly used to address deficits associated with chronic ankle instability (CAI). [OBJECTIVE] Examine the immediate effects of talocrural joint traction in those with CAI. [DESIGN] Blinded, crossover. [SETTING] Laboratory. [PARTICIPANTS] Twenty adults (14 females; age = 23.80 ± 4.02 y; height = 169.55 ± 12.38 cm; weight = 78.34 ± 16.32 kg) with self-reported CAI participated. Inclusion criteria consisted of a history of ≥1 ankle sprain, ≥2 episodes of giving way in the previous 3 mo, answering ""yes"" to ≥4 questions on the Ankle Instability Instrument, and ≤24 on the Cumberland Ankle Instability Tool. [INTERVENTION] Subjects participated in 3 sessions in which they received a single treatment session of sustained traction (ST), oscillatory traction (OT), or a sham condition in a randomized order. Interventions consisted of four 30-s sets of traction with 1 min of rest between sets. During ST and OT, the talus was distracted distally from the ankle mortise to the end-range of accessory motion. ST consisted of continuous distraction and OT involved 1-s oscillations between the mid and end-range of accessory motion. The sham condition consisted of physical contact without force application. Preintervention and postintervention measurements of weight-bearing dorsiflexion, dynamic balance, and static single-limb balance were collected. [MAIN OUTCOME MEASURES] The independent variable was treatment (ST, OT, sham). The dependent variables included pre-to-posttreatment change scores for the WBLT (cm), normalized SEBTAR (%), and time-to-boundary (TTB) variables(s). Separate 1-way ANOVAs examined differences between treatments for each dependent variable. Alpha was set a priori at P < .05. [RESULTS] No significant treatment effects were identified for any variables. [CONCLUSION] A single intervention of ST or OT did not produce significant changes in weight-bearing dorsiflexion range of motion or postural control in individuals with CAI. Future research should investigate the effects of repeated talocrural traction treatments and the effects of this technique when combined with other manual therapies.",RCT,0.92,0.96,0.04,0.63,475.96121788956225,True,
99,23057616,RCT,The providing resources to enhance African American patients' readiness to make decisions about kidney disease (PREPARED) study: protocol of a randomized controlled trial.,"[BACKGROUND] Living related kidney transplantation (LRT) is underutilized, particularly among African Americans. The effectiveness of informational and financial interventions to enhance informed decision-making among African Americans with end stage renal disease (ESRD) and improve rates of LRT is unknown. [METHODS/DESIGN] We report the protocol of the Providing Resources to Enhance African American Patients' Readiness to Make Decisions about Kidney Disease (PREPARED) Study, a two-phase study utilizing qualitative and quantitative research methods to design and test the effectiveness of informational (focused on shared decision-making) and financial interventions to overcome barriers to pursuit of LRT among African American patients and their families. Study Phase I involved the evidence-based development of informational materials as well as a financial intervention to enhance African American patients' and families' proficiency in shared decision-making regarding LRT. In Study Phase 2, we are currently conducting a randomized controlled trial in which patients with new-onset ESRD receive 1) usual dialysis care by their nephrologists, 2) the informational intervention (educational video and handbook), or 3) the informational intervention in addition to the option of participating in a live kidney donor financial assistance program. The primary outcome of the randomized controlled trial will include patients' self-reported rates of consideration of LRT (including family discussions of LRT, patient-physician discussions of LRT, and identification of a LRT donor). [DISCUSSION] Results from the PREPARED study will provide needed evidence on ways to enhance the decision to pursue LRT among African American patients with ESRD.",RCT,0.97,0.98,0.02,0.9,487.75240988470614,True,
100,24038085,non_RCT,The p38-MSK1 signaling cascade influences cytokine production through CREB and C/EBP factors in human neutrophils.,"Neutrophils influence innate and adaptative immunity by generating numerous cytokines and chemokines whose regulation largely depends on transcriptional activators such as NF-κB and C/EBP factors. In this study, we describe the critical involvement of CREB transcription factors (CREB1 and activating transcription factor-1) in this functional response as well as relevant upstream signaling components. Neutrophil stimulation with LPS or TNF led to the phosphorylation, DNA binding activity, and chemokine promoter association of CREB1 and activating transcription factor-1. These responses occurred downstream of the p38-MSK1 signaling axis, as did the phosphorylation and promoter association of another bZIP factor, C/EBPβ. Conversely, inhibition of RSK1 failed to alter the phosphorylation of either CREB1 or C/EBPβ in neutrophils. From a more functional standpoint, the inhibition of p38 MAPK or MSK1 interfered with cytokine generation in neutrophils. Likewise, overexpression of a dominant-negative CREB1 mutant (K-CREB) or of a point mutant (S133A) resulted in a decreased ability of human neutrophil-like PLB-985 cells to generate inflammatory cytokines (CXCL8, CCL3, CCL4, and TNF-α). Collectively, our data show the involvement of CREB1 in neutrophil cytokine production, the key role of its S133 residue, important upstream signaling events, and the parallel activation of another bZIP factor. These are all potential molecular targets that could be exploited in the context of several chronic inflammatory diseases that prominently feature neutrophils and their products.",non_RCT,1.0,0.0,1.0,0.01,538.417753065005,True,
101,22675385,non_RCT,Chronic Treatment with Squid Phosphatidylserine Activates Glucose Uptake and Ameliorates TMT-Induced Cognitive Deficit in Rats via Activation of Cholinergic Systems.,"The present study examined the effects of squid phosphatidylserine (Squid-PS) on the learning and memory function and the neural activity in rats with TMT-induced memory deficits. The rats were administered saline or squid derived Squid-PS (Squid-PS 50 mg kg(-1), p.o.) daily for 21 days. The cognitive improving efficacy of Squid-PS on the amnesic rats, which was induced by TMT, was investigated by assessing the passive avoidance task and by performing choline acetyltransferase (ChAT) and acetylcholinesterase (AchE) immunohistochemistry. 18F-Fluorodeoxyglucose and performed a positron emission tomography (PET) scan was also performed. In the passive avoidance test, the control group which were injected with TMT showed a markedly lower latency time than the non-treated normal group (P < 0.05). However, treatment of Squid-PS significantly recovered the impairment of memory compared to the control group (P < 0.05). Consistent with the behavioral data, Squid-PS significantly alleviated the loss of ChAT immunoreactive neurons in the hippocampal CA3 compared to that of the control group (P < 0.01). Also, Squid-PS significantly increased the AchE positive neurons in the hippocampal CA1 and CA3. In the PET analysis, Squid-PS treatment increased the glucose uptake more than twofold in the frontal lobe and the hippocampus (P < 0.05, resp.). These results suggest that Squid-PS may be useful for improving the cognitive function via regulation of cholinergic enzyme activity and neural activity.",non_RCT,1.0,0.0,1.0,0.09,634.5492890104651,True,
102,25888270,RCT,Comparative effectiveness of mitoxantrone plus prednisone versus prednisone alone in metastatic castrate-resistant prostate cancer after docetaxel failure.,"[BACKGROUND] Mitoxantrone was approved for use in metastatic castrate-resistant prostate cancer (mCRPC) based on pain palliation without observed survival benefit in a small phase III trial in 1996. To re-evaluate for possible survival benefits in a larger contemporary sample and to demonstrate analytic uses of the newly available Project Data Sphere online resource, we used data from control arms of completed clinical trials to compare survival and toxicity among patients with postdocetaxel mCRPC treated with mitoxantrone and prednisone. [PATIENTS AND METHODS] Control arm data from two phase III randomized control trials, SUN 1120 and TROPIC, were used to examine the efficacy of mitoxantrone plus prednisone (n = 305) versus prednisone alone (n = 257) among patients with postdocetaxel mCRPC. Propensity score matching was used to balance patient characteristics between the separate trials, conditioned on age and key prognostic variables of survival. The primary outcome was overall survival. Secondary endpoints evaluated safety. [RESULTS] Median survival was similar among patients receiving mitoxantrone plus prednisone versus prednisone alone (385 days vs. 336 days; deceleration factor = 0.04; 95% confidence interval: -0.12 to 0.22). Prevalence of several any-grade toxicity, including fatigue, back pain, and peripheral neuropathy, was increased among patients who received mitoxantrone. [CONCLUSION] There was no significant survival benefit for mitoxantrone plus prednisone over prednisone alone among men with mCRPC after docetaxel therapy. This finding is consistent with prior studies showing no survival advantage with mitoxantrone in the predocetaxel setting. Furthermore, our data suggest that mitoxantrone may be associated with increased toxicity compared with prednisone alone.",non_RCT,0.83,0.08,0.92,0.12,561.0140049830079,False,
103,23937228,non_RCT,Successful medical treatment of glans ischemia after voluntary buprenorphine injection.,"[INTRODUCTION] The diverted use of synthetic opioid buprenorphine by drug addicts can be responsible for serious ischemic and infectious complications, particularly in the case of intravenous injection. [AIM] We present a case of serious glans ischemia after buprenorphine injection directly into the deep dorsal vein of the penis. Analysis using new medical imaging techniques and treatments is detailed below. [METHODS] A 26-year-old male drug addict presented with glans pain 4 days after self-injection of buprenorphine into the deep dorsal vein of the penis. The patient was apyretic and presented a urethral discharge. His glans was blue without discoloration on digital pressure. Additionally, his biologic and serologic tests were normal while bacteriology showed the presence of Enterobacter cloacae urethritis. [RESULTS] After 48 hours of intravenous antibiotic treatment without improvement, a specific medical treatment using enoxaparin and ilomedin was initiated, with the assumption that there was an ischemic complication. Laser speckle contrast imaging allowed confirmation of the presence of distal penis ischemia and provided an accurate mapping of the ischemic zone. A 28-day treatment combining antibiotics, subcutaneous heparin at curative dose, antiplatelet drug, ilomedin, and hyperbaric oxygen therapy resulted in clinical improvement of the lesions with no functional complications. [CONCLUSIONS] To date, no consensus exists on the proper diagnostic and treatment approach to severe glans ischemia due to buprenorphine injection into the deep dorsal vein of the penis. The results of laser speckle contrast imaging were of real interest during the process of diagnosis. In addition, the combination of ilomedin with hyperbaric oxygen therapy and anticoagulant and antiplatelet drugs appeared to be an effective therapy.",non_RCT,1.0,0.0,1.0,0.01,536.3134171348065,True,
104,26081633,non_RCT,Quorum Sensing Determines the Choice of Antiphage Defense Strategy in Vibrio anguillarum.,"[UNLABELLED] Selection for phage resistance is a key driver of bacterial diversity and evolution, and phage-host interactions may therefore have strong influence on the genetic and functional dynamics of bacterial communities. In this study, we found that an important, but so far largely overlooked, determinant of the outcome of phage-bacterial encounters in the fish pathogen Vibrio anguillarum is bacterial cell-cell communication, known as quorum sensing. Specifically, V. anguillarum PF430-3 cells locked in the low-cell-density state (ΔvanT mutant) express high levels of the phage receptor OmpK, resulting in a high susceptibility to phage KVP40, but achieve protection from infection by enhanced biofilm formation. By contrast, cells locked in the high-cell-density state (ΔvanΟ mutant) are almost completely unsusceptible due to quorum-sensing-mediated downregulation of OmpK expression. The phenotypes of the two quorum-sensing mutant strains are accurately reflected in the behavior of wild-type V. anguillarum, which (i) displays increased OmpK expression in aggregated cells compared to free-living variants in the same culture, (ii) displays a clear inverse correlation between ompK mRNA levels and the concentration of N-acylhomoserine lactone quorum-sensing signals in the culture medium, and (iii) survives mainly by one of these two defense mechanisms, rather than by genetic mutation to phage resistance. Taken together, our results demonstrate that V. anguillarum employs quorum-sensing information to choose between two complementary antiphage defense strategies. Further, the prevalence of nonmutational defense mechanisms in strain PF430-3 suggests highly flexible adaptations to KVP40 phage infection pressure, possibly allowing the long-term coexistence of phage and host. [IMPORTANCE] Comprehensive knowledge on bacterial antiphage strategies and their regulation is essential for understanding the role of phages as drivers of bacterial evolution and diversity. In an applied context, development of successful phage-based control of bacterial pathogens also requires detailed understanding of the mechanisms of phage protection in pathogenic bacteria. Here, we demonstrate for the first time the presence of quorum-sensing-regulated phage defense mechanisms in the fish pathogen Vibrio anguillarum and provide evidence that quorum-sensing regulation allows V. anguillarum to alternate between different phage protection mechanisms depending on population cell density. Further, our results demonstrate the prevalence of nonmutational defense mechanisms in the investigated V. anguillarum strain, which allow flexible adaptations to a dynamic phage infection pressure.",non_RCT,1.0,0.0,1.0,0.01,636.8832539301366,True,
105,30896314,non_RCT,The new species Puccinia telimutans causes Mexican potato rust disease of wild potatoes and shows a unique telial metamorphosis.,"Puccinia telimutans is described as a new species of rust fungi (Basidiomycota, Pucciniales) and causal agent of Mexican potato rust disease of the endemic wild potatoes Solanum demissum and S. verrucosum from Mexico. It is microcyclic and produces telia that show a unique succession of one-celled, catenulate teliospores that germinate upon maturity, followed by resting teliospores that are pedicellate and two-celled. Puccinia telimutans appears to be restricted to Mexico and has formerly been confused with P. pittieriana, which causes common potato rust in South America.",non_RCT,1.0,0.0,1.0,0.01,448.411206016317,True,
106,24153035,non_RCT,"Testicular yolk sac tumor of myxomatous, reticular, and polyvesicular vitelline type in a newborn calf.","Yolk sac tumors (YSTs) are rare neoplasms of germ cell origin. In humans, the tumors primarily occur in the testes or ovaries, but occasionally develop at other sites. The neoplastic cells of YSTs form many histological patterns resembling embryonal structures, and the World Health Organization classification lists 11 such patterns: reticular, macrocystic, endodermal sinus, papillary, solid, glandular-alveolar, myxomatous, sarcomatoid, polyvesicular vitelline, hepatoid, and parietal. Among domestic animals, only 2 cases of YST, which were of testicular and abdominal cavity origin, have been reported in calves. In both cases, neoplastic cells had epithelial properties and disseminated metastases in the abdomen. In the present study, the enlarged testis of a newborn calf, which was subsequently diagnosed as YST and exhibited myxomatous, reticular, and polyvesicular vitelline histological patterns, is described. There was no metastasis in this case, and histological and immunohistochemical features varied from previous cases of YST.",non_RCT,1.0,0.0,1.0,0.01,527.5956131517887,True,
107,22321495,RCT,[The blood-aqueous barrier changes after laser peripheral iridotomy or surgery peripheral iridectomy].,"[OBJECTIVE] To investigate the ocular blood-aqueous barrier (BAB) alteration after laser peripheral iridotomy (LPI) or surgery peripheral iridectomy (SPI) in patients with primary chronic angle-closure glaucoma (PCACG). [METHODS] This was a clinical randomized controlled trial. Sixty eyes of 60 subjects with early stage of PCACG were randomly received either LPI or SPI and followed up postoperatively at day 3, week 1, 2, 3, and 4. Aqueous flare in anterior chamber was measured by FC-2000 flare-cell photometry, intraocular pressure (IOP) measured by tonometer, central corneal endothelium cell counted by endothelioscopy, peripheral anterior synechiae (PAS) detected by gonioscopy. Data were analyzed by using two-way ANOVA for repeated measures, independent samples t-test, paired t-test, nonparametric test, and Spearman rank correlation test. [RESULTS] On follow-ups of pre-operative and post-operative 3 days, 1 week (w), 2w, 3w and 4w respectively, the mean aqueous flare values for LPI group were (5.47 ± 1.09), (11.96 ± 3.07), (8.08 ± 2.18), (5.68 ± 0.83), (5.80 ± 1.00), (5.69 ± 1.12) PC/ms, and for SPI group were (5.43 ± 1.13), (8.44 ± 3.22), (6.42 ± 1.77), (5.35 ± 0.71), (5.53 ± 1.26), (5.45 ± 1.23) PC/ms. During post-operative 1w the flare values in both LPI and SPI groups were significantly higher than that on pre-operation (t = -12.753, -8.101, P < 0.05; t = -5.971, -3.870;P < 0.05) and LPI group had a significantly higher mean flare value than SPI group (t = 4.329, 3.231;P < 0.05). The IOP spike in LPI group was significantly (χ(2) = 5.079, 4.022, P < 0.05) higher than that in SPI group at week 1 of post-operation. Increased IOP was positively correlated with BAB damage (r = 0.899, 0.833; P < 0.05). The numbers of medications required to maintain IOP ≤ 21 mm Hg (1 mm Hg = 0.133 kPa) at week 4 of post-operation in LPI was significantly (Z = -1.984, P < 0.05) more than that in SPI group. There were no significant differences in central corneal endothelium cell count at week 1 (t = -0.696, 0.008) and in extension of PAS at week 4 (Z = -1.270, -1.490) of post-operation when compared to pre-operation (P > 0.05). No obvious complications occurred in both groups. [CONCLUSIONS] Our results demonstrated that IOP spike in both of LPI and SPI is due, at least in part, to BAB damage, which appears to be more severe in LPI group and can recover within two weeks. PAS progression and central corneal endothelium cell loss are not aggravated in 1 month after operation.",RCT,1.0,1.0,0.0,0.97,534.8158208653331,True,
108,24700260,RCT,Are orange lollies effective in preventing nausea and vomiting related to dimethyl sulfoxide? A multicenter randomized trial.,"[PURPOSE] Nausea and vomiting (NV) related to DMSO affect patients undergoing auto-SCT despite antiemetic measures. Orange flavoring may reduce gastrointestinal symptoms. [METHODS] A multicenter, randomized, three-arm, open-label trial in four Italian large bone marrow transplant centers was conducted to assess the effectiveness of orange aroma in preventing NV related to DMSO. Patients were randomized to orange ice lollies, non-citrus ice lollies, and routine treatment (deep breaths) during reinfusion. Data on NV were collected up to 5 days after infusion; 69/98 patients were randomized: 23 to orange, 21 to non-citrus ice lollies, and 25 to routine treatment. [RESULTS] Although 48 h after transplantation no differences were observed in controlled nausea (Numerical Rating Scale (NRS) 0-100, ≤25) or vomiting, significantly fewer patients had no episodes of vomiting, no antiemetic rescue therapy, and no nausea (NRS <5) in the deep breath vs lollies groups (P = 0.017). The intensity of nausea over time differed significantly between ice lollies vs routine care (P = 0.001) groups, but not between the orange and non-citrus groups (P = 0.428). [CONCLUSION] The vasoconstrictive action of ice may prevent NV related to DMSO in the acute phase and reduce the need for rescue antiemetic therapy. Ice lollies offer a simple, noninvasive, and economic means for relieving nausea and vomiting related to this preservative.",RCT,1.0,1.0,0.0,0.98,481.2661809846759,True,
109,24592408,RCT,Effects of pioglitazone on insulin sensitivity and serum lipids in obese cats.,"[BACKGROUND] Pioglitazone is a thiazolidinedione (TZD) insulin sensitizer approved for use in human type 2 diabetes mellitus. Therapeutic options for diabetes in cats are limited. [OBJECTIVE] To evaluate the effects of pioglitazone in obese cats, which are predisposed to insulin resistance, to assess its potential for future use in feline diabetes mellitus. [ANIMALS] A total of 12 obese purpose-bred research cats (6 neutered males and 6 spayed females, 5-7 years of age, weighing 5.4-9.8 kg). [METHODS] Randomized, placebo-controlled 3-way crossover study. Oral placebo or pioglitazone (Actos™; 1 or 3 mg/kg) was administered daily for 7-week periods, with IV glucose tolerance testing before and after each period. [RESULTS] Three mg/kg pioglitazone significantly improved insulin sensitivity (geometric mean [95% CI] 0.90 [0.64-1.28] to 2.03 [1.49-2.78] min⁻¹pmol⁻¹L; P = .0014 versus change with placebo), reduced insulin area under the curve during IVGTT (geometric mean [range] 27 [9-64] to 18 [6-54] min∙nmol/L; P = .0031 versus change with placebo), and lowered serum triglyceride (geometric mean [range] 71 [29-271] to 48 [27-75] mg/dL; P = .047 versus change with placebo) and cholesterol (geometric mean [range] 187 [133-294] to 162 [107-249] mg/dL; P = .0042 versus change with placebo) concentrations in the obese cats. No adverse effects attributable to pioglitazone were evident in the otherwise healthy obese cats at this dosage and duration. [CONCLUSIONS AND CLINICAL IMPORTANCE] Results of this study support a positive effect of pioglitazone on insulin sensitivity and lipid metabolism in obese cats, and suggest that further evaluation of the drug in cats with diabetes mellitus or other metabolic disorders might be warranted.",RCT,0.33,0.67,0.33,0.97,539.0657549723983,True,
110,24762110,RCT,The effect of prepubertal calcium carbonate supplementation on skeletal development in Gambian boys-a 12-year follow-up study.,"[CONTEXT] Calcium intake during growth is essential for future bone health but varies widely between individuals and populations. The impact on bone of increasing calcium intake is unknown in a population where low calcium intake, stunting, and delayed puberty are common. [OBJECTIVE] To determine the effect of prepubertal calcium supplementation on mean age at peak velocity for bone growth and mineral accrual. [DESIGN AND SETTING] Prospective follow-up of boys in rural Gambia, West Africa, who had participated in a double-blind, randomized, placebo-controlled trial of calcium supplementation. [PARTICIPANTS] Eighty boys, initially aged 8.0-11.9 years, were followed up for 12 years. [INTERVENTIONS] Subjects received 1 year of calcium carbonate supplementation (1000 mg daily, 5 d/wk). [MAIN OUTCOME MEASURES] Dual-energy x-ray absorptiometry measurements were carried out for whole body (WB), lumbar spine, and total hip bone mineral content, bone area (BA), and WB lean mass. Super imposition by translation and rotation models was made to assess bone growth. [RESULTS] Age at peak velocity was consistently earlier in the calcium group compared to the placebo group, for WB bone mineral content (mean, -6.2 [SE, 3.1]; P = .05), WB BA (mean, -7.0 [SE, 3.2] mo; P = .03), lumbar spine and total hip BA. By young adulthood, supplementation did not change the amount of bone accrued (mineral or size) or the rate of bone growth. [CONCLUSIONS] Twelve months of prepubertal calcium carbonate supplementation in boys with a low calcium diet advanced the adolescent growth spurt but had no lasting effect on bone mineral or bone size. There is a need for caution when applying international recommendations to different populations.",RCT,0.99,1.0,0.0,0.97,585.9776649158448,True,
111,27633813,RCT,Three different turbinoplasty techniques combined with septoplasty: Prospective randomized trial.,"[OBJECTIVES/HYPOTHESIS] Septal deviation and hypertrophic inferior turbinates are a frequent cause of nasal breathing disorders. The goal of this study was to prove the effectiveness and safety of three current turbinoplasty techniques. [STUDY DESIGN] This is a prospective, three-arm, single-blinded, single-center, randomized controlled trial. [METHODS] Sixty patients were randomly assigned to either anterior turbinoplasty (ATP) (n = 20), radiofrequency ablation (RFA) (n = 19; Celon Pro Breath), or novel submucous radial diode laser ablation (DLA) (n = 21; ELVeS Radial PainLess, wavelength = 1,470 nm), each in combination with standard septoplasty. Acoustic rhinometry, rhinomanometry, subjective nose questionnaire, and saccharin test served as outcome parameters for preoperative and 3-month, 1-year, and 2-year postoperative examinations. [RESULTS] After 3 months 47/60 patients were evaluated, 28/60 patients were evaluated after 1 year, and 26/60 patients were evaluated in the 2-year follow-up visit. An improvement of nasal breathing was observed in all three groups in all follow-up visits. The increase of endonasal volume 2 (volume between the nasal valve and body of the inferior turbinate) was statistically significant in the ATP and RFA group after 3 months and 2 years, and in the RFA group also after 1 year. The DLA group failed to reach significance level in all follow-up visits. Subjective evaluation of nasal breathing improved in all three groups. [CONCLUSIONS] In this trial, three different current techniques of turbinate surgery in combination with standard septoplasty were effective for the improvement of nasal breathing. The ATP and RFA techniques were more effective in the long term than DLA. [LEVEL OF EVIDENCE] 1b. Laryngoscope, 2016 127:303-308, 2017.",RCT,1.0,1.0,0.0,0.98,566.3244759198278,True,
112,22298852,RCT,Testosterone disrupts human collaboration by increasing egocentric choices.,"Collaboration can provide benefits to the individual and the group across a variety of contexts. Even in simple perceptual tasks, the aggregation of individuals' personal information can enable enhanced group decision-making. However, in certain circumstances such collaboration can worsen performance, or even expose an individual to exploitation in economic tasks, and therefore a balance needs to be struck between a collaborative and a more egocentric disposition. Neurohumoral agents such as oxytocin are known to promote collaborative behaviours in economic tasks, but whether there are opponent agents, and whether these might even affect information aggregation without an economic component, is unknown. Here, we show that an androgen hormone, testosterone, acts as such an agent. Testosterone causally disrupted collaborative decision-making in a perceptual decision task, markedly reducing performance benefit individuals accrued from collaboration while leaving individual decision-making ability unaffected. This effect emerged because testosterone engendered more egocentric choices, manifest in an overweighting of one's own relative to others' judgements during joint decision-making. Our findings show that the biological control of social behaviour is dynamically regulated not only by modulators promoting, but also by those diminishing a propensity to collaborate.",RCT,0.16,0.58,0.42,0.31,517.6248019561172,True,
113,22552180,RCT,A randomized controlled trial comparing three vaginal kits of single-incision mini-slings for stress urinary incontinence: surgical data.,"[OBJECTIVE] Single-incision mini-slings (SIMS) are new minimally invasive devices used for female stress urinary incontinence (SUI). To date, several SIMS are available, but few and uncontrolled comparative data have assessed their safety and feasibility. The aim of the present clinical study was to compare three different SIMS in an ambulatory setting. [STUDY DESIGN] One hundred and twenty patients with SUI were randomized to receive three SIMS: Ajust, MiniArc, and TVT Secur System. Surgical data were compared. [RESULTS] Significantly (P<0.05) lower surgical difficulty and higher patient satisfaction were detected in the MiniArc group when compared to the Ajust and TVT Secur System groups. A significantly (P<0.05) higher feasibility under local anesthesia and in ambulatory setting was also detected for the MiniArc group. The overall complication rate was significantly (P<0.05) lower in the MiniArc group than in the TVT Secur System group. [CONCLUSIONS] MiniArc is simpler to insert under local anesthesia and in an ambulatory setting. It is safer than the TVT Secur System, and is related to higher patient satisfaction.",RCT,1.0,1.0,0.0,0.98,579.6601800248027,True,
114,24528935,RCT,Combination therapy with diquafosol tetrasodium and sodium hyaluronate in patients with dry eye after laser in situ keratomileusis.,"[PURPOSE] To evaluate the possible advantages of combination therapy with diquafosol tetrasodium and sodium hyaluronate for dry eye after laser in situ keratomileusis (LASIK). [DESIGN] Prospective randomized comparative trial. [METHODS] A total of 206 eyes of 105 patients who underwent LASIK were enrolled in this study. Patients were randomly assigned to 1 of 4 treatment groups according to the postoperative treatment: artificial tears, sodium hyaluronate, diquafosol tetrasodium, and a combination of hyaluronate and diquafosol. Questionnaire responses reflecting subjective dry eye symptoms, uncorrected and corrected visual acuity, functional visual acuity, manifest refraction, tear break-up time, fluorescein corneal staining, Schirmer test, and corneal sensitivity were examined before and 1 week and 1 month after LASIK. [RESULTS] Distance uncorrected visual acuity was significantly better in the combination group than in the hyaluronate group 1 week and 1 month after LASIK. Near uncorrected visual acuity was significantly better in the combination group than in the artificial tear and diquafosol groups 1 week and 1 month after LASIK. Distance functional visual acuity improved significantly only in the combination group 1 month after LASIK. The Schirmer value in the combination group was significantly higher than that in the hyaluronate group at 1 month after LASIK. Subjective dry eye symptoms in the combination group improved significantly compared with those in the other groups 1 week after surgery. [CONCLUSIONS] Our results suggest that hyaluronate and diquafosol combination therapy is beneficial for early stabilization of visual performance and improvement of subjective dry eye symptoms in patients after LASIK.",RCT,1.0,1.0,0.0,0.98,476.7065029591322,True,
115,31119701,non_RCT,Validation of the Yale Food Addiction Scale 2.0 Among a Bariatric Surgery Population.,"[INTRODUCTION] Addictive eating, a highly debated problematic eating behavior, may contribute to obesity and impede the success of individuals seeking bariatric surgery. The original Yale Food Addiction Scale (YFAS) was validated for use among patients who underwent bariatric surgery; however, the YFAS was revised to reflect changes in substance use criteria in the DSM-5. The purpose of this study was to validate the use of the revised measure, the YFAS 2.0, among patients pursuing bariatric surgery. [METHODS] A retrospective chart review was conducted of 314 patients who underwent pre-surgical psychological evaluation for bariatric surgery. Information gathered included symptoms of addictive eating (YFAS 2.0), emotional eating (Emotional Eating Scale; EES), and a history of substance use and binge eating. [RESULTS] In this sample, 27.3% met criteria for ""food addiction"" according to the YFAS 2.0. Of those, more than half met criteria for severe food addiction. The YFAS 2.0 was related to all factors of the EES: anger/frustration (p < .001); anxiety (p < .001); and depression (p < .001). There was no relationship between the YFAS 2.0 and a history of substance use. The YFAS 2.0 accounted for significant variance in history of binge eating after controlling for emotional eating (p < .001; Exp(B) = 1.30). [CONCLUSIONS] Results were similar to a prior validation of the YFAS among a bariatric population, and the updated YFAS 2.0 may be useful in assessing addictive eating among bariatric surgery candidates to further explore the concept of ""food addiction.""",non_RCT,1.0,0.0,1.0,0.01,643.6259250622243,True,
116,21565820,RCT,"Attempts to reach the oldest and frailest: recruitment, adherence, and retention of urban elderly persons to a falls reduction exercise program.","[PURPOSE OF THE STUDY] To assess the recruitment, adherence, and retention of urban elderly, predominantly African Americans to a falls reduction exercise program. [DESIGN AND METHODS] The randomized controlled trial was designed as an intervention development pilot study. The goal was to develop a culturally sensitive intervention for elderly persons who suffered a fall and visited an emergency department (ED). Participants were taught exercises during 4 on-site group classes and encouraged to continue exercising at home for 12 weeks and attend additional on-site monthly classes. The protocol included a specifically designed intervention for increasing retention through trained community interventionists drawn from the participants' neighborhoods. [RESULTS] The screening of 1,521 ED records after falling yielded the recruitment of 204 patients aged 65 years and older. Half were randomized into the falls prevention program. Of the 102 people in the intervention group, 92 completed the final 6-month assessment, 68 attended all on-site sessions, but only 1 reported exercising at home all 12 weeks. Those who lived alone were more likely (p = .03) and those with symptoms of depression were less likely (p = .05) to attend all on-site exercise classes. The final recruitment rate was estimated as 31.8%. The final retention rates were 90.2% and 87.3% for the intervention and control groups, respectively. [IMPLICATIONS] Recruitment of frail elderly African American patients is resource intensive. Adherence to the on-site exercise classes was better than to the home-based component of the program. These findings have implications for the design of future community-based exercise programs and trials.",RCT,1.0,1.0,0.0,0.98,475.2845778129995,True,
117,25416927,RCT,Influence of a probiotic Lactobacillus casei strain on the colonisation with potential pathogenic streptococci and Staphylococcus aureus in the nasopharyngeal space of healthy men with a low baseline NK cell activity.,"The effect of a daily intake of the probiotic strain Lactobacillus casei Shirota (LcS) on the colonisation of pathogens, specifically streptococci and Staphylococcus aureus, in the nose and throat of healthy human volunteers with low natural killer cell activity, was investigated in a randomised and controlled intervention study. The study consisted of a 2-week run-in phase, followed by a 4-week intervention phase. The probiotic treatment group received a fermented milk drink with LcS, while the placebo group received an equally composed milk drink without the probiotic additive. To isolate potential pathogenic streptococci and Staph. aureus, samples from the pharynx, as well as of both middle nasal meati, were taken, once after the run-in phase and once at the end of the intervention phase. Isolated bacteria were identified as either Staph. aureus and α- or β-haemolytic streptococci in a polyphasic taxonomical approach based on phenotypic tests, amplified ribosomal DNA restriction analysis genotyping, and 16S rRNA gene sequencing of representative strains. Salivary secretory immunoglobulin A (SIgA) was used as marker of protective mucosal immunity to evaluate whether LcS treatment influenced SIgA production. No statistically significant effect could be determined for intervention with LcS on the incidence of Staph. aureus in the nasal space, Staph. aureus in the pharyngeal space or for β-haemolytic streptococci and Streptococcus pneumoniae in the pharyngeal space. Thus, the intervention did not influence the nasopharyngeal colonisation with Gram-positive potential pathogens. Production of salivary SIgA as a potential means of microbiota modulation was also not affected.",RCT,1.0,1.0,0.0,0.97,624.7837929986417,True,
118,26566293,non_RCT,Effective dimension reduction for sparse functional data.,"We propose a method of effective dimension reduction for functional data, emphasizing the sparse design where one observes only a few noisy and irregular measurements for some or all of the subjects. The proposed method borrows strength across the entire sample and provides a way to characterize the effective dimension reduction space, via functional cumulative slicing. Our theoretical study reveals a bias-variance trade-off associated with the regularizing truncation and decaying structures of the predictor process and the effective dimension reduction space. A simulation study and an application illustrate the superior finite-sample performance of the method.",non_RCT,1.0,0.0,1.0,0.01,466.1128132138401,True,
119,22248375,RCT,"Aging, imagery, and the bizarreness effect.","This study examined the bizarre imagery effect in young and older adults, under incidental and intentional conditions. Intentionality was manipulated across experiments, with participants receiving an incidental free recall test in Experiment 1 and an intentional test in Experiment 2. This study also examined the relation between working memory resources and the bizarreness effect. In Experiment 1 young and older adults were presented with common and bizarre sentences; they later received an incidental recall test. There were no age differences in sensitivity to the bizarreness effect in Experiment 1 when ANOVAs were used to analyze the data. However, when the bizarreness effect was examined in terms of effect size, there was evidence that younger adults produced larger bizarreness effect sizes than younger adults. Experiment 2 further explored age differences in sensitivity to the bizarreness effect by presenting young and older adults with bizarre and common sentences under intentional learning conditions. Experiment 2 failed to yield age differences as a function of item type (bizarre vs. common). In addition, Experiment 2 failed to yield significant evidence that the bizarreness effect is modulated by working memory resources. The results of this study are most consistent with the distinctiveness account of the bizarreness effect.",non_RCT,0.98,0.01,0.99,0.03,627.2152299061418,False,
120,27181277,RCT,Cardiovascular autonomic neuropathy in patients with type 2 diabetes.,"[AIMS/INTRODUCTION] Heart rate recovery (HRR) after exercise is considered to be a new index of autonomic dysfunction associated with cardiovascular disease and mortality. The present study aimed to investigate the risk factors of HRR and the effects of exercise on the abnormal HRR in type 2 diabetes. [MATERIALS AND METHODS] A total of 123 type 2 diabetes patients were recruited, and the oral glucose tolerance test and exercise test were carried out to analyze the risk factors associated with abnormal HRR. Among these patients, 42 patients with abnormal HRR were further randomized to either the conventional therapy group (CT group; n = 20) or the intensive therapy group (IT group; n = 22). The CT group patients underwent metformin and diet control, whereas the IT group additionally underwent a combined moderate intensity aerobic and resistance training three times per week for 12 weeks. The results of blood sample analysis and HRR were recorded before and after the training. [RESULTS] Abnormal HRR was related to fasting blood glucose, glycosylated hemoglobin, low-density lipoprotein cholesterol, and resting and maximum heart rates (P < 0.05 for both). After training, the IT group had significantly lower levels of fasting blood glucose, glycosylated hemoglobin and resting heart rate than the CT group (all P < 0.01 or P < 0.005). Significant improvement in HRR and metabolic equivalents was observed in the IT group compared with the CT group (P < 0.05). [CONCLUSIONS] These data suggested that combined aerobic and resistance training improved cardiac autonomic dysfunction as measured by HRR in type 2 diabetes patients. This might be due to better improvement of glycemic control, resting heart rate and physical fitness.",RCT,0.99,1.0,0.0,0.93,541.3034369703382,True,
121,28703621,RCT,Attentional accounting: Voluntary spatial attention increases budget category prioritization.,"Too often, people fail to prioritize the most important activities, life domains, and budget categories. One reason for misplaced priorities, we argue, is that activities and categories people have frequently or recently attended to seem higher priority than other activities and categories. In Experiment 1, participants were cued to direct voluntary spatial attention toward 1 side of a screen while images depicting different budget categories were presented: 1 category on the cued side and 1 on the noncued side of the screen. Participants rated cued budget categories as higher priority than noncued budget categories. Cued attention also increased perceived distinctiveness, and a mediation model was consistent with the hypothesis that distinctiveness mediates the effect of cued attention on prioritization. Experiment 2 orthogonally manipulated 2 components of a spatial cuing manipulation-heightened visual attention and heightened mental attention-to examine how each influences prioritization. Visual attention and mental attention additively increased prioritization. In Experiment 3, attention increased prioritization even when prioritization decisions were incentivized, and even when heightened attention was isolated from primacy and recency. Across experiments, cued categories were prioritized more than noncued categories even though measures were taken to disguise the purpose of the experiments and manipulate attention incidentally (i.e., as a by-product of an unrelated task). (PsycINFO Database Record",non_RCT,0.83,0.08,0.92,0.1,535.8958661090583,False,
122,29685649,non_RCT,Polygenic link between blood lipids and amyotrophic lateral sclerosis.,"Dyslipidemia is common among patients with amyotrophic lateral sclerosis (ALS). We aimed to test the association and causality between blood lipids and ALS, using polygenic analyses on the summary results of genome-wide association studies. Polygenic risk scores (PRSs) based on low-density lipoprotein cholesterol (LDL-C) and total cholesterol (TC) risk alleles were significantly associated with a higher risk of ALS. Using single nucleotide polymorphisms (SNPs) specifically associated with LDL-C and TC as the instrumental variables, statistically significant causal effects of LDL-C and TC on ALS risk were identified in Mendelian randomization analysis. No significant association was noted between PRSs based on triglycerides or high-density lipoprotein cholesterol risk alleles and ALS, and the PRSs based on ALS risk alleles were not associated with any studied lipids. This study supports that high levels of LDL-C and TC are risk factors for ALS, and it also suggests a causal relationship of LDL-C and TC to ALS.",non_RCT,1.0,0.0,1.0,0.01,456.2458270229399,True,
123,32563606,RCT,A phase 2 study of the bivalent VLP norovirus vaccine candidate in older adults; impact of MPL adjuvant or a second dose.,"[INTRODUCTION] Acute norovirus gastroenteritis causes significant morbidity and in uncommon cases fatality in older adults. We investigated the safety and immunogenicity of bivalent virus-like particle (VLP) vaccine candidate formulations with and without monophosphoryl lipid A (adjuvant MPL) in this population. [METHODS] In this phase II, double-blind, controlled trial 294 healthy adults, ≥ 60 years of age, were randomized (1:1:1:1) to four groups to receive one or two intramuscular immunizations 28 days apart, with 26 18-49 year-old controls who received one MPL-free dose. One-dose groups received placebo on Day 1. Vaccine formulations contained 15 μg GI.1 and 50 μg GII.4c VLP antigens and 500 μg Al(OH)3, with or without 15 μg MPL. We measured histo-blood group antigen blocking (HBGA) antibodies and ELISA Ig at Days 1, 8, 29, 57, 211 and 393, and avidity indices and cell-mediated immunity (CMI). Solicited local and systemic adverse events (AE) were assessed for 7 days and unsolicited AEs for 28 days after each injection. [RESULTS] After one dose HBGA antibodies to both VLP antigens increased with similar kinetics and magnitude in all groups; geometric mean titres (GMTs) persisted above baseline through Day 393. GMTs were similar across age strata (18-49, 60-74, 75-84 and ≥ 85 years of age) and unaffected by a second vaccination or MPL. Total Ig showed similar responses. No clinically relevant differences or changes in avidity or CMI were observed between formulations. Both formulations were well tolerated with no vaccine-related SAEs, the most frequent AEs being mild injection site pain and fatigue. [CONCLUSIONS] Adults over 60 years of age displayed no safety concerns and had similar immune responses to the norovirus VLP vaccine candidate as younger adults, unaffected by increasing age, a second dose or inclusion of MPL. This data supports the further development of the MPL-free vaccine candidate for older adults.",RCT,1.0,1.0,0.0,0.99,608.401782810688,True,
124,27156023,non_RCT,Wolbachia Blocks Currently Circulating Zika Virus Isolates in Brazilian Aedes aegypti Mosquitoes.,"The recent association of Zika virus with cases of microcephaly has sparked a global health crisis and highlighted the need for mechanisms to combat the Zika vector, Aedes aegypti mosquitoes. Wolbachia pipientis, a bacterial endosymbiont of insect, has recently garnered attention as a mechanism for arbovirus control. Here we report that Aedes aegypti harboring Wolbachia are highly resistant to infection with two currently circulating Zika virus isolates from the recent Brazilian epidemic. Wolbachia-harboring mosquitoes displayed lower viral prevalence and intensity and decreased disseminated infection and, critically, did not carry infectious virus in the saliva, suggesting that viral transmission was blocked. Our data indicate that the use of Wolbachia-harboring mosquitoes could represent an effective mechanism to reduce Zika virus transmission and should be included as part of Zika control strategies.",non_RCT,1.0,0.0,1.0,0.03,416.6389531455934,True,
125,24772594,RCT,G-suited for prevention of syncope in patients with vasovagal syncope: a pilot study.,"[BACKGROUND] Vasovagal syncope (VVS) represents by far the most common cause of syncope as it is diagnosed in around 50% of all patients that come to an emergency department. Although VVS is not fatal, it can cause an injury. Even serious injuries are not common, but there are reports of serious injuries of up to 5%. There are no current studies that demonstrate the effectiveness of any treatment. Past studies found that an Anti-Gravity suit (G-suit) can increase blood pressure and has been reported to prevent orthostatic hypotension effectively in patients with diabetes. It is possible that the G-suit can prevent VVS. [OBJECTIVE] In the present study, the authors assessed the efficacy of G-suit for vasovagal syncope prevention. [MATERIAL AND METHOD] In this open-label, randomized controlled study, we used the Italian tilt protocol, namely 60 degree passive tilting followed by 0.4 mg nitroglycerin challenge when the passive phase fails to induce syncope. If test was positive, then patient was enrolled. Tilt table test was repeated to compare G-suited and no G-suited to assess efficacy of G-suit for vasovagal syncope prevention. [RESULTS] 10 patients were enrolled. There is no difference between the control group and an experimental group. In this study there is no cardio-inhibition vasovagal syncope. Positive tilt table test occurred in 50% of the patients receiving G-suited and 100% in control group (p 0.133). [CONCLUSION] G-suit is unable to prevent syncope in patients with positive tilt table test but the result is not statistically significant. However, the number of patients may be too small.",RCT,1.0,1.0,0.0,0.9,556.4395000692457,True,
126,31264757,RCT,Body weight management and safety with efpeglenatide in adults without diabetes: A phase II randomized study.,"[AIM] To evaluate the safety of efpeglenatide, a long-acting glucagon-like peptide-1 receptor agonist (GLP-1RA), and its effects on body weight management in adults without diabetes. [MATERIALS AND METHODS] In this phase II, randomized, placebo-controlled, double-blind trial, participants with a body mass index (BMI) ≥30 kg/m2 or ≥27 kg/m2 with comorbidity were randomized 1:1:1:1:1 to efpeglenatide (4 mg once weekly, 6 mg once weekly, 6 mg once every 2 wk, or 8 mg once every 2 wk; n = 237) or placebo (n = 60) in combination with a hypocaloric diet. The primary endpoint was body weight change from baseline after 20 wk of treatment, assessed using a mixed-effect model with repeated measures with an unstructured covariance matrix over all post-screening visits; treatment comparisons were based on least squares mean estimates. [RESULTS] Over 20 wk, all doses of efpeglenatide significantly reduced body weight from baseline versus placebo (P < 0.0001), with placebo-adjusted reductions ranging between -6.3 kg (6 mg once every 2 wk) and -7.2 kg (6 mg once weekly). Greater proportions of efpeglenatide-treated participants had body weight loss of ≥5% or ≥10% versus placebo (P < 0.01, all comparisons). Efpeglenatide led to significant improvements in glycaemic variables (fasting plasma glucose and glycated haemoglobin) and lipid profiles (cholesterol, triglycerides) versus placebo. Rates of study discontinuations as a result of adverse events ranged from 5% to 19% with efpeglenatide. Gastrointestinal effects were the most common treatment-emergent adverse events. [CONCLUSIONS] Efpeglenatide once weekly and once every 2 wk led to significant body weight reduction and improved glycaemic and lipid variables versus placebo. It was also well tolerated for weight management in adults without diabetes.",RCT,1.0,1.0,0.0,0.99,469.8485948611051,True,
127,28485200,RCT,"Assessment of early treatment response by rapid cardiothoracic ultrasound in acute heart failure: Cardiac filling pressures, pulmonary congestion and mortality.","[BACKGROUND] It is unclear how to optimally monitor acute heart failure (AHF) patients. We evaluated the timely interplay of cardiac filling pressures, brain natriuretic peptides (BNPs), lung ultrasound (LUS) and symptoms during AHF treatment. [METHODS] We enrolled 60 patients who had been hospitalised for AHF. Patients were examined with a rapid cardiothoracic ultrasound (CaTUS) protocol, combining LUS and focused echocardiographic evaluation of cardiac filling pressures (i.e. medial E/e' and inferior vena cava index [IVCi]). CaTUS was done at 0, 12, 24 and 48 hours (±3 hours) and on the day of discharge, alongside clinical evaluation and laboratory samples. Patients free of congestion (B lines or pleural fluid) on LUS at discharge were categorised as responders, whereas the rest were categorised as non-responders. Improvement in congestion parameters was evaluated separately in these groups. The effect of congestion parameters on prognosis was also analysed. [RESULTS] Responders experienced a significantly larger decline in E/e' (2.58 vs. 0.38, p = 0.037) and dyspnoea visual analogue scale (1-10) score (7.68 vs. 3.57, p = 0.007) during the first 12 hours of treatment, while IVCi and BNPs declined later without no such rapid initial decline. Among patients experiencing a >3 U decline in E/e' during the first 12 hours of treatment, 18/21 were to become responders ( p < 0.001). LUS response was the only congestion parameter independently predicting both 6-month survival regarding all-cause mortality and the composite endpoint of all-cause mortality or rehospitalisation for AHF. [CONCLUSION] E/e' seemed like the most useful congestion parameter for monitoring early treatment response, predicting prognostically beneficial resolution of pulmonary congestion.",non_RCT,1.0,0.0,1.0,0.02,530.3784939460456,False,
128,29140440,RCT,Cord Metabolic Profiles in Obese Pregnant Women: Insights Into Offspring Growth and Body Composition.,"[Context] Offspring exposed in utero to maternal obesity have an increased risk of later obesity; however, the underlying mechanisms remain unknown. [Objective] To assess the effect of an antenatal lifestyle intervention in obese women on the offspring's cord blood metabolic profile and to examine associations of the cord blood metabolic profile with maternal clinical characteristics and offspring anthropometry at birth and age 6 months. [Design] Randomized controlled trial and cohort study. [Setting] The UK Pregnancies Better Eating and Activity Trial. [Participants] Three hundred forty-four mother-offspring pairs. [Intervention] Antenatal behavioral lifestyle (diet and physical activity) intervention. [Main Outcome Measures] Targeted cord blood metabolic profile, including candidate hormone and metabolomic analyses. [Results] The lifestyle intervention was not associated with change in the cord blood metabolic profile. Higher maternal glycemia, specifically fasting glucose at 28 weeks gestation, had a linear association with higher cord blood concentrations of lysophosphatidylcholines (LPCs) 16.1 (β = 0.65; 95% confidence interval: 0.03 to 0.10) and 18.1 (0.52; 0.02 to 0.80), independent of the lifestyle intervention. A principal component of cord blood phosphatidylcholines and LPCs was associated with infant z scores of birth weight (0.04; 0.02 to 0.07) and weight at age 6 months (0.05; 0.00 to 0.10). Cord blood insulin growth factor (IGF)-1 and adiponectin concentrations were positively associated with infant weight z score at birth and at 6 months. [Conclusions] Concentrations of LPCs and IGF-1 in cord blood are related to infant weight. These findings support the hypothesis that susceptibility to childhood obesity may be programmed in utero, but further investigation is required to establish whether these associations are causally related.",RCT,1.0,1.0,0.0,0.96,523.651336086914,True,
129,29310068,non_RCT,The interaction of trace heavy metal with lipid monolayer in the sea surface microlayer.,"Lipid molecules and trace heavy metals are enriched in sea surface microlayer and can be transferred into the sea spray aerosol. To better understand their impact on marine aerosol generation and evolution, we investigated the interaction of trace heavy metals including Fe3+, Pb2+, Zn2+, Cu2+, Ni2+, Cr3+, Cd2+, and Co2+, with dipalmitoylphosphatidylcholine (DPPC) monolayers at the air-water interface. Phase behavior of the DPPC monolayer on heavy metal solutions was probed with surface pressure-area (π-A) isotherms. The conformation order and orientation of DPPC alkyl chains were characterized by infrared reflection-absorption spectroscopy (IRRAS). The π-A isotherms show that Zn2+ and Fe3+ strongly interact with DPPC molecules, and induce condensation of the monolayers in a concentration-dependent manner. IRRAS spectra show that the formation of cation-DPPC complex gives rise to conformational changes and immobilization of the headgroups. The current results suggest that the enrichment of Zn2+ in sea spray aerosols is due to strong binding to the DPPC film. The interaction of Fe3+ with DPPC monolayers can significantly influence their surface organizations through the formation of lipid-coated particles. These results suggest that the sea surface microlayer is capable of accumulating much higher amounts of these metals than the subsurface water. The organic and metal pollutants may transfer into the atmosphere by this interaction.",non_RCT,1.0,0.0,1.0,0.01,582.4446289334446,True,
130,28895171,non_RCT,Effect of aging and direction of impulse in video head impulse test.,"[OBJECTIVE] The aim of this study was to identify the difference of gain value in the video head impulse test (vHIT) according to the age of the patient and the direction of the impulse. [METHOD] All participants were subjected to vHIT with horizontal semicircular canal (HSCC). vHIT with vertical canal (posterior and anterior semicircular canal [PSCC and ASCC]) additionally was performed in 434 participants. [RESULTS] The mean vestibulo-ocular reflex (VOR) gain was maintained in patients in the HSCC at below 70 years (1.025 ± 0.08) and in the vertical canal at below 80 years (PSCC: 0.965 ± 0.12, ASCC: 0.975 ± 0.14). However, the decrease of VOR gain was significant in patients over 70 years in the HSCC (0.978 ± 0.35, P < .001) and in patients over 80 years in the vertical canal (PSCC: 0.828 ± 0.16, ASCC: 0.851 ± 0.13, P < .001). In addition, a VOR gain of rightward impulse was higher than the leftward impulse, but there was no difference based on the direction of impulse in the vertical impulse test. [CONCLUSION] VOR gain declines with increasing age, over 70 years on the horizontal canal, and over 80 years on the vertical canal. Additionally, horizontal VOR gain of rightward impulse was higher than the leftward impulse in right-eye recordings only, but the vertical canal showed no difference of gain according to the direction of impulse. [LEVEL OF EVIDENCE] 2b. Laryngoscope, 128:E228-E233, 2018.",non_RCT,1.0,0.0,1.0,0.02,543.9046579413116,True,
131,32707701,non_RCT,Policies to Reduce Antibiotic Consumption: The Impact in the Basque Country.,"In 2013, a change in copayment rate was introduced in the Basque Country (one year later than in the other regions in Spain), and improvements were made to drug packaging. In 2014, a National Program Against Bacterial Resistance (Spanish abbreviation: PRAN) was approved. The aim of this study is to analyze the impact of change to the copayment rate, the adjustment of drug packaging, and the approval of PRAN on the consumption of antibiotics. Raw monthly data on the consumption of antibiotics (costs, packages, and daily defined doses per thousand people (DID)) were collected from January 2009 to December 2018 in the Basque Country. Counterfactual and intervention analysis (Autoregressive integrated moving average (ARIMA) model) was performed for the total series, disaggregated by group of antibiotics (2019 WHO Access, Watch, and Reserve (AWaRe) Classification) and active substances with the highest cost per prescription (cefditoren and moxifloxacin), the lowest cost per prescription (doxycycline and cloxacillin), and the most prescribed active ingredients (amoxicillin, azithromycin, and levofloxacin). Introduction of copayment led to a 'stockpiling effect' one month before its implementation, equal to 8% in the three consumption series analyzed. Only the adjustment of drug packaging significantly reduced the number of packages dispensed (-12.19%). PRAN approval reduced consumption by 0.779 DID (-4.51%), representing a significant decrease for both 'access' and 'watch' group antibiotics. Despite the delay in implementing changes to copayment, there was a 'stockpiling effect'. With the adjustment of packaging, fewer packs were prescribed but with a higher drug load and price. PRAN approval reduced both the consumption of 'access group antibiotics' (first-line treatment) and 'watch group antibiotics' (second-line treatment).",non_RCT,1.0,0.0,1.0,0.01,612.0592600200325,True,
132,23691249,non_RCT,Impact of coronary tortuosity on coronary blood supply: a patient-specific study.,"[BACKGROUND] Tortuous coronary arteries are commonly observed in clinical screenings and it may cause a reduction of the coronary pressure. However, whether this reduction leads to significant decreasing in the coronary blood supply is still unknown. The purpose of this study was to investigate the effect of the coronary tortuosity (CT) on the coronary blood supply. [METHOD] A computational fluid dynamics (CFD) study was conducted to evaluate the impact of tortuosity on the coronary blood supply. Two patient-specific left anterior descending coronary artery (LAD) models and the corresponding non-tortuous models were reconstructed to perform three-dimensional CFD analysis. The lumped parameter model was coupled to the outlet of the simulated branches to represent the absent downstream vasculatures. The rest and exercise conditions were modeled by specifying proper boundary conditions. [RESULT] Under resting condition, the mean flow rate could be maintained by decreasing less than 8% of the downstream vascular bed's resistance for tortuous models. While during exercise (maximal dilatation condition), the maximal coronary blood supply would reduce up to 14.9% due to tortuosity. Assuming that the flow rate can be maintained by the auto-regulation effect under the maximal dilatation condition, the distal resistances for CT models still have to reduce more than 23% to maintain blood perfusion. [CONCLUSIONS] Coronary tortuosity has minor influence on coronary blood supply at rest; while during exercise, patients with CT may lack the ability to adjust distal resistance sufficiently to compensate for the extra resistances generated by tortuosity and this may further lead to an ineffective regulation of the blood supply.",non_RCT,1.0,0.0,1.0,0.01,475.91779683716595,True,
133,30339697,non_RCT,Prognostic factors determining poor postsurgical outcomes of mesial temporal lobe epilepsy.,"[OBJECTIVES] To investigate the long-term postoperative outcomes and predictive factors associated with poor surgical outcomes in mesial temporal lobe epilepsy (MTLE). [MATERIALS AND METHODS] We enrolled patients with MTLE who underwent resective surgery at single university-affiliated hospital. Surgical outcomes were determined using a modified Engel classification at the 2nd and 5th years after surgery and the last time of follow-up. [RESULTS] The mean duration of follow-up after surgery was 7.6 ± 3.7 years (range, 5.0-21.0 years). 334 of 400 patients (83.5%) were seizure-free at the 5th postoperative year. Significant predictive factors of a poor outcome at the 5th year were a history of generalized tonic clonic (GTC) seizures (odds ratio, OR; 2.318), bi-temporal interictal epileptiform discharge (IED) (OR; 3.107), bilateral hippocampal sclerosis (HS) (OR; 5.471), unilateral HS and combined extra-hippocampal lesion (OR; 5.029), and bi-temporal hypometabolism (BTH) (OR; 4.438). Bi-temporal IED (hazard ratio, HR; 2.186), BTH (HR; 2.043), bilateral HS (HR; 2.541) and unilateral HS and combined extra-hippocampal lesion (HR; 2.75) were independently associated with seizure recurrence. We performed a subgroup analysis of 208 patients with unilateral HS, and their independent predictors of a poor outcome at the 5th year were BTH (OR; 5.838) and tailored hippocampal resection (OR; 11.053). [CONCLUSION] This study demonstrates that 16.5% of MTLE patients had poor long-term outcomes after surgery. Bilateral involvement in electrophysiological and imaging studies predicts poor surgical outcomes in MTLE patients.",non_RCT,1.0,0.0,1.0,0.01,568.0788969621062,True,
134,31444537,non_RCT,The effects of risk magnitude training on mapping risks on space.,"Risk perception has recently been shown to reveal a mental spatial representation, with people responding faster to low-risk items on the left side, and high-risk items on the right side. Subjective risk perception has a stronger spatial representation than objective risk perception; however, both reveal small effect sizes. With risk magnitude being a new domain within spatial mapping literature, we sought to explore its nuances. Following discussion surrounding the relationship between spatial mapping and level of expertise, this study investigated the effect of training an objective risk magnitude sequence on mental spatial representations. Participants (n = 34) used their left and right hands to indicate whether eight risk stimuli were lower or higher risk than a referent activity, both before and after training. Training involved repetitively learning the objectively correct order of the same eight risk stimuli for approximately 15 min. Pre-training results demonstrated the expected spatial representations. Contrary to our predictions, the spatial representation did not get stronger post-training, but instead disappeared. Previous research has demonstrated a loss of spatial-numerical mappings with increased task load. An increase in post-training reaction times could reflect an increase in task load due to a lack of adequate knowledge of risk stimulus order; thus revealing no mental spatial representation. However, failure to find training effects highlights the flexibility of weaker spatial representations, and supports research demonstrating spatial representation flexibility.",non_RCT,1.0,0.0,1.0,0.04,467.55321393720806,True,
135,30539006,non_RCT,Acetylation of HMGB1 by JNK1 Signaling Promotes LPS-Induced Peritoneal Mesothelial Cells Apoptosis.,"Increased high mobility group box 1 (HMGB1) in dialysis effluence is associated with the presence of peritoneal dialysis-related peritonitis in patients and peritoneal dysfunction in acute peritonitis mice model, but it remains unclear whether HMGB1 is involved in peritoneal mesothelial cell injury and functions via molecular posttranslational modifications by acetylation in this process. Here we first showed correlation between HMGB1 acetylation level in dialysis effluence of patients and occurrence of Gram-negative peritonitis. The increased level of acetylated HMGB1 was similarly observed under the lipopolysaccharides (LPS) treatment in both human peritoneal mesothelial cell line (HMrSV5) and mice visceral peritoneum tissue. Overexpression of wild-type, but not hypoacetylation mutant of HMGB1, enhanced LPS-induced apoptosis in HMrSV5 cells, which was accompanied by elevated protein levels of BAX and cleaved-caspase 3 compared to the control. Pretreatment of HMrSV5 cell with JNK inhibitor attenuated LPS-induced HMGB1 acetylation. Consistently, primary peritoneal mesothelial cells from Jnk1 -/- mice showed a lower protein contents of acetylated HMGB1, fewer apoptosis, and decreased protein expression of BAX and cleaved-caspase3 after LPS exposure, as compared to those from wild-type mice. In conclusion, our data demonstrated HMGB1 promotes LPS-induced peritoneal mesothelial cells apoptosis, which is associated with JNK1-mediated upregulation of HMGB1 acetylation.",non_RCT,1.0,0.0,1.0,0.01,470.86181794293225,True,
136,31769905,non_RCT,An international survey to inform priorities for new guidelines on von Willebrand disease.,"[INTRODUCTION] von Willebrand disease (VWD) is an inherited bleeding disorder caused by a quantitative or qualitative dysfunction of von Willebrand factor. Clinicians, patients and other stakeholders have many questions about the diagnosis and management of the disease. [AIM] To identify topics of highest importance to stakeholders that could be addressed by guidelines to be developed by the American Society of Hematology (ASH), the International Society on Thrombosis and Haemostasis (ISTH), the National Hemophilia Foundation (NHF) and the World Federation of Hemophilia (WFH). [METHODS] A survey to determine and prioritize topics to be addressed in the collaborative development of guidelines for VWD was distributed to international stakeholders including patients, caregivers and healthcare providers (HCPs). Representatives of the four organizations coordinated the distribution strategy. The survey focused on both diagnosis and management of VWD, soliciting 7-point Likert-scale responses and open-ended comments, in English, French and Spanish. We conducted descriptive analysis with comparison of results by stakeholder type, gender and countries' income classification for the rating questions and qualitative conventional content data analysis for the open-ended responses. [RESULTS] A total of 601 participants responded to the survey (49% patients/caregivers and 51% healthcare providers). The highest priority topics identified were diagnostic criteria/classification, bleeding assessment tools and treatment options for women and surgical patients. In contrast, screening for anaemia and differentiating plasma-derived therapy versus recombinant therapies received lower ratings. [CONCLUSION] This survey highlighted areas of importance to a diverse representation of stakeholders in the diagnosis and management of VWD, providing a framework for future guideline development and implementation.",non_RCT,1.0,0.0,1.0,0.01,571.0405230056494,True,
137,21978010,RCT,Engagement of temporal lobe regions predicts response to educational interventions in adolescent struggling readers.,"Brain activation profiles obtained using magnetoencephalography were compared between middle-school students experiencing reading difficulties and non-reading-impaired students during performance of a continuous printed word recognition task. Struggling readers underwent small-group remedial instruction, and students who showed significant gains in word reading efficiency at a one-year follow-up assessment were classified as Adequate Responders whereas those not demonstrating such gains as Inadequate Responders. At baseline, compared to Inadequate Responders, the activation profiles of Adequate Responders featured increased activity in the left middle, superior temporal, and ventral occipitotemporal regions, as well as in the right mesial temporal cortex. The degree of activity in these regions was a significant predictor of improvement in word reading efficiency beyond the prediction afforded by baseline reading accuracy or fluency measures. The engagement of brain areas that typically serve as key components of the brain circuit for reading may be an important factor in predicting response to intervention in older students who experience reading difficulties.",non_RCT,1.0,0.0,1.0,0.03,563.8178961817175,False,
138,28492874,RCT,Peripapillary Retinal Pigment Epithelium Layer Shape Changes From Acetazolamide Treatment in the Idiopathic Intracranial Hypertension Treatment Trial.,"[Purpose] Recent studies indicate that the amount of deformation of the peripapillary retinal pigment epithelium and Bruch's membrane (pRPE/BM) toward or away from the vitreous may reflect acute changes in cerebrospinal fluid pressure. The study purpose is to determine if changes in optic-nerve-head (ONH) shape reflect a treatment effect (acetazolamide/placebo + weight management) using the optical coherence tomography (OCT) substudy of the Idiopathic Intracranial Hypertension Treatment Trial (IIHTT) at baseline, 3, and 6 months. [Methods] The pRPE/BM shape deformation was quantified and compared with ONH volume, peripapillary retinal nerve fiber layer (pRNFL), and total retinal (pTR) thicknesses in the acetazolamide group (39 subjects) and placebo group (31 subjects) at baseline, 3, and 6 months. [Results] Mean changes of the pRPE/BM shape measure were significant and in the positive direction (away from the vitreous) for the acetazolamide group (P < 0.01), but not for the placebo group. The three OCT measures reflecting the reduction of optic disc swelling were significant in both treatment groups but greater in the acetazolamide group (P < 0.01). [Conclusions] Change in the pRPE/BM shape away from the vitreous reflects the effect of acetazolamide + weight management in reducing the pressure differential between the intraocular and retrobulbar arachnoid space. Weight management alone was also associated with a decrease in optic nerve volume/edema but without a significant change in the pRPE/BM shape, implying an alternative mechanism for improvement in papilledema and axoplasmic flow, independent of a reduction in the pressure differential. (ClinicalTrials.gov number, NCT01003639.).",RCT,1.0,1.0,0.0,0.88,546.5822429396212,True,
139,26195664,non_RCT,BLM helicase facilitates telomere replication during leading strand synthesis of telomeres.,"Based on its in vitro unwinding activity on G-quadruplex (G4) DNA, the Bloom syndrome-associated helicase BLM is proposed to participate in telomere replication by aiding fork progression through G-rich telomeric DNA. Single molecule analysis of replicated DNA (SMARD) was used to determine the contribution of BLM helicase to telomere replication. In BLM-deficient cells, replication forks initiating from origins within the telomere, which copy the G-rich strand by leading strand synthesis, moved slower through the telomere compared with the adjacent subtelomere. Fork progression through the telomere was further slowed in the presence of a G4 stabilizer. Using a G4-specific antibody, we found that deficiency of BLM, or another G4-unwinding helicase, the Werner syndrome-associated helicase WRN, resulted in increased G4 structures in cells. Importantly, deficiency of either helicase led to greater increases in G4 DNA detected in the telomere compared with G4 seen genome-wide. Collectively, our findings are consistent with BLM helicase facilitating telomere replication by resolving G4 structures formed during copying of the G-rich strand by leading strand synthesis.",non_RCT,1.0,0.0,1.0,0.01,620.8985401317477,True,
140,25062129,RCT,Contact lens lipid spoliation of hydrogel and silicone hydrogel lenses.,"[PURPOSE] The purpose of the study was to measure contact lens lipid spoliation of silicone hydrogel PureVision (balafilcon A) and hydrogel Acuvue 2 (etafilcon A) contact lenses worn for 10 hours single use (DD) and 7 days of extended wear (EW). [METHODS] Two similar study populations (DD, n = 55; EW, n = 53), were enrolled at four study sites. In each population, a bilateral, randomized, crossover (lens material), subject-masked experimental design was followed. Worn contact lenses were analyzed for lipid uptake using high-performance liquid chromatography by two laboratories: Alcon Laboratories (right lens total uptake) and OTG Research & Consultancy (left lens total uptake and individual lipid classes). [RESULTS] Lipid uptake was different for the two materials: total lipid (p < 0.007), cholesterol esters (p < 0.001), cholesterol (p < 0.001 EW only), and triglycerides/phospholipids (p < 0.001) were higher for balafilcon A, whereas fatty acid (p < 0.0025 EW only) was higher for etafilcon A. The ratio of the extracted lipids was also different: higher percentages of triglycerides/phospholipids (p < 0.001) and cholesterol (p < 0.001 EW only) for balafilcon A and higher percentages of fatty acids/di- and monoglycerides (p < 0.014) for etafilcon A. [CONCLUSIONS] Total lipid uptake was highly material dependent. Both laboratories measured a greater uptake of lipids by the silicone hydrogel than the hydrogel material, a difference that was evident after only 10 hours of DD. Total lipid uptake was greater after 7 days of EW compared with 10 hours of DD. Of interest for contact lens spoliation and its avoidance was the differential lipid uptake profile, indicating material selectivity. Whereas greater differentiation between materials was possible after 7 days of EW for each material, the lipid uptake profile was similar for DD and EW, indicating a greater material effect than a wear modality effect.",RCT,0.98,0.99,0.01,0.81,511.5126909222454,True,
141,22122887,RCT,"Intracoronary compared to intravenous abciximab in patients with ST segment elevation myocardial infarction treated with primary percutaneous coronary intervention reduces mortality, target vessel revascularization and reinfarction after 1 year.","[OBJECTIVES] Administration of the glycoprotein IIb/IIIa inhibitor abciximab to patients with ST segment elevation myocardial infarction (STEMI) undergoing primary percutaneous coronary intervention (pPCI) improves outcome. Data have suggested that an intracoronary (IC) bolus might be superior to the standard intravenous (IV) administration. We have previously reported reduced short-term mortality and need for target vessel revascularization (TVR) with the IC route. We now present long-term data from our randomized trial on IC versus IV abciximab in pPCI-treated STEMI patients. [METHODS] A total of 355 pPCI-treated STEMI patients were randomized to either IC or IV bolus abciximab followed by a 12-hour IV infusion. Patients were followed for 1 year to observe mortality, TVR or myocardial infarction (MI) and the combination of these. [RESULTS] The two treatment arms (IV, n = 170; IC, n = 185) were similar with regard to baseline characteristics. Mortality was reduced from 10% in the IV group to 2.7% in the IC group (p = 0.004). TVR and MI were also reduced with IC administration (TVR: 14.1 vs. 7.6%, p = 0.04; MI: 11.8 vs. 5.4%, p = 0.03). Consequently, patients in the IC treatment arm had a relative risk reduction of 55% for the combined endpoint after 1 year (p = 0.002) compared to the IV treatment arm. [CONCLUSIONS] In pPCI-treated STEMI patients treated with abciximab, IC bolus administration resulted in a significant reduction in mortality, TVR and MI compared to IV bolus administration.",RCT,1.0,1.0,0.0,0.98,594.8469259310514,True,
142,26296603,non_RCT,Multiple-locus variable-number tandem repeat analysis of Leptospira interrogans and Leptospira borgpetersenii isolated from small feral and wild mammals in East Asia.,"Leptospira spp. are the causative agents of a worldwide zoonosis, leptospirosis, maintained by various mammals. Each Leptospira serovar is frequently associated with a particular maintenance host, and recently, Leptospira genotype-host association has also been suggested to limit serovars to restricted areas. We investigated the molecular characteristics of L. interrogans and L. borgpetersenii which were isolated from small feral and wild animals in four East Asian states using multiple-locus variable-number tandem repeat analysis (MLVA). MLVA using 11 loci was performed on 110 L. interrogans serogroups from Japan (79 strains of 5 serogroups from 3 animal species), Philippines (21; 3; 2), Taiwan (7; 2; 3), and Vietnam (3; 1; 1). A MLVA method using 4 loci for L. borgpetersenii was established and performed on 52 isolates from Japan (26; 3; 7), Philippines (13; 1; 2), and Taiwan (13; 1; 3). In L. interrogans, serogroups Autumnalis and Hebdomadis appeared more genetically diverse than serogroups Bataviae, Grippotyphosa, Icterohaemorrhagiae, Pomona, or Pyrogenes. The former serogroup strains with the exception of one Hebdomadis strain were isolated from Apodemus speciosus while all the latter serogroup strains with the exception of Grippotyphosa were isolated from Rattus norvegicus. L. borgpetersenii was isolated from at least 11 animal species while L. interrogans was isolated from five species, which might suggest a wider host range for L. borgpetersenii. Broad host preference in a single genotype was also observed, which colonized not only different species of the same genera but also multiple animal genera. This study demonstrates that there may be variability in the range of genetic diversity among different Leptospira serogroups, which may be attributed to maintenance host animals and environmental factors.",non_RCT,1.0,0.0,1.0,0.01,531.1659870203584,True,
143,30889472,non_RCT,The multiple origins of proteins present in tupanvirus particles.,"In the last few decades, the isolation of amoebae-infecting giant viruses has challenged established principles related to the definition of virus, their evolution, and their particle structures represented by a variety of shapes and sizes. Tupanviruses are one of the most recently described amoebae-infecting viruses and exhibit a peculiar morphology with a cylindrical tail attached to the capsid. Proteomic analysis of purified viral particles revealed that virions are composed of over one hundred proteins with different functions. The putative origin of these proteins had not yet been investigated. Here, we provide evidences for multiple origins of the proteins present in tupanvirus particles, wherein 20% originate from members of the archaea, bacteria and eukarya.",non_RCT,1.0,0.0,1.0,0.01,510.3484462015331,True,
144,24647316,non_RCT,Transrenal E-XL stenting prior to EVAR in the case of abdominal aortic aneurysm associated to proximal aortic neck dissection.,"Chronic dissection of proximal aortic neck is a rare occurrence in patients with abdominal aortic aneurysm (AAA) and a gold standard therapy has not been defined so far. Herein we report two successful cases of an original adjunctive procedure involving the transrenal placement of a self-expanding nitinol stent (E-XL aortic stent, Jotec GmbH, Germany) in order to fix a dissection flap in the aortic neck wall prior to the deployment of the bifurcated endograft. Primary technical success and midterm clinical success was achieved in both cases with freedom from any early or late reintervention. Scheduled follow-up angio-CT scans did not show any Type I endoleak, graft migration or renal/visceral arteries complications. According to these findings, patients with an AAA, presenting with a proximal neck with chronic dissection, can be safely and effectively treated by pre-emptive transrenal E-XL stenting and endovascular aneurysm repair.",non_RCT,1.0,0.0,1.0,0.01,505.34010911360383,True,
145,27175917,RCT,The value of arthroscopy in the treatment of complex ankle fractures - a protocol of a randomised controlled trial.,"[BACKGROUND] An anatomical reconstruction of the ankle congruity is the important prerequisite in the operative treatment of acute ankle fractures. Despite anatomic restoration patients regularly suffer from residual symptoms after these fractures. There is growing evidence, that a poor outcome is related to the concomitant traumatic intra-articular pathology. By supplementary ankle arthroscopy anatomic reduction can be confirmed and associated intra-articular injuries can be treated. Nevertheless, the vast majority of complex ankle fractures are managed by open reduction and internal fixation (ORIF) only. Up to now, the effectiveness of arthroscopically assisted fracture treatment (AORIF) has not been conclusively determined. Therefore, a prospective randomised study is needed to sufficiently evaluate the effect of AORIF compared to ORIF in complex ankle fractures. [METHODS/DESIGN] We perform a randomised controlled trial at Munich University Clinic enrolling patients (18-65 years) with an acute ankle fracture (AO 44 A2, A3, B2, B3, C1 - C3 according to AO classification system). Patients meeting the inclusion criteria are randomised to either intervention group (AORIF, n = 37) or comparison group (ORIF, n = 37). Exclusion criteria are fractures classified as AO type 44 A1 or B1, pilon or plafond-variant injury or open fractures. Primary outcome is the AOFAS Score (American Orthopaedic Foot and Ankle Society). Secondary outcome parameter are JSSF Score (Japanese Society of Surgery of the Foot), Olerud and Molander Score, Karlsson Score, Tegner Activity Scale, SF-12, radiographic analysis, arthroscopic findings of intra-articular lesions, functional assessments, time to return to work/sports and complications. This study protocol is accordant to the SPIRIT 2013 recommendation. Statistical analysis will be performed using SPSS 22.0 (IBM). [DISCUSSION] The subjective and functional outcome of complex ankle fractures is regularly unsatisfying. As these injuries are very common it is essential to improve the postoperative results. Potentially, arthroscopically assisted fracture treatment can significantly improve the outcome by addressing the intra-articular pathologies. Given the absolute lack of studies comparing AORIF to ORIF in complex ankle fractures, this randomised controlled trail is urgently needed to evaluate the effectiveness of additional arthroscopy. [TRIAL REGISTRATION] ClinicalTrials.gov reference: NCT02449096 (Trial registration date: April 7th, 2015).",RCT,0.97,0.99,0.01,0.86,464.49178899638355,True,
146,22429377,non_RCT,Could vital signs predict carbon monoxide intoxication?,"[OBJECTIVE] This retrospective study examined the correlation between carboxy haemoglobin (COHb) levels and vital signs in patients with carbon monoxide (CO) intoxication. [METHODS] Over a 10-year period, patients>16 years of age who presented to the emergency department due to CO intoxication were included. Age, gender, comorbidities, month/year of presentation, presenting symptoms, vital signs, blood pH, COHb level, treatment and outcome were recorded. [RESULTS] In total, 476 patients were included. The mean±SD age was 36.22±13.65 years; 96.4% of the patients had a normal Glasgow Coma Scale score, 91.0% had normal blood pressure and 80.0% had a normal heart rate. COHb levels were stratified into three groups: <10% (n=39), 10-20% (n=106) and >20% (n=205); levels could not be obtained in the remaining 126 patients. In patients with COHb levels>20%, 34 (16.6%) had alkalosis and nine (4.4%) had acidosis. Among patients with COHb levels>20%, 140 (68.3%) had normal vital signs. [CONCLUSIONS] Vital signs cannot be used as a prognostic marker of CO intoxication and, therefore, patients must be monitored closely.",non_RCT,1.0,0.0,1.0,0.01,459.10113700665534,True,
147,25150754,non_RCT,Prevalence of renal artery disease and its prognostic significance in patients undergoing coronary bypass grafting.,"Several studies demonstrated the prognostic importance of renal failure and peripheral artery disease in patients undergoing coronary artery bypass grafting (CABG), but data regarding the prognostic value of renal artery disease in this context are scarce. We aimed to study the prevalence and prognostic value of renal artery disease in patients undergoing CABG. We assessed by duplex ultrasound the renal arteries of 429 consecutive patients who underwent CABG, of whom 401 had satisfactory imaging quality to detect >60% renal artery stenosis (RAS) and/or an elevated resistive index (ERI>0.80). Of the 401 subjects included (age 68±10 years, 83% men), 40 (10%) had RAS and 35 (9%) had ERI. Nine patients (2.2%) had both conditions. Patients were followed up for 12.4±7.0 months. The primary outcome was composite, including 30-day death, stroke, and/or myocardial infarction. In a multivariate model adjusted for age, gender, cardiovascular (CV) risk factors, renal function, chronic obstructive pulmonary disease, the use of off-pump CABG, CV co-morbidities, and drugs, the presence of ERI was strongly associated with the occurrence of the composite outcome (odds ratio 4.3, 95% confidence interval 1.7 to 9.9, p=0.0006). Similarly, ERI, not RAS, was significantly associated with the 30-day acute kidney disease and the midterm mortality, as well as fatal and nonfatal CV events. In conclusion, regardless of renal function and other factors, the renal resistive index is a strong predictor of CV and renal events after CABG. Renal duplex ultrasound can identify a subgroup of patients at high risk of CABG.",non_RCT,1.0,0.0,1.0,0.02,532.3998900130391,True,
148,21321086,RCT,"A phase II, multicenter, open-label randomized study of motesanib or bevacizumab in combination with paclitaxel and carboplatin for advanced nonsquamous non-small-cell lung cancer.","[BACKGROUND] This phase II study estimated the difference in objective response rate (ORR) among patients with advanced nonsquamous non-small-cell lung cancer (NSCLC) receiving paclitaxel-carboplatin (CP) plus motesanib or bevacizumab. [PATIENTS AND METHODS] Chemotherapy-naive patients (N = 186) were randomized 1:1:1 to receive CP plus motesanib 125 mg once daily (qd) (arm A), motesanib 75 mg twice daily (b.i.d.) 5 days on/2 days off (arm B), or bevacizumab 15 mg/kg every 3 weeks (q3w) (arm C). The primary end point was ORR (per RECIST). Other end points included progression-free survival (PFS), overall survival (OS), motesanib pharmacokinetics, and adverse events (AEs). [RESULTS] ORRs in the three arms were as follows: arm A, 30% (95% confidence interval 18% to 43%); arm B, 23% (13% to 36%); and arm C, 37% (25% to 50%). Median PFS in arm A was 7.7 months, arm B 5.8 months, and arm C 8.3 months; median OS for arm A was 14.0 months, arm B 12.8 months, and arm C 14.0 months. Incidence of AEs was greater in arms A and B than in arm C. More grade 5 AEs not attributable to disease progression occurred in arm B (n = 10) than in arms A (n = 4) and C (n = 4). Motesanib plasma C(max) and C(min) values were consistent with its pharmacokinetic properties observed in previous studies. [CONCLUSIONS] The efficacy of 125 mg qd motesanib or bevacizumab plus CP was estimated to be comparable. Toxicity was higher but manageable in both motesanib arms. Efficacy and tolerability of motesanib 125 mg qd plus CP in advanced nonsquamous NSCLC are being further investigated in a phase III study.",RCT,1.0,1.0,0.0,0.99,544.2288601770997,True,
149,23256739,non_RCT,The genetic basis for interindividual immune response variation to measles vaccine: new understanding and new vaccine approaches.,"The live-attenuated measles vaccine is effective, but measles outbreaks still occur in vaccinated populations. This warrants elucidation of the determinants of measles vaccine-induced protective immunity. Interindividual variability in markers of measles vaccine-induced immunity, including neutralizing antibody levels, is regulated in part by host genetic factor variations. This review summarizes recent advances in our understanding of measles vaccine immunogenetics relative to the perspective of developing better measles vaccines. Important genetic regulators of measles vaccine-induced immunity, such as HLA class I and HLA class II genotypes, single nucleotide polymorphisms in cytokine/cytokine receptor genes (IL12B, IL12RB1, IL2, IL10) and the cell surface measles virus receptor CD46 gene, have been identified and independently replicated. New technologies present many opportunities for identification of novel genetic signatures and genetic architectures. These findings help explain a variety of immune response-related phenotypes and promote a new paradigm of 'vaccinomics' for novel vaccine development.",non_RCT,1.0,0.0,1.0,0.02,638.1534619722515,True,
150,24421621,non_RCT,Conservative physical therapy management for the treatment of cervicogenic headache: a systematic review.,"[PURPOSE] The purpose of this systematic review was to assess the effectiveness of conservative physical therapy management of cervicogenic headache (CGH). [INTRODUCTION] CGH affects 22-25% of the adult population with females being four times more affected than men. CGHs are thought to arise from musculoskeletal impairments in the neck with symptoms most commonly consisting of suboccipital neck pain, dizziness, and lightheadedness. Currently, both invasive and non-invasive techniques are available to address these symptoms; however, the efficacy of non-invasive treatment techniques has yet to be established. [METHODS] Computerized searches of CINAHL, ProQuest, PubMed, MEDLINE, and SportDiscus, were performed to obtain a qualitative analysis of the literature. Inclusion criteria were: randomized controlled trial design, population diagnosed with CGH using the International Headache Society classification, at least one baseline measurement and one outcomes measure, and assessment of a conservative technique. Physiotherapy evidence-based database scale was utilized for quality assessment. [RESULTS] One computerized database search and two hand searches yielded six articles. Of the six included randomized controlled trials, all were considered to be of 'good quality' utilizing the physiotherapy evidence-based database scale. The interventions utilized were: therapist-driven cervical manipulation and mobilization, self-applied cervical mobilization, cervico-scapular strengthening, and therapist-driven cervical and thoracic manipulation. With the exception of one study, all reported reduction in pain and disability, as well as improvement in function. [CONCLUSION] Calculated effect sizes allowed comparison of intervention groups between studies. A combination of therapist-driven cervical manipulation and mobilization with cervico-scapular strengthening was most effective for decreasing pain outcomes in those with CGH.",non_RCT,0.86,0.07,0.93,0.17,551.4988149516284,True,
151,21155613,non_RCT,"Use of recombinant human parathyroid hormone(1-84) in patients with postmenopausal osteoporosis: a prospective, open-label, single-arm, multicentre, observational cohort study of the effects of treatment on quality of life and pain--the PROPOSE study.","[BACKGROUND AND OBJECTIVE] Osteoporosis is a progressive bone disorder. Its medical therapy typically involves calcium, vitamin D and antiresorptive drugs. The anabolic parathyroid hormones (PTHs) represent a major advance since they stimulate new bone formation. Two forms of recombinant human PTH (rhPTH) have been evaluated: the 34-amino acid fragment rhPTH(1-34) and the intact 84-amino acid form rhPTH(1-84), the latter being marketed as Preotact®. Osteoporosis leads to increased bone fragility and susceptibility to fracture. Additionally, the disease is often accompanied by pain and a reduced quality of life (QOL). These aspects have rarely been addressed in previously published studies of PTH, which have instead focused on bone density and fractures. The aim of the present study was to evaluate therapy with rhPTH(1-84) in the treatment of osteoporosis in postmenopausal women under everyday practice conditions with emphasis on patients' QOL and pain. [METHODS] The study was performed as a prospective, open-label, single-arm, multicentre, observational cohort study that included postmenopausal women in whom treatment with rhPTH(1-84) was newly initiated. Patients were to be treated with rhPTH(1-84) for 12 months at a dose of 100 μg, administered once daily as a subcutaneous injection. The primary efficacy endpoint was the total score on the Quality of Life Questionnaire of the European Foundation for Osteoporosis, 41-item version (QUALEFFO-41). Secondary efficacy criteria were QUALEFFO-41 subscale scores, patients' assessments of pain on visual analogue scales (range 0-100), and performance on the chair rising test. [RESULTS] 112 patients were included in the safety and in the intent-to-treat (ITT) efficacy analyses. Sixty-six patients finished the 1-year period (per-protocol group). All ITT patients were female with a mean age of 72 years and a mean duration of osteoporosis of 73 months. During the study, all QUALEFFO-41 scales improved significantly: in the ITT group, the mean total score improved from 49.8 to 41.3 points. In the ITT population, mean pain at rest improved significantly by about 20% and mean pain on movement by about 36%. When patients who took at least one dose of pain medication were compared with those who took no pain medication during the study, it was evident that pain reduction did not occur only as a result of taking pain medication: use of rhPTH(1-84) was associated with a similar pain reduction in both subgroups. The most frequent adverse events (AEs) were hypercalcaemia (12.5% of patients) and nausea and vomiting (10.7% of patients). AEs caused 16% of patients to discontinue during the 12-month study period. [CONCLUSION] This 12-month study carried out in a typical sample of postmenopausal women with osteoporosis showed that treatment with rhPTH(1-84) is safe. The present study, which is one of the first to investigate QOL and pain during PTH treatment systematically, also showed that rhPTH(1-84) improves QOL and reduces pain, thereby reducing the burden of osteoporotic symptoms for patients. These results, however, need to be verified in a controlled clinical trial. [ClinicalTrials.gov Identifier: NCT00515593].",non_RCT,1.0,0.0,1.0,0.02,598.0341311078519,True,
152,28778281,RCT,Effects of high progesterone level on the day of human chorionic gonadotrophin administration in in vitro fertilization cycles on epigenetic modification of endometrium in the peri-implantation period.,"[OBJECTIVE] To investigate the effects of high P level on the day of hCG administration in IVF cycles on epigenetic modifications of endometrium in the peri-implantation period. [DESIGN] Retrospective study. [SETTING] University assisted reproductive unit. [PATIENT(S)] Forty patients were recruited: 20 women with high P levels were compared with 20 women with normal P levels. [INTERVENTION(S)] Endometrial tissues were collected 7 days after hCG administration in women with normal or high P levels on the day of hCG administration. Immunohistochemical staining of DNA methylation (5-methylcytosine, 5-mC), histone methylation (H3K4me2/3, H3K9me2, H3K27me3), and histone acetylation (H3K4ac, H3K9ac) was performed. [MAIN OUTCOME MEASURE(S)] A semiquantitative analysis was performed in the luminal epithelium, glandular epithelium, and stroma, separately. Correlations between P, estrogen levels, and epigenetic markers were compared. [RESULT(S)] In luminal epithelium, the expression of H3K9me2 in the high P group was significantly higher than that in the normal P group. In glandular epithelium, the expression of 5-mC, H3K9me2, and H3K9ac in the high P group was significantly higher than that in the normal P group. In stroma, the expression of H3K27me3 in the high P group was significantly higher than that in the normal P group. Expression of 5-mC in glandular epithelium, H3k9me2 in glandular and luminal epithelium, and H3K27me3 in stroma was significantly correlated with P levels. H3k9me2 in glandular epithelium was significantly correlated with estrogen levels. [CONCLUSION(S)] High P level on the day of hCG administration in IVF cycles affects epigenetic modifications in three compartments of endometrium in the peri-implantation period. The epigenetic markers' expression was mainly correlated with P level. The altered epigenetic modification status in the endometrium may disrupt the endometrial receptivity in women with high P on the day of hCG administration.",non_RCT,1.0,0.0,1.0,0.01,547.5246491841972,False,
153,25260838,RCT,"Pasireotide versus continued treatment with octreotide or lanreotide in patients with inadequately controlled acromegaly (PAOLA): a randomised, phase 3 trial.","[BACKGROUND] Many patients with acromegaly do not achieve biochemical control despite receiving high doses of the first-generation somatostatin analogues octreotide or lanreotide. In the PAOLA trial, we aimed to assess the efficacy and safety of two different doses of the somatostatin analogue pasireotide long-acting release compared with active control (octreotide or lanreotide) in patients with inadequately controlled acromegaly. [METHODS] In a multicentre, randomised, phase 3 trial, we enrolled eligible patients aged 18 years or older with acromegaly who were inadequately controlled (5-point, 2 h mean growth hormone concentration >2·5 μg/L and insulin-like growth factor 1 [IGF-1] concentration >1·3 times the upper normal limit) and had received 30 mg octreotide long-acting repeatable or 120 mg lanreotide (Somatuline Autogel; Ipsen, UK) as monotherapy for 6 months or longer. We randomly assigned patients in a 1:1:1 ratio with an interactive voice-web response system to receive 40 mg pasireotide long-acting release once every 28 days for 24 weeks, 60 mg pasireotide long-acting release once every 28 days for 24 weeks, or continued treatment with octreotide or lanreotide (active control). Patients were stratified according to previous treatment (octreotide or lanreotide) and growth hormone concentrations at screening (2·5-10 μg/L and >10 μg/L). Patients and study investigators were not masked to study drug assignment but were masked to pasireotide dose allocation. The primary endpoint was number of patients achieving biochemical control, defined as mean growth hormone concentration less than 2·5 μg/L and normalised IGF-1 concentration. Efficacy analyses were based on intention to treat. This trial is registered with ClinicalTrials.gov, number NCT01137682. [FINDINGS] Between Dec 17, 2010, and Aug 6, 2012, 198 patients were enrolled and randomly assigned to pasireotide 40 mg (n=65), pasireotide 60 mg (n=65), or active control (n=68) groups. At 24 weeks, ten (15%) patients in the pasireotide 40 mg group and 13 (20%) patients in the pasireotide 60 mg group achieved biochemical control, compared with no patients in the active control group (absolute difference from control group 15·4%, 95% CI 7·6-26·5, p=0·0006 for pasireotide 40 mg group, 20·0%, 11·1-31·8, p<0·0001 for pasireotide 60 mg group). The most common adverse events were hyperglycaemia (21 [33%] for treatment with 40 mg pasireotide, 19 [31%] with 60 mg pasireotide, and nine [14%] with active control), diabetes (13 [21%], 16 [26%], and five [8%]), and diarrhoea (ten [16%], 12 [19%], and three [5%]); most were grade 1 or 2 in severity. Serious adverse events were reported in six (10%) patients in the pasireotide 40 mg group, two (3%) in the pasireotide 60 mg group, and three (5%) in the active control group. [INTERPRETATION] Pasireotide provides superior efficacy compared with continued treatment with octreotide or lanreotide, and could become the new standard pituitary-directed treatment in patients with acromegaly who are inadequately controlled using first-generation somatostatin analogues. [FUNDING] Novartis Pharma AG. Financial support for medical editorial assistance was provided by Novartis Pharmaceuticals Corporation.",RCT,1.0,1.0,0.0,0.99,593.8189029693604,True,
154,31581523,RCT,"A Prospective Study Evaluating the Effects of a Nutritional Supplement Intervention on Cognition, Mood States, and Mental Performance in Video Gamers.","Cognitive function is critical for successful prolonged performance in eSports. This double-blind placebo-controlled study examined the effect of an inositol-enhanced arginine silicate oral supplement on cognitive performance and energy in eSports athletes. Sixty healthy men and women who spent 5 or more hours a week playing video games were randomly assigned to take supplement or placebo for 7 days. On day 1 and 7, before and 15 min after dosing, subjects completed the Trail Making Test (TMT), Parts A and B; Stroop Test; and Profile of Mood States (POMS) questionnaire, and then played a video game for 60 min. Immediately after, cognitive tests were repeated. Self-reported energy levels increased, anger decreased, and TMT-B test errors decreased in the supplement group compared to placebo (p < 0.05). Fatigue, TMT-B time, and TMT B-A score improved in the supplement group compared to baseline (p < 0.05). After 60 min of gaming, supplementation decreased Stroop Test errors and TMT-A time (p < 0.05). Adverse events were minimal and not different between groups. These data appear to support the use of the studies product (nooLVL®) in eSports gamers looking to improve their accuracy, decision making, and reaction time during gaming.",RCT,1.0,1.0,0.0,0.98,529.4576568994671,True,
155,25099181,non_RCT,Chromogranin A is a reliable serum diagnostic biomarker for pancreatic neuroendocrine tumors but not for insulinomas.,"[BACKGROUND] Pancreatic neuroendocrine tumors (PNETs) are a group of rare tumors. Chromogranin A (CgA) was considered as the most practical and useful serum tumor marker in PNET patients. But peripheral blood levels of CgA are not routinely tested in Chinese patients with PNETs. This study was to assess the diagnostic value of CgA in Chinese patients with PNETs especially in patients with insulinomas. [METHODS] Eighty-nine patients with PNETs including 57 insulinomas and 32 non-insulinoma PNETs as well as 86 healthy participants were enrolled in this study between September 2003 and June 2013. Serum levels of CgA were measured by ELISA method. Expression of CgA protein was detected in 26 PNET tissues including 14 insulinomas by immunohistochemical staining. [RESULTS] Serum levels of CgA in 89 PNET patients were significantly higher than that in healthy controls (P = 7.2 × 10-9). Serum levels of CgA in 57 patients with insulinomas (median 64.8 ng/ml, range 25-164) were slightly higher than the levels in healthy controls (median 53.4 ng/ml, range 39-94) but much lower than the levels in 32 patients with non-insulinoma PNETs (median 193 ng/ml, range 27-9021), P = 0.001. The serum CgA levels were reduced in 16 of 17 patients with insulinomas after tumor resection. ROC curve showed that CgA values at 60 ng/ml distinguished patients with insulinomas from healthy controls but its sensitivity and specificity were 66.7% and 73.3%, respectively. In contrast, CgA values at 74 ng/ml distinguished patients with non-insulinoma PNETs from healthy controls, and the sensitivity and specificity were 65.6% and 91.9%, respectively. Except for two insulinomas with negative staining of CgA, 12 insulinoma tissues showed positive staining of CgA. [CONCLUSION] CgA is a reliable serum diagnostic biomarker for PNETs but not for insulinomas.",non_RCT,1.0,0.0,1.0,0.01,576.6904628835618,True,
156,29761751,RCT,Long-term clinical and cost-effectiveness of collaborative care (versus usual care) for people with mental-physical multimorbidity: cluster-randomised trial.,"[BACKGROUND] Collaborative care can support the treatment of depression in people with long-term conditions, but long-term benefits and costs are unknown.AimsTo explore the long-term (24-month) effectiveness and cost-effectiveness of collaborative care in people with mental-physical multimorbidity. [METHOD] A cluster randomised trial compared collaborative care (integrated physical and mental healthcare) with usual care for depression alongside diabetes and/or coronary heart disease. Depression symptoms were measured by the symptom checklist-depression scale (SCL-D13). The economic evaluation was from the perspective of the English National Health Service. [RESULTS] 191 participants were allocated to collaborative care and 196 to usual care. At 24 months, the mean SCL-D13 score was 0.27 (95% CI, -0.48 to -0.06) lower in the collaborative care group alongside a gain of 0.14 (95% CI, 0.06-0.21) quality-adjusted life-years (QALYs). The cost per QALY gained was £13 069. [CONCLUSIONS] In the long term, collaborative care reduces depression and is potentially cost-effective at internationally accepted willingness-to-pay thresholds.Declaration of interestNone.",RCT,1.0,1.0,0.0,0.98,476.33984312415123,True,
157,22142641,non_RCT,Detection and mass spectrometric characterization of novel long-term dehydrochloromethyltestosterone metabolites in human urine.,"The biotransformation of dehydrochloromethyltestosterone (DHCMT, 4-chloro-17β-hydroxy,17α-methylandrosta-1,4-dien-3-one) in man was studied with the aim to discover long-term metabolites valuable for the antidoping analysis. Having applied a high performance liquid chromatography for the fractionation of urinary extract obtained from the pool of several DHCMT positive urines, about 50 metabolites were found. Most of these metabolites were included in the GC-MS/MS screening method, which was subsequently applied to analyze the post-administration and routine doping control samples. As a result of this study, 6 new long-term metabolites were identified tentatively characterized using GC-MS and GC-MS/MS as 4-chloro-17α-methyl-5β-androstan-3α,16,17β-triol (M1), 4-chloro-18-nor-17β-hydroxymethyl,17α-methyl-5β-androsta-1,13-dien-3α-ol (M2), 4-chloro-18-nor-17β-hydroxymethyl,17α-methyl-5β-androst-13-en-3α-ol (M3), its epimer 4-chloro-18-nor-17α-hydroxymethyl,17β-methyl-5β-androst-13-en-3α-ol, 4-chloro-18-nor-17β-hydroxymethyl,17α-methylandrosta-4,13-dien-3α-ol (M4) and its epimer 4-chloro-18-nor-17α-hydroxymethyl,17β-methylandrosta-4,13-dien-3α-ol. The most long-term metabolite M3 was shown to be superior in the majority of cases to the other known DHCMT metabolites, such as 4-chloro-18-nor-17β-hydroxymethyl,17α-methylandrosta-1,4,13-trien-3-one and 4-chloro-3α,6β,17β-trihydroxy-17α-methyl-5β-androst-1-en-16-one.",non_RCT,1.0,0.0,1.0,0.01,497.66889796592295,True,
158,32780139,RCT,"Effect of High Add Power, Medium Add Power, or Single-Vision Contact Lenses on Myopia Progression in Children: The BLINK Randomized Clinical Trial.","[Importance] Slowing myopia progression could decrease the risk of sight-threatening complications. [Objective] To determine whether soft multifocal contact lenses slow myopia progression in children, and whether high add power (+2.50 D) slows myopia progression more than medium (+1.50 D) add power lenses. [Design, Setting, and Participants] A double-masked randomized clinical trial that took place at 2 optometry schools located in Columbus, Ohio, and Houston, Texas. A total of 294 consecutive eligible children aged 7 to 11 years with -0.75 D to -5.00 D of spherical component myopia and less than 1.00 D astigmatism were enrolled between September 22, 2014, and June 20, 2016. Follow-up was completed June 24, 2019. [Interventions] Participants were randomly assigned to wear high add power (n = 98), medium add power (n = 98), or single-vision (n = 98) contact lenses. [Main Outcomes and Measures] The primary outcome was the 3-year change in cycloplegic spherical equivalent autorefraction, as measured by the mean of 10 autorefraction readings. There were 11 secondary end points, 4 of which were analyzed for this study, including 3-year eye growth. [Results] Among 294 randomized participants, 292 (99%) were included in the analyses (mean [SD] age, 10.3 [1.2] years; 177 [60.2%] were female; mean [SD] spherical equivalent refractive error, -2.39 [1.00] D). Adjusted 3-year myopia progression was -0.60 D for high add power, -0.89 D for medium add power, and -1.05 D for single-vision contact lenses. The difference in progression was 0.46 D (95% CI, 0.29-0.63) for high add power vs single vision, 0.30 D (95% CI, 0.13-0.47) for high add vs medium add power, and 0.16 D (95% CI, -0.01 to 0.33) for medium add power vs single vision. Of the 4 secondary end points, there were no statistically significant differences between the groups for 3 of the end points. Adjusted mean eye growth was 0.42 mm for high add power, 0.58 mm for medium add power, and 0.66 mm for single vision. The difference in eye growth was -0.23 mm (95% CI, -0.30 to -0.17) for high add power vs single vision, -0.16 mm (95% CI, -0.23 to -0.09) for high add vs medium add power, and -0.07 mm (95% CI, -0.14 to -0.01) for medium add power vs single vision. [Conclusions and Relevance] Among children with myopia, treatment with high add power multifocal contact lenses significantly reduced the rate of myopia progression over 3 years compared with medium add power multifocal and single-vision contact lenses. However, further research is needed to understand the clinical importance of the observed differences. [Trial Registration] ClinicalTrials.gov Identifier: NCT02255474.",RCT,1.0,1.0,0.0,0.99,490.83779100328684,True,
159,21607966,RCT,Electrodiagnostic consultation and identification of neuromuscular conditions in persons with diabetes.,"[INTRODUCTION] Although the American Association of Neuromuscular and Electrodiagnostic Medicine recommends that electrodiagnostic procedures should be performed by physicians with specialty training, these procedures are increasingly being performed by non-specialists. [METHODS] We used a nationally representative sample of Medicare beneficiaries with diabetes who used electrodiagnostic services in 2006 to examine whether specialists and non-specialists were different in the rates of identifying common neuromuscular conditions. [RESULTS] Specialists (neurologists and physiatrists) performed 62% of electrodiagnostic consultations; non-specialist physicians and non-physicians performed 31% and 5%, respectively. After adjusting for age, race/ethnicity, diabetes severity, and comorbidities, specialists were 1.26-9 times more likely than non-physicians to diagnose polyneuropathy, lumbosacral radiculopathy, cervical radiculopathy, carpal tunnel syndrome, and ulnar neuropathy. Almost 80% of electrodiagnostic studies performed by specialists included electromyography testing; fewer than 13% by non-specialists did. [CONCLUSIONS] Inadequate use of electromyography and fewer specific diagnoses suggest that many non-specialists perform insufficiently comprehensive electrodiagnostic studies.",non_RCT,1.0,0.0,1.0,0.01,617.7031770348549,False,
160,26835974,RCT,"Immunogenicity, Tolerability and Safety in Adolescents of Bivalent rLP2086, a Meningococcal Serogroup B Vaccine, Coadministered with Quadrivalent Human Papilloma Virus Vaccine.","[BACKGROUND] This study in healthy adolescents (11 to <18 years) evaluated coadministration of quadrivalent human papillomavirus vaccine (HPV-4), with bivalent rLP2086, a meningococcal serogroup B (MnB) vaccine. [METHODS] Subjects received bivalent rLP2086 + HPV-4, bivalent rLP2086 + saline or saline + HPV-4 at 0, 2 and 6 months. Immune responses to HPV-4 antigens were assessed 1 month after doses 2 and 3. Serum bactericidal assays using human complement (hSBAs) with 4 MnB test strains expressing vaccine-heterologous human complement factor H binding protein (fHBP) variants determined immune responses to bivalent rLP2086. Coprimary objectives were to demonstrate noninferior immune responses with concomitant administration compared with either vaccine alone. Additional endpoints included the proportions of subjects achieving prespecified protective hSBA titers to all 4 MnB test strains (composite response) and ≥4-fold increases in hSBA titer from baseline for each test strain after dose 3; these endpoints served as the basis of licensure of bivalent rLP2086 in the US. [RESULTS] The noninferiority criteria were met for all MnB test strains and HPV antigens except HPV-18; ≥99% of subjects seroconverted for all 4 HPV antigens. Bivalent rLP2086 elicited a composite response in >80% of subjects and increased hSBA titers ≥4-fold in ≥77% of subjects for each test strain after dose 3. A substantial bactericidal response was also observed in a large proportion of subjects after dose 2. Local reactions and systemic events did not increase with concomitant administration. [CONCLUSIONS] Concomitant administration of bivalent rLP2086 and HPV-4 elicits robust immune responses to both vaccines without increasing reactogenicity compared with bivalent rLP2086 alone. Concurrent administration may increase compliance with both vaccine schedules.",RCT,0.94,0.97,0.03,0.67,476.60119319334626,True,
161,25832789,non_RCT,Enhancing fermentable sugar yield from cassava pulp for bioethanol production: microwave-coupled enzymatic hydrolysis approach.,"Cassava pulp, a potential biological feedstock for ethanol production has been subjected to microwave-assisted alkali pretreatment and microwave-coupled enzymatic hydrolysis. Microwave pretreatment may be a good alternative as it can reduce the pretreatment time and improve the enzymatic activity during hydrolysis. Liquid to solid ratio for the pretreatment of cassava pulp was found to be 20:1. Cassava pulp was pretreated at various NaOH concentration, microwave temperature and gave maximum yield of reducing sugar with 1.5% NaOH at 90 °C in 30 min than conventional alkali pretreatment after enzymatic hydrolysis. The subsequent enzymatic saccharification of pretreated cassava pulp using α amylase dosage of 400 IU at microwave temperature of 90 °C resulted in highest reducing sugar yield of 723 mg/g pulp. Microwave-assisted alkali pretreatment improved the enzymatic saccharification of cassava pulp by increasing its accessibility to hydrolytic enzymes. Microwave-assisted alkali pretreatment and microwave-coupled enzymatic hydrolysis are found to be efficient for improving the yield of reducing sugar.",non_RCT,1.0,0.0,1.0,0.01,580.303531140089,True,
162,26863870,RCT,Explanations and information-giving: clinician strategies used in talking to parents of preterm infants.,"[BACKGROUND] The study is part of a larger research programme on neonatal brain imaging in the trial element of which parents were randomised to receive prognostic information based upon either magnetic resonance imaging (MRI) or ultrasound findings (ePrime study). The aim of this study was to investigate the strategies used by clinicians in communicating with parents following imaging at term age of the brain of preterm infants born before 33 weeks gestation, focusing on explanations and information-giving about prognosis  [METHOD] Audio recordings of discussions between parents and clinicians were made following MRI and ultrasound assessment. Parents were given the scan result and the baby's predicted prognosis. A framework was developed based on preliminary analysis of the recordings and findings of other studies of information-giving in healthcare. Communication of scan results by the clinicians was further explored in qualitative analysis with 36 recordings using NVivo 10 and the specifically developed framework. Emerging themes and associated sub-themes were identified. [RESULTS] The ways in which clinicians gave information and helped parents to understand were identified. Within the over-arching theme of clinician strategies a wide range of approaches were used to facilitate parental understanding. These included orienting, checking on previously acquired information, using analogies, explaining terminology, pacing the information, confirming understanding, inviting clarification, answering parents' questions and recapping at intervals. Ultimately four key themes were identified: 'Framing the information-giving', 'What we are looking at', 'Presenting the numbers and explaining the risk' and 'Appreciating the position of parents'. [CONCLUSIONS] The interviews represent a multifaceted situation in which there is a tension between the need to explain and inform and the inherent complexity of neurological development, potential problems following preterm birth and the technology used to investigate and monitor these.",non_RCT,0.15,0.43,0.57,0.51,521.841379115358,False,
163,25241623,non_RCT,"Heavy alcohol use, marijuana use, and concomitant use by adolescents are associated with unique and shared cognitive decrements.","To assess recovery of cognitive effects, we investigated neuropsychological performance after 1 month of monitored abstinence in teens with histories of heavy episodic drinking, protracted marijuana use, or concomitant use of alcohol and marijuana. Adolescents (ages 16-18 years) with histories of heavy episodic drinking (HED; n=24), marijuana use (MJ; n=20), both heavy alcohol and marijuana use (HED+MJ; n=29), and socio-demographically similar control teens (CON; n=55) completed a neuropsychological battery following 4 weeks of monitored abstinence. Groups were similar on 5th grade standardized test scores, suggesting comparable academic functioning before onset of substance use. Relative to CON, HED showed poorer cognitive flexibility (p=.006), verbal recall (p=.024), semantic clustering (p=.011), and reading skills (p=.018). MJ performed worse than CON on inhibition task accuracy (p=.015), cued verbal memory (p=.031), and psychomotor speed (p=.027). Similar to HED youth, HED+MJ showed differences relative to CON on cognitive flexibility (p=.024) and verbal recall (p=.049). As with MJ teens, HED+MJ showed poorer task accuracy (p=.020). Unique to the HED+MJ group was poorer working memory (p=.012) relative to CON. For all substance using participants, worse performance across domains correlated with more lifetime use of alcohol and of marijuana, more withdrawal symptoms from alcohol, and earlier age of onset of marijuana use (ps<.05). Heavy alcohol use, marijuana use, and concomitant use of both substances during adolescence appear to be associated with decrements in cognitive functioning, and each substance (or combination of substances) may be linked to poorer performance in specific cognitive domains.",non_RCT,1.0,0.0,1.0,0.02,566.4253660943359,True,
164,28263256,RCT,Factors Associated With Ambulatory Activity in De Novo Parkinson Disease.,"[BACKGROUND AND PURPOSE] Objective ambulatory activity during daily living has not been characterized for people with Parkinson disease prior to initiation of dopaminergic medication. Our goal was to characterize ambulatory activity based on average daily step count and examine determinants of step count in nonexercising people with de novo Parkinson disease. [METHODS] We analyzed baseline data from a randomized controlled trial, which excluded people performing regular endurance exercise. Of 128 eligible participants (mean ± SD = 64.3 ± 8.6 years), 113 had complete accelerometer data, which were used to determine daily step count. Multiple linear regression was used to identify factors associated with average daily step count over 10 days. Candidate explanatory variable categories were (1) demographics/anthropometrics, (2) Parkinson disease characteristics, (3) motor symptom severity, (4) nonmotor and behavioral characteristics, (5) comorbidities, and (6) cardiorespiratory fitness. [RESULTS] Average daily step count was 5362 ± 2890 steps per day. Five factors explained 24% of daily step count variability, with higher step count associated with higher cardiorespiratory fitness (10%), no fear/worry of falling (5%), lower motor severity examination score (4%), more recent time since Parkinson disease diagnosis (3%), and the presence of a cardiovascular condition (2%). [DISCUSSION AND CONCLUSIONS] Daily step count in nonexercising people recruited for this intervention trial with de novo Parkinson disease approached sedentary lifestyle levels. Further study is warranted for elucidating factors explaining ambulatory activity, particularly cardiorespiratory fitness, and fear/worry of falling. Clinicians should consider the costs and benefits of exercise and activity behavior interventions immediately after diagnosis of Parkinson disease to attenuate the health consequences of low daily step count.Video Abstract available for more insights from the authors (see Video, Supplemental Digital Content 1, http://links.lww.com/JNPT/A170).",RCT,0.29,0.64,0.36,0.83,569.1980270203203,True,
165,26293583,RCT,"Efficacy of orally administered Silexan in patients with anxiety-related restlessness and disturbed sleep--A randomized, placebo-controlled trial.","The anxiolytic effect of Silexan, a patented active substance with an essential oil produced from Lavandula angustifolia flowers, was investigated in patients with anxiety-related restlessness and disturbed sleep. 170 out-patients with a diagnosis of restlessness (ICD-10 R45.1), a Hamilton Anxiety Scale (HAMA) total score ≥18 points and ≥2 points for HAMA items 'Tension' and 'Insomnia' participated in this randomized, double-blind trial and received 80mg Silexan or placebo once daily for 10 weeks. Patients with clinically important other psychiatric or neurological disorders potentially interfering with the assessment of treatment efficacy were excluded. Outcome variables were the HAMA as well as the Pittsburgh Sleep Quality Index (PSQI), the Zung Self-rating Anxiety Scale, a State Check inventory and the Clinical Global Impressions questionnaire. In the Silexan group the HAMA total score decreased from an average of 25.5±6.0 points at baseline to 13.7±7.0 points at treatment end, compared to a decrease from 26.5±6.1 to 16.9±9.8 for placebo, corresponding to decreases of 12.0 and 9.3 points (marginal means), respectively (group difference: p=0.03, ANCOVA with factor treatment and baseline value as covariate). In all outcome measures the treatment effect of Silexan was more pronounced than with placebo. According to the HAMA, 48.8% and 33.3% of the patients were responders (Silexan, placebo; reduction ≥50%; p=0.04) and 31.4% and 22.6% achieved remission (HAMA<10; p=0.20). 33.7% (Silexan) and 35.7% (placebo) of the participants reported adverse events. The study confirms the calming and anxiolytic efficacy of Silexan.",RCT,1.0,1.0,0.0,0.99,582.798546878621,True,
166,26476238,non_RCT,Phosphoinositide dependent protein kinase 1 is required for exercise-induced cardiac hypertrophy but not the associated mitochondrial adaptations.,"Phosphoinositide-dependent protein kinase-1 (PDPK1) is an important mediator of phosphatidylinositol 3-kinase (PI3K) signaling. We previously reported that PI3K but not Akt signaling mediates the increase in mitochondrial oxidative capacity following physiological cardiac hypertrophy. To determine if PDPK1 regulates these metabolic adaptations we examined mice with cardiomyocyte-specific heterozygous knockout of PDPK1 (cPDPK1(+/-)) after 5 wk. exercise swim training. Akt phosphorylation at Thr308 increased by 43% in wildtype (WT) mice but not in cPDPK1(+/-) mice following exercise training. Ventricular contractile function was not different between WT and cPDPK1(+/-) mice at baseline. In addition, exercise did not influence ventricular function in WT or cPDPK1(+/-) mice. Heart weight normalized to tibia length ratios increased by 13.8% in WT mice (6.2±0.2 vs. 7.1±0.2, P=0.001), but not in cPDPK1(+/-) (6.2±0.3 vs. 6.5±0.2, P=0.20) mice after swim training. Diastolic LV dimension increased in WT mice (3.7±0.1 vs. 4.0±0.1 mm, P=0.01) but not in cPDPK1(+/-) (3.8±0.1 vs. 3.7±0.1 mm, P=0.56) following swim training. Maximal mitochondrial oxygen consumption (VADP, nmol/min/mg) using palmitoyl carnitine as a substrate was significantly increased in mice of all genotypes following swim training (WT: 13.6±0.6 vs.16.1±0.9, P=0.04; cPDPK1(+/-): 12.4±0.6 vs.15.9±1.2, P=0.04). These findings suggest that PDPK1 is required for exercise-induced cardiac hypertrophy but does not contribute to exercise-induced increases in mitochondrial function.",non_RCT,1.0,0.0,1.0,0.02,513.4144381154329,True,
167,29107240,non_RCT,Synthesis and biological activity of benzoylcyclohexanedione herbicide SYP-9121.,"Benzoylcyclohexanedione herbicides work by inhibiting 4-hydroxyphenylpyruvate dioxygenase which was the last new target site introduced for herbicides. In an attempt to find new 4-hydroxyphenylpyruvate dioxygenase inhibitors with high efficacy and selectivity, a novel benzoylcyclohexanedione compound SYP-9121 was synthesized and studied in greenhouse and field. In the greenhouse, SYP-9121 showed broad spectrum herbicidal activity and good safety to maize. Its control of barnyard grass, crabgrass, redroot pigweed, purslane, dayflower and night shade was equivalent to that of the commercial herbicide mesotrione. Three field trials in summer maize showed that SYP-9121 could efficiently control both grass and broadleaf weeds with good selectivity. Herbicidal activity of SYP-9121 was comparable to that of mesotrione.",non_RCT,1.0,0.0,1.0,0.04,529.1084109339863,True,
168,21718259,RCT,A randomized controlled clinical trial of the Seattle Protocol for Activity in older adults.,"[OBJECTIVES] To compare the efficacy of a physical activity program (Seattle Protocol for Activity (SPA)) for low-exercising older adults with that of an educational health promotion program (HP), combination treatment (SPA+HP), and routine medical care control conditions (RMC). [DESIGN] Single-blind, randomized controlled trial with two-by-two factorial design. [SETTING] Community centers in King County, Washington, from November 2001 to September 2004. [PARTICIPANTS] Two hundred seventy-three community-residing, cognitively intact older adults (mean age 79.2; 62% women). [INTERVENTIONS] SPA (in-class exercises with assistance setting weekly home exercise goals) and HP (information about age-appropriate topics relevant to enhancing health), with randomization to four conditions: SPA only (n=69), HP only (n=73), SPA+HP (n=67), and RMC control (n=64). Active-treatment participants attended nine group classes over 3 months followed by five booster sessions over 1 year. [MEASUREMENTS] Self-rated health (Medical Outcomes Study 36-item Short-Form Survey) and depression (Geriatric Depression Scale). Secondary ratings of physical performance, treatment adherence, and self-rated health and affective function were also collected. [RESULTS] At 3 months, participants in SPA exercised more and had significantly better self-reported health, strength, and general well-being (P<.05) than participants in HP or RMC. Over 18 months, SPA participants maintained health and physical function benefits and had continued to exercise more than non-SPA participants. SPA+HP was not significantly better than SPA alone. Better adherence was associated with better outcomes. [CONCLUSION] Older adults participating in low levels of regular exercise can establish and maintain a home-based exercise program that yields immediate and long-term physical and affective benefits.",RCT,1.0,1.0,0.0,0.99,566.5352270007133,True,
169,27880804,RCT,Dietary Intake and Eating Behaviours of Obese New Zealand Children and Adolescents Enrolled in a Community-Based Intervention Programme.,"[OBJECTIVES] The aim of this study was to describe dietary intake and eating behaviours of obese children and adolescents, and also to determine how these differ in Indigenous versus non-Indigenous children at enrolment in an obesity programme. [METHODS] Baseline dietary intake and eating behaviour records were assessed from those enrolled in a clinical unblinded randomised controlled trial of a multi-disciplinary intervention. The setting was a community-based obesity programme in Taranaki, New Zealand. Children or adolescents who were enrolled from January 2012 to August 2014, with a BMI ≥98th percentile or >91st centile with weight-related comorbidities were eligible. [RESULTS] 239 participants (45% Māori, 45% NZ Europeans, 10% other ethnicities), aged 5-17 years were assessed. Two-thirds of participants experienced hyperphagia and half were not satiated after a meal. Comfort eating was reported by 62% of participants, and daily energy intake was above the recommended guidelines for 54%. Fruit and vegetable intake was suboptimal compared with the recommended 5 servings per day (mean 3.5 [SD = 1.9] servings per day), and the mean weekly breakfasts were less than the national average (5.9 vs 6.5; p<0.0001). Median sweet drink intake amongst Māori was twice that of NZ Europeans (250 vs 125 ml per day; p = 0.0002). [CONCLUSIONS] There was a concerning prevalence of abnormal eating behaviours and significant differences in dietary intake between obese participants and their national counterparts. Ethnic differences between Indigenous and non-Indigenous participants were also present, especially in relation to sweet drink consumption. Eating behaviours, especially sweet drink consumption and fruit/vegetable intake need to be addressed.",RCT,0.58,0.79,0.21,0.78,539.6669369656593,True,
170,28768251,RCT,A Randomized Controlled Trial Examining the Effect of Acupressure on Agitation and Salivary Cortisol in Nursing Home Residents with Dementia.,"[BACKGROUND] Acupressure has been used to manage agitation in people with dementia because it is safe and inexpensive. However, its effect on agitation and at the biochemical level is uncertain. [METHODS] This randomized controlled trial examined the effect of acupressure on agitation, as measured by the Cohen-Mansfield Agitation Inventory (CMAI); and on salivary cortisol, as measured at baseline (T0) and in the 3rd (T1), 5th (T2), and 8th (T3) weeks. There were 119 agitated residents with dementia randomized into 3 groups: acupressure (n = 39), sham (n = 41), and usual-care group (n = 39). [RESULTS] A downward trend in agitation over time was noted in the acupressure group, which almost reached a level of significance in interaction effects between groups and time points (p = 0.052). Post hoc pairwise tests in the acupressure group showed that acupressure significantly reduced agitation at T2 (mean difference -6.84, 95% CI -10.60, -3.08) compared to baseline. Significant interaction effects between groups and time points were observed on the level of salivary cortisol (p = 0.022). [CONCLUSION] Acupressure is a multicomponent intervention that can reduce agitation. Acupoint activation may not be a significant component in reducing agitation, although this result may have been limited by the inadequate sample size. Acupressure is effective in reducing salivary cortisol in people with dementia.",RCT,1.0,1.0,0.0,0.99,515.6597171444446,True,
171,24052368,RCT,"Hyaluronic acid: in vitro and in vivo analysis, biochemical properties and histological and morphological evaluation of injected filler.","[BACKGROUND] No human model has emerged as an accepted standard to evaluate tissue filler longevity. [OBJECTIVES] To validate a human model adequate to compare soft tissue filler degradation and tissue reaction. [MATERIALS AND METHODS] We evaluated in 18 patients the persistence of hyaluronic acid (HA) filler injected into labial tissue analyzing hyaluronidase (HYAL) activity by means of in vitro and in vivo tests, MRI and histological and ultra-structural examination at 3 and 6 months postop. [RESULTS] MRI examination revealed the presence of HA filler in a clear hyperintense area. Histology demonstrated fibroblast activation. The amount and the degradation rate of HYAL and HA did not show a linear correlation. [CONCLUSION] MRI demonstrated the presence of HA in lip tissue even after 6 months. Biopsies at 3 months revealed tissue maturation and at 6 months confirmed the ability of HA to reorganize and integrate the extracellular matrix. The absence of linear correlation between HYAL and HA revealed that the result clinically is probably dependent on systemic factors which can determine HYAL activity and therefore HA longevity.",non_RCT,1.0,0.0,1.0,0.02,552.9015029314905,False,
172,22093067,RCT,"Reactions of non-immunologic contact urticaria on scalp, face, and back.","[BACKGROUND] This study compared the reactivity of scalp, face, and back to nonimmunologic contact urticants (NICU) to ascertain relative responsiveness. [METHODS] Model urticants, benzoic acid (BA) and hexyl nicotinate (HN) with 3 concentrations of each were applied to marked skin of 10 bald males during 6 weeks. One urticant was applied to one side of nasolabial fold, back, and scalp and the other applied to the contralateral side. Reactivity was assessed by visual scores (VS) and biophysical instruments. Subjects ranked skin sensation with a 10-point visual analogue scale. [RESULTS] With 0.25% HN application, upper back VS significantly (p<0.05) exceeded scalp and back VS also showed significantly (p<0.05) stronger reaction than face at 60 min post-application; however, at 2.5% BA site, VS of face exhibited significantly (p<0.05) higher than back at 15 min post-application but with 0.625% BA site, VS of back was significantly (p<0.05) higher than face. The a* value was significantly (p<0.05) higher on back than scalp with 0.625% BA treatment. [CONCLUSION] Thus symptoms and measurements vary among sites. Differences may be related to solubility related percutaneous penetration. We encourage investigation into this relatively neglected but clinically important arena, to help explain difference in consumer/patient acceptance of topical formulations.",non_RCT,0.98,0.01,0.99,0.06,509.39500890672207,False,
173,25053601,non_RCT,Identification of circulating microRNAs as biomarkers in diagnosis of hematologic cancers: a meta-analysis.,"Recent studies have provided new insights into the diagnostic value of circulating microRNAs (miRNAs) for hematologic cancers. However, inconsistent results have been reported on the diagnostic performance of various kinds of miRNAs. To systematically assess the potential diagnostic value of miRNAs in hematologic cancers, we conducted the present meta-analysis. Multiple databases (PubMed, Cochrane Library, EMBASE, CNKI, and Wan Fang) were carefully searched for available studies up to April 4, 2014. Sensitivity and specificity were pooled using a random-effects model. Likelihood ratio (LR), diagnostic odds ratio (DOR), and the area under the curve (AUC) were used to measure the diagnostic values. Subgroup and meta-regression analyses were used to find potential sources of heterogeneity. Thirty-four studies from 14 publications, which involved 1,159 hematologic cancer patients and 826 healthy controls, were included in this meta-analysis. The pooled estimates indicated a moderately high diagnostic accuracy for circulating miRNAs, with a sensitivity of 0.83, a specificity of 0.85, a PLR of 5.7, a NLR of 0.20, a DOR of 29, and an AUC of 0.91. The subgroup analyses showed that diagnostic accuracy was better for acute myeloid leukemia (AML) patients and Asians compared with other subgroups. In addition, multiple miRNA assays displayed a better performance than single ones. Furthermore, we found that plasma might be a more promising matrix for detecting the expression of miRNAs than serum. Our results identified the potential use of circulating miRNAs in second-line diagnosis for hematologic cancers, especially the value of miRNA panels. However, further large cohort studies are still required to confirm our findings.",non_RCT,1.0,0.0,1.0,0.01,576.6719009261578,True,
174,23837219,RCT,Comparison of keratometric values and corneal eccentricity.,"The aim of this work is to compare the findings of keratometric values and their differences at various refractive errors. The eccentricity of the cornea in the sense compared to the possible influence of refraction of the eye is topographically observed. Groups of myopia, hyperopia and emmetropia (as a control group) are always represented in total 600 eyes. The studied cohort in total of 300 clients enrolled. Autorefraktokeratometer with Placido disc was used to measure the steepest and the flattest meridian to determine the corneal eccentricity. Group I consisted of 100 myopes, 35 men and 65 women, average age 37.3 years. Objective refraction--sphere: -2.9 D, cylinder: -0.88 D. Keratometry in this group is in the steepest meridian 7.62 mm and the flattest meridian is 7.76 mm. The eccentricity was 0.37. Group II consisting of 100 hyperopic subjects, 40 men and 60 women, average age 61.6 years. Objective refraction--sphere: +2.71 D, cylinder: -1.0 D. Keratometric measurement looks as follows: the steepest meridian is 7.67 mm, the flattest meridian then is 7.81 mm. The value of the eccentricity is 0.37. The third group III consists of 100 emetropic subjects, then clients without refractive errors who achieve without corrective aids Vmin = 1.0. This group is composed of 42 men and 58 women, mean age 41.4 years. Objective refraction--sphere: +0.32 D, cylinder: -0.28 D. The steepest meridian is 7.72 mm the flattest meridian then 7.83 mm. The eccentricity is represented by the observed values of 0.36. Keratometry as well as topography are fundamental methods of corneal anterior surface measurement. Their proportions are essential for the proper parameters selection especially in case of contact lenses as one of the possible means intended to correct refractive errors.",non_RCT,1.0,0.0,1.0,0.02,535.8737919013947,False,
175,26697137,RCT,Changes in Oxidative Stress and Inflammatory Biomarkers in Fragile Adults over Fifty Years of Age and in Elderly People Exclusively Fed Enteral Nutrition.,"We aim to evaluate whether exclusive feeding of an enteral formula enriched with n-3 long chain polyunsaturated fatty acids (n-3 LC-PUFA) affects oxidative stress and the antioxidant defence system and may improve the levels of some relevant inflammatory, and cardiovascular biomarkers in frail adults over fifty years of age and in elderly subjects. Fifty-five patients were divided into two groups and were exclusively fed a newly designed normoproteic and isocaloric enteral formula enriched with eicosapentaenoic (98 mg/d) and docosahexaenoic acids (46 mg/d) (n = 26) or a reference enteral diet (n = 29). Oxidative, inflammatory and cardiovascular risk biomarkers and red blood cell fatty acid profiles were determined at the beginning and after 90 and 180 days of feeding. The n-3 LC-PUFA percentage tended to be higher (P = 0.053) in the experimental group than in the reference group. Administration of the n-3 LC-PUFA diet did not increase oxidative stress or modify plasma antioxidant capacity but decreased antioxidant enzymatic activities. MMP-9 plasma concentration decreased with both formulae, whereas tPAI-1 tended to decrease (P = 0.116) with the administration of the experimental formula. In conclusion, administration of the new n-3 LC-PUFA-enriched product for 6 months did not negatively alter the oxidative status and improved some cardiovascular risk biomarkers.",non_RCT,0.39,0.31,0.69,0.22,538.8703339267522,False,
176,23373906,non_RCT,Structure of multidimensional entanglement in multipartite systems.,We explore the structure of multipartite quantum systems which are entangled in multiple degrees of freedom. We find necessary and sufficient conditions for the characterization of tripartite systems and necessary conditions for any number of parties. Furthermore we develop a framework of multilevel witnesses for efficient discrimination and quantification of multidimensional entanglement that is applicable for an arbitrary number of systems and dimensions.,non_RCT,1.0,0.0,1.0,0.01,616.1323939450085,True,
177,21940392,RCT,Enhanced lymph node retrieval from colorectal cancer resections using a simple lymphatic staining method.,"[BACKGROUND/AIMS] This study evaluated the effect of lymphatic staining on the number of lymph nodes (LNs) examined and staging in patients with colorectal cancer. [METHODOLOGY] Sixty-two consecutive specimens from patients with colorectal cancer resected between February 2009 and April 2010 were randomized to the stained group or the control unstained. Differences in the retrieval, number and size of nodes, and time for retrieval were measured. [RESULTS] LN harvest differed significantly with 30±12 and 13±5 (p<0.01) nodes in the stained and the control groups, respectively. Insufficient LN harvest (less than 12 nodes) occurred in 14 cases of the control group and only in 1 case of the stained group (p<0.01). Metastases were confirmed in 57 LNs occurring in 17 cases of the stained group and in 39 nodes occurring in 15 cases of the control group. The mean time for LN retrieval in the stained and control groups were comparable, 27.6±6.9min and 24.7±6.0min (p>0.05), respectively, yet there was a significant difference in the number of LNs (<2mm) (294 vs. 59, respectively, p<0.01) as well as in the number of LNs 2-5mm in size (474 vs. 220, respectively, p<0.01). [CONCLUSIONS] By lymphatic staining method, more and smaller LNs could be detected, which significantly improved the LN harvest of resected colorectal specimens and reduced cases of insufficient LN harvest.",RCT,1.0,1.0,0.0,0.93,530.903419945389,True,
178,26246087,RCT,Bacillus clausii for Prevention of Late-onset Sepsis in Preterm Infants: A Randomized Controlled Trial.,"[BACKGROUND OF THE STUDY] Preterm infants are managed with antibiotics for sepsis, including suspected or probable sepsis. This leads to a delayed and abnormal colonization of the gut with potentially pathogenic organisms and a microbiome, which lacks biodiversity and increases the risk for late-onset sepsis (LOS). Probiotics have been proven to reduce the risk for necrotizing enterocolitis, but evidence for prevention of LOS is inconclusive. Probiotic effect depends also on the strain used, dose and indication for use. This study evaluated Bacillus clausii probiotic administered prophylactically to preterm neonates for prevention of LOS. [OBJECTIVES] To study B.clausii given prophylactically to preterm neonates for prevention of LOS. [DESIGN] Double-blinded, placebo-controlled, randomized trial. [SETTINGS] Tertiary care neonatal unit in India. [PARTICIPANTS] Consecutive preterm neonates <34 weeks, admitted from 1 March 2012 to 28 February 2014 were stratified as extreme preterm and very preterm. [INTERVENTION] Randomized to receive either probiotic or placebo for 6 weeks, discharge from hospital, death or occurrence of sepsis, whichever was earlier. [PRIMARY OUTCOME] Incidence of definite and probable LOS in probiotic group compared with placebo. [RESULTS] Of 326 eligible preterm infants, 244 were enrolled and 82 were excluded. Of these, 120 were stratified as extreme preterm and randomized to receive placebo (n = 59) and probiotic (n = 61). Of 124 babies stratified as very preterm, an equal number was randomized to receive placebo (n = 62) and probiotic (n = 62). There was no significant difference in the incidence of LOS between the two arms in the extreme preterm group [29% vs. 23%; relative risk (RR) 1.27; 95% confidence interval (CI) 0.88-1.66; p = 0.36] and the very preterm group (13% vs. 10%; RR 1.33; 95% CI 0.96-1.70; p = 0.32). Full feeds were achieved significantly faster in the probiotic group in both the extreme preterm (RR 0.82; 95% CI 0.74-0.88) and the very preterm (RR 0.67; 95% 0.32-0.77). [CONCLUSIONS] Prophylactic administration of B.clausii to preterm neonates did not result in a significant difference in the incidence of LOS as compared with placebo.",RCT,1.0,1.0,0.0,0.99,700.1825941260904,True,
179,31499186,non_RCT,"Cholinergic muscarinic M1 and M4 receptors as therapeutic targets for cognitive, behavioural, and psychological symptoms in psychiatric and neurological disorders.","Cholinergic dysfunction is involved in a range of neurological and psychiatric disorders, including schizophrenia, dementia and Lewy body disease (LBD), leading to widespread use of cholinergic therapies. However, such drugs have focused on increasing the availability of acetylcholine (ACh) generally, with relatively little work done on the muscarinic system and specific muscarinic receptor subtypes. In this review, we provide an overview of the major cholinergic pathways and cholinergic muscarinic receptors in the human brain and evidence for their dysfunction in several neurological and psychiatric disorders. We discuss how the selectivity of cholinergic system dysfunction suggests that targeted cholinergic therapeutics to the muscarinic receptor subtypes will be vital in treating several disorders associated with cognitive dysfunction and behavioural and psychological symptoms.",non_RCT,1.0,0.0,1.0,0.02,507.8206202015281,True,
180,24677534,non_RCT,Experiences of self-practice/self-reflection in cognitive behavioural therapy: a meta-synthesis of qualitative studies.,"[BACKGROUND] Self-practice/self-reflection is a valuable training strategy which involves therapists applying therapeutic techniques to themselves, and reflecting on the process. [PURPOSE] To undertake a meta-synthesis of qualitative studies exploring therapists' experiences of self-practice/self-reflection in cognitive behavioural therapy (CBT). This would integrate, and interpret, the current literature in order to develop a new understanding, and contribute to the development of CBT training programmes. [METHODS] The meta-synthesis encompassed three distinct phases: undertaking a comprehensive and systematic literature search; critically appraising the papers; and synthesising the data using the meta-ethnographic method. [RESULTS] The literature search identified 378 papers, ten met the criteria for inclusion. After critical appraisal, all were included in the synthesis. The synthesis identified 14 constructs, which fell into three broad categories: 'experience of self-practice/self-reflection'; 'outcomes of self-practice/self-reflection'; and 'implications for training'. This synthesis found that self-practice allows therapists to put themselves into their clients' shoes, experiencing the benefits that therapy can bring but also the problems that clients can run in to. This experience increases therapists' empathy for their clients, allowing them to draw on their own experiences in therapy. As a result, therapists tend to feel both more confident in themselves and more competent as a therapist. The self-practice/self-reflection process was facilitated by reflective writing and working with others, particularly peers. [CONCLUSIONS] Self-practice/self-reflection is a valuable training strategy in CBT, which has a range of beneficial outcomes. It can also be used as a means of continuing personal and professional development. [PRACTITIONER POINTS] Self-practice of CBT techniques, and reflecting on the process, can be a useful training strategy and helpful for ongoing development Therapists could consider developing a 'self-case' study, rather than using the exercises as one-off techniques, recording reflections in writing, and sharing reflections with peers. Self-practice/self-reflection can be particularly helpful for increasing empathy for clients, highlighting the difficulties they may encounter.",non_RCT,1.0,0.0,1.0,0.01,529.1983080096543,True,
181,21604389,non_RCT,[Evaluation of toxin producing abilities of non-O1/non-O139 serogroup Vibrio cholerae isolated from humans].,"[AIM] Determination of non-O1/non-O139 Vibrio cholerae toxin (CT) gene expression by using EIA, and biological effect of non-O1/non-O139 V. cholerae supernatant on cell cultures evaluation. [MATERIALS AND METHODS] 39 V. cholerae strains from various serological groups were studied. Hemolytic activity of strains was determined by using Greig test, and cholera toxin production--in GM1-EIA and in continuous cell lines by registering cytotonic, cytotoxic and proteolitic effect. [RESULTS] GM1-EIA method does not detect CT production in 29 museum strains of non-O1/non-O139 V. cholerae in vitro. CT was detected only in 1 non-O1/non-O139 V. cholerae strain supernatant with OD = 0.577 that is substantially lower than in O1 V. cholerae strains (OD = 2.176). In cell cultures non-O1/non-O139 V. cholerae supernatants diluted to 1:100 caused elongation only in single cells. [CONCLUSION] Cytological model is a more sensitive technique to evaluate toxin producing abilities of non-O1/non-O139 V. cholerae strains and is appropriate for use.",non_RCT,1.0,0.0,1.0,0.01,741.9944580178708,True,
182,22730390,RCT,Remote ischemic preconditioning prevents reduction in brachial artery flow-mediated dilation after strenuous exercise.,"Strenuous exercise is associated with an immediate decrease in endothelial function. Repeated bouts of ischemia followed by reperfusion, known as remote ischemic preconditioning (RIPC), is able to protect the endothelium against ischemia-induced injury beyond the ischemic area. We examined the hypothesis that RIPC prevents the decrease in endothelial function observed after strenuous exercise in healthy men. In a randomized, crossover study, 13 healthy men performed running exercise preceded by RIPC of the lower limbs (4 × 5-min 220-mmHg bilateral occlusion) or a sham intervention (sham; 4 × 5-min 20-mmHg bilateral occlusion). Participants performed a graded maximal treadmill running test, followed by a 5-km time trial (TT). Brachial artery endothelial function was examined before and after RIPC or sham, as well as after the 5-km TT. We measured flow-mediated dilation (FMD), an index of endothelium-dependent function, using high-resolution echo-Doppler. We also calculated the shear rate area-under-the-curve (from cuff deflation to peak dilatation; SR(AUC)). Data are described as mean and 95% confidence intervals. FMD changed by <0.6% immediately after both ischemic preconditioning (IPC) and sham interventions (P > 0.30). In the sham trial, FMD changed from 5.1 (4.4-5.9) to 3.7% (2.6-4.8) following the 5-km TT (P = 0.02). In the RIPC trial, FMD changed negligibly from 5.4 (4.4-6.4) post-IPC and 5.7% (4.6-6.8) post 5-km TT (P = 0.60). Baseline diameter, SR(AUC), and time-to-peak diameter were all increased following the 5-km TT (P < 0.05), but these changes did not influence the IPC-mediated maintenance of FMD. In conclusion, these data indicate that strenuous lower-limb exercise results in an acute decrease in brachial artery FMD of ~1.4% in healthy men. However, we have shown for the first time that prior RIPC of the lower limbs maintains postexercise brachial artery endothelium-dependent function at preexercise levels.",RCT,1.0,1.0,0.0,0.92,645.5703938845545,True,
183,24019441,non_RCT,Population vulnerability to biannual cholera outbreaks and associated macro-scale drivers in the Bengal Delta.,"The highly populated floodplains of the Bengal Delta have a long history of endemic and epidemic cholera outbreaks, both coastal and inland. Previous studies have not addressed the spatio-temporal dynamics of population vulnerability related to the influence of underlying large-scale processes. We analyzed spatial and temporal variability of cholera incidence across six surveillance sites in the Bengal Delta and their association with regional hydroclimatic and environmental drivers. More specifically, we use salinity and flood inundation modeling across the vulnerable districts of Bangladesh to test earlier proposed hypotheses on the role of these environmental variables. Our results show strong influence of seasonal and interannual variability in estuarine salinity on spring outbreaks and inland flooding on fall outbreaks. A large segment of the population in the Bengal Delta floodplains remain vulnerable to these biannual cholera transmission mechanisms that provide ecologic and environmental conditions for outbreaks over large geographic regions.",non_RCT,1.0,0.0,1.0,0.01,696.9933449290693,True,
184,26238417,non_RCT,Defecating disorders: a common cause of constipation in women.,"Defecating disorders are a common and complex problem. There are a range of anatomical and functional bowel abnormalities that can lead to this condition. Treatment is difficult and needs a multidisciplinary approach. First line treatment for defecating disorders is conservative. For those that fail conservative treatment, some may respond to surgical therapy but with variable results. The aim of this review is to offer an overview of defecating disorders as well as provide an algorithm on how to diagnose and treat them with the help of a multidisciplinary and multimodal approach.",non_RCT,1.0,0.0,1.0,0.02,472.66726195812225,True,
185,28434061,non_RCT,The sources of calcium for noradrenaline-induced contraction in the human thoracic internal artery.,"The aim of the present study was to examine the contribution of intracellular and extracellular calcium sources in contraction caused by noradrenaline (NA) of the human internal thoracic artery (ITA) in vitro. Distal segments of ITA were obtained from 20 patients (aged 38-73, at the time of routine coronary artery surgical revascularization (CABG)). Contractile responses to 10-6 mol/L NA in the physiological salt solution and in Ca2+-free solution without and after incubation with 10-6 mol/L thapsigargin (TSG) were recorded under isometric conditions. Responses of ITA rings to 1 μM NA without incubation with TSG accounted (% of reaction to 80 mM KCl) 224.70 ± 14.06% in PSS solution, 141.30 ± 8.66% in Ca2+-free solution, and 80.03 ± 1.71% after PSS restoration and were statistically significantly different (p < 0.0001, one-way ANOVA). Responses of ITA rings to 1 μM NA with 1 μM TSG accounted (% of reaction to 80 mM KCl) 114.50 ± 2.79% in Ca2+-free solution and 36.70 ± 2.38% after PSS restoration. Responses in Ca2+-free solution and after PSS restoration without and with TSG were statistically significantly different (p = 0.0257 and p < 0.0001, respectively-t test). ITA contraction is caused by calcium derived not only from the SR and the extracellular matrix. The delivery of calcium to the space surrounding tissue does not immediately deliver calcium to the myofilaments.",non_RCT,1.0,0.0,1.0,0.01,519.9857619591057,True,
186,20835926,RCT,Palliative stenting with or without radiotherapy for inoperable esophageal carcinoma: a randomized trial.,"[BACKGROUND] A majority of patients with esophageal cancer present with inoperable disease and require rapid and long-lasting palliation of dysphagia. [STUDY AIM] To compare the duration of relief of dysphagia in patients with inoperable esophageal cancer treated with esophageal stenting alone or a combination of esophageal stenting and external beam radiotherapy (EBRT), and to assess overall survival, treatment-related complications, and quality of life (QOL) in the two groups. [PATIENTS AND METHODS] Patients with inoperable esophageal cancer and with high grade dysphagia were randomized to receive esophageal stenting with self-expandable metal stent (Ultraflex) alone (Group I), versus a combination of stenting followed by EBRT (30 gray in ten divided fractions over 2 weeks) (Group II). Dysphagia relief, overall survival, QOL (using European Organisation for Research and Treatment of Cancer Quality of Life Questionnaire-C30, version 3), and treatment-related complications were assessed in the two groups. [RESULTS] From April 2007 to March 2009, 84 patients were randomized to receive esophageal stent alone (42 patients) or a combination of stent and EBRT (42 patients). The two groups were comparable in demographics, tumor characteristics, indications for palliative treatment, and pretreatment dysphagia score. Dysphagia scores improved significantly in both groups following stent insertion. However, dysphagia relief was more sustained in Group II than in Group I (7 vs. 3 months, p = 0.002). Overall median survival was significantly higher in Group II than in Group I (180 vs. 120 days, p = 0.009). Addition of radiotherapy following stenting prolonged the mean dysphagia-free survival (118.6 ± 55.8 vs. 96.8 ± 43.0 days, p = 0.054). There was significant improvement in all QOL parameters at 1 week after stenting. The QOL, however, significantly declined immediately after radiotherapy. There was no treatment-related mortality, and the incidence of complications was similar in the two groups. [CONCLUSION] Post-stenting EBRT effectively prolongs duration of dysphagia relief and improves overall survival in inoperable esophageal cancer.",RCT,1.0,1.0,0.0,0.99,590.7537532038987,True,
187,26718897,RCT,The Karnataka Anemia Project 2--design and evaluation of a community-based parental intervention to improve childhood anemia cure rates: study protocol for a cluster randomized controlled trial.,"[BACKGROUND] Childhood anemia is highly prevalent worldwide. Improving the hemoglobin level of preschool age children could yield substantial benefits in cognitive and psychosocial development and overall health. While evidence-based recommendations for reducing childhood anemia in high anemia prevalence countries are available, there is no experimental evidence of community centered education and counseling programs, as a route to improved acceptance of iron supplements, demonstrating beneficial effects on anemia outcomes. We report on the evaluation protocol of a complex educational intervention led by the community lay health worker (LHW) and delivered to mothers of 12-59-month-old anemic children living in and visiting village day care centers in a large district of southern India. [METHODS AND DESIGN] The study is designed as a cluster randomized controlled trial. The intervention is based on the social cognitive theory and aims to promote among mothers, anemia awareness, dietary modifications to increase iron intake in the child, and recognition of the need for enhanced adherence to supplemental iron in the anemic child. From 270 eligible villages in the study area, a sample of 60 villages will be randomized to intervention [n = 30] or to treatment as usual [n = 30] of the study. LHWs in the intervention arm will be trained to administer the following intervention components to mothers of anemic children: 1] monthly distribution of Iron and folic acid (IFA) supplements to mothers of anemic children, and 2] five monthly counseling sessions of mothers of anemic children covering: a] anemia awareness education b] IFA adherence counseling and assessment, c] dietary modification to improve iron intake, and d] hygiene and sanitation. LHWs in the control arm will distribute IFA to mothers of anemic children as in the intervention arm but will not provide monthly education and counseling support. The primary outcome is the difference between the two experimental groups in anemia cure rates of children found to be anemic at baseline. Secondary outcomes, assessed as differences between all participants in both experimental groups, are: change in mothers' knowledge regarding anemia; 24 hour dietary iron intake; net improvement in individual hemoglobin values; serum ferritin; and the difference in overall cluster level childhood anemia prevalence. All outcomes will be measured 6 months after the start of the intervention. Multilevel linear and logistic regression models will be used to analyze differences between intervention and control groups in outcome variables. [DISCUSSION] This trial is designed to evaluate the effectiveness of an intervention intended to improve anemia cure rates in anemic children living in villages of Chamarajnagar, Karnataka a large district in south India. The extensive study of secondary endpoints will be used to identify possible weak points in the compliance to intervention delivery and uptake. This evaluation is one of the few large randomized trials evaluating the impact of an education and counseling intervention to reduce childhood anemia prevalence. [TRIAL REGISTRATION] This trial was registered with ISRCTN.com (identifier: ISRCTN68413407) on 17 September 2013.",RCT,0.99,1.0,0.0,0.93,592.1196979470551,True,
188,29033477,non_RCT,"Is Lhasa Tibetan Sign Language emerging, endangered, or both?","This article offers the first overview of the recent emergence of Tibetan Sign Language (TibSL) in Lhasa, capital of the Tibet Autonomous Region (TAR), China. Drawing on short anthropological fieldwork, in 2007 and 2014, with people and organisations involved in the formalisation and promotion of TibSL, the author discusses her findings within the nine-fold UNESCO model for assessing linguistic vitality and endangerment. She follows the adaptation of this model to assess signed languages by the Institute of Sign Languages and Deaf Studies (iSLanDS) at the University of Central Lancashire. The appraisal shows that TibSL appears to be between ""severely"" and ""definitely"" endangered, adding to the extant studies on the widespread phenomenon of sign language endangerment. Possible future influences and developments regarding the vitality and use of TibSL in Central Tibet and across the Tibetan plateau are then discussed and certain additions, not considered within the existing assessment model, suggested. In concluding, the article places the situation of TibSL within the wider circumstances of minority (sign) languages in China, Chinese Sign Language (CSL), and the post-2008 movement to promote and use ""pure Tibetan language"".",non_RCT,1.0,0.0,1.0,0.01,504.1307869832963,True,
189,25423709,non_RCT,Malignant female adnexal tumor of Wolffian origin (FATWO) positive for CD56: a possible diagnostic role for the biomarker.,"Female adnexal tumors of Wolffian origin (FATWOs) are rare tumors that arise in the broad ligament from the remnants of the mesonephric duct. Most FATWOs behave in a benign fashion, and there are only 14 case reports worldwide describing malignant FATWOs. The authors report herein the case of a 69-year-old woman with a malignant FATWO, positive for CD56. The mass was composed mainly of solid neoplastic epithelial cells, closely packed, branching, and anastomosing in slender tubules. There was an eosinophilic secretion within the lumens of some of the cysts and tubules. The number of mitoses was somewhat high in the active areas, numbering five to seven per ten high-power fields. The tumor cells were strongly positive for glutathione S-transferase π, and positive for cal- retinin, vimentin, c-Kit, CD99, and CD56; neuron-specific enolase was also partially expressed. The tumor cells were negative for inhibin α, estrogen receptors, progesterone receptors, B-cell lymphoma 2, and S100. Taken together, these immunohistochemical and pathological findings gave the diagnosis of malignant FATWO. The patient experienced a recurrence one year after her initial surgery. CD56 immunostaining was negative in two benign FATWO cases at the present institution. These findings suggest that CD56-positivity may be a diagnostic biomarker to differentiate malignant FATWOs from benign lesions.",non_RCT,1.0,0.0,1.0,0.01,536.1565300263464,True,
190,26674543,non_RCT,The pan-class I phosphatidyl-inositol-3 kinase inhibitor NVP-BKM120 demonstrates anti-leukemic activity in acute myeloid leukemia.,"Aberrant activation of the PI3K/Akt/mTOR pathway is a common feature of acute myeloid leukemia (AML) patients contributing to chemoresistance, disease progression and unfavourable outcome. Therefore, inhibition of this pathway may represent a potential therapeutic approach in AML. The aim of this study was to evaluate the pre-clinical activity of NVP-BKM120 (BKM120), a selective pan-class I PI3K inhibitor, on AML cell lines and primary samples. Our results demonstrate that BKM120 abrogates the activity of the PI3K/Akt/mTOR signaling, promoting cell growth arrest and significant apoptosis in a dose- and time-dependent manner in AML cells but not in the normal counterpart. BKM120-induced cytotoxicity is associated with a profound modulation of metabolic behaviour in both cell lines and primary samples. In addition, BKM120 synergizes with the glycolitic inhibitor dichloroacetate enhancing apoptosis induction at lower doses. Finally, in vivo administration of BKM120 to a xenotransplant mouse model of AML significantly inhibited leukemia progression and improved the overall survival of treated mice. Taken together, our findings indicate that BKM120, alone or in combination with other drugs, has a significant anti-leukemic activity supporting its clinical development as a novel therapeutic agent in AML.",non_RCT,1.0,0.0,1.0,0.02,549.7434150893241,True,
191,26563287,RCT,Osteosarcopenia is more than sarcopenia and osteopenia alone.,"[BACKGROUND] Sarcopenia and osteopenia/osteoporosis show a high prevalence in old age and incur a high risk for falls, fractures, and further functional decline. Physical performance and bone metabolism in patients suffering from the so-called osteosarcopenia-the combination of sarcopenia and osteopenia-are currently still unknown. [AIMS] This study investigates physical performance and bone metabolism in osteosarcopenic, prefrail, community-dwelling older adults. [METHODS] 68 prefrail adults between 65 and 94 years were assigned to four groups according to mean DXA results: osteosarcopenic [low T-score and low appendicular lean mass (aLM)], sarcopenic (low aLM), osteopenic (low T-score), and controls. Multiple linear regression analysis, adjusted for age, gender, physical activity, and 25-OH-vitamin D3 serum level, was used to identify the influence of being osteosarcopenic, sarcopenic, or osteopenic on physical performance (hand grip, chair rise test, sit-to-stand power, gait speed, SPPB) and serum markers for increased bone turnover [osteocalcin, β-crosslaps and procollagen type 1 amino-terminal propeptide (P1NP)]. [RESULTS] Only osteosarcopenic participants showed significantly reduced hand grip strength, increased chair rising time, and STS power time as well as significantly increased bone turnover markers. [DISCUSSION] Due to low physical performance and high bone turnover, older adults with osteosarcopenia have to be regarded as the most at-risk population for fractures and further functional decline. [CONCLUSIONS] Up-to-date osteoporosis and post-fracture management of older persons should aim at both, bone and muscle.",non_RCT,1.0,0.0,1.0,0.02,628.198049031198,False,
192,23124914,RCT,"The efficacy of a topical sialogogue spray containing 1% malic acid in patients with antidepressant-induced dry mouth: a double-blind, randomized clinical trial.","[BACKGROUND] One of the most important antidepressants side effects is dry mouth. The aim of this study was to evaluate the clinical efficacy of a topical sialogogue spray containing 1% malic acid on patients affected by dry mouth caused by antidepressants drug. [MATERIALS AND METHODS] This research took the form of a double-blind, randomized clinical trial at Faculty of Dentistry of University of Granada (Spain). Seventy participants with antidepressant-induced dry mouth were divided into two groups: for the first ""intervention group"" (35 subjects) a topical sialogogue spray (1% malic acid) was applied, while for the second ""control group"" (35 subjects), a placebo spray was applied; for both groups, the sprays were applied on demand during 2 weeks. The dry mouth questionnaire (DMQ) was used to evaluate dry mouth symptoms before and after product/placebo application. Unstimulated and stimulated salivary flows rates, before and after application, were measured. [RESULTS] Dry mouth symptoms improved after 1% malic acid topical spray application (p < .05). After 2 weeks of 1% malic acid application, unstimulated and stimulated salivary flows rates increased significantly (p < .05). [CONCLUSIONS] A sialogogue spray containing 1% malic acid improved dry mouth feeling of the patients suffering antidepressant-induced dry mouth and increased unstimulated and stimulated salivary flows rates.",RCT,1.0,1.0,0.0,0.97,535.7600310817361,True,
193,27616939,non_RCT,Beyond Licking and Grooming: Maternal Regulation of Infant Stress in the Context of Routine Care.,"Rodent epigenetic models of early maternal care have demonstrated that natural variations in maternal behavior shape the development of stress reactivity and social behavior in offspring. Rodent models have also revealed the ""hidden"" regulatory functions of specific dimensions of maternal behavior. Here we present research that has extended rodent models of early care to the study of biobehavioral development in human infants. Research showing contemporaneous and predictive associations between quality of maternal caregiving behavior (MCB) and early biobehavioral development is reviewed. New evidence demonstrating the proximal effects of MCB in early infancy on infant stress reactivity is reported and highlights the value of examining early parenting at the specific behavioral level. Future research should extend this domain-specific approach to the study of infant contributions to the early care environment. Implications for intervention are discussed.",non_RCT,1.0,0.0,1.0,0.04,520.2400570269674,True,
194,26246884,non_RCT,Effect of Telephone-Based Support on Postpartum Depression: A Randomized Controlled Trial.,"[BACKGROUND] Postpartum depression (PPD) is one public health issue that affects both maternal and child health. This research studies the effect of health volunteers' telephone- based support on decreasing PPD. [MATERIALS AND METHODS] This randomized controlled trial evaluated 203 women who had uncomplicated deliveries. The women completed the Edinburg Postnatal Depres- sion Scale (EPDS), 10 to 15 days after childbirth in order to be assessed for pre-trial depression scores. The cut-off point for depression was considered to be a score of >10. We randomly assigned 54 eligible mothers (n=27 per group) with mild and moderate de- pression to the intervention and control groups. In both groups, mothers received routine postpartum care. The intervention group additionally received telephone support from health volunteers. A questionnaire was used to gather demographic and obstetric infor- mation. By the end of the 6thweek, mothers completed the EPDS to be reassessed for depression after intervention. Data were analyzed using the chi-square, Fisher's exact, t- and paired t tests. [RESULTS] The mean depression scores before intervention (10 to 15 days after childbirth) in the intervention and control groups did not significantly differ (P=0.682). Depres- sion scores of the intervention and control groups showed a significant difference after 6 weeks (P=0.035). In addition, there was a significant decrease in depression for the intervention and control groups (P=0.045). [CONCLUSION] Health volunteer telephone-based support effectively decreased PPD and may be beneficial to women with symptoms of mild and moderate PPD (Registration number: IRCT201202159027N1).",RCT,1.0,1.0,0.0,0.98,454.11031995899975,False,
195,31440516,non_RCT,Combining Cell-Free Protein Synthesis and NMR Into a Tool to Study Capsid Assembly Modulation.,"Modulation of capsid assembly by small molecules has become a central concept in the fight against viral infection. Proper capsid assembly is crucial to form the high molecular weight structures that protect the viral genome and that, often in concert with the envelope, allow for cell entry and fusion. Atomic details underlying assembly modulation are generally studied using preassembled protein complexes, while the activity of assembly modulators during assembly remains largely open and poorly understood, as necessary tools are lacking. We here use the full-length hepatitis B virus (HBV) capsid protein (Cp183) as a model to present a combination of cell-free protein synthesis and solid-state NMR as an approach which shall open the possibility to produce and analyze the formation of higher-order complexes directly on exit from the ribosome. We demonstrate that assembled capsids can be synthesized in amounts sufficient for structural studies, and show that addition of assembly modulators to the cell-free reaction produces objects similar to those obtained by addition of the compounds to preformed Cp183 capsids. These results establish the cell-free system as a tool for the study of capsid assembly modulation directly after synthesis by the ribosome, and they open the perspective of assessing the impact of natural or synthetic compounds, or even enzymes that perform post-translational modifications, on capsids structures.",non_RCT,1.0,0.0,1.0,0.01,571.0202439222485,True,
196,29684882,non_RCT,"Volatile organic compounds in stormwater from a community of Beijing, China.","Stormwater samples were collected from six different land use sites with three time-intervals during a precipitation event on August 12, 2016, from a community of Beijing, China. A total of 46 species volatile organic compounds (VOCs) were detected in these stormwater samples, including methyl tertiary-butyl ether (MTBE), aromatic hydrocarbons, halogenated aromatics, Halogenated alkanes, and alkenes. The total VOC concentrations varied in the six sites following order: highway junction > city road > gas station > park > campus > residential area, except for MTBE, which was much higher at gas station compared to other land use sites. ANOVA results indicated both land use and precipitation time intervals could significantly affect the VOC concentrations even in the small area. The Beijing atmospheric VOC concentrations were too low to explain the high concentrations in stormwater, suggesting that land surfaces may be the main sources of VOC other than the ambient atmosphere. MTBE and other VOCs correlation analysis indicated that MTBE mostly came from gasoline emissions, spills or vehicle exhausts, whereas the BTEX (benzene, toluene, ethylbenzene, Xylenes) and the halogenated aromatics were transferred from chemical plants through land surfaces accumulating and the wind blowing atmospheric VOCs. Xylenes/ethylbenzene (X/E) ratios variations indicated that stormwater incorporated larger amount of fresh emitted air during the precipitation event than prior to it. Information of these stormwater VOCs in this study could be used in the community pollution reduction strategies.",non_RCT,1.0,0.0,1.0,0.01,490.22814678028226,True,
197,23812612,RCT,Fractional carbon dioxide laser and acoustic-pressure ultrasound for transepidermal delivery of cosmeceuticals: a novel method of facial rejuvenation.,"[BACKGROUND] This study aimed to determine the efficacy and safety of a new facial rejuvenation procedure that combines a fractional carbon dioxide (CO2) laser, an ultrasound emitter, and a cosmeceutical preparation to be applied intraoperatively. [METHODS] A split-face, double-blind randomized prospective study of 14 patients was designed, in which one half of the face was treated with a fractional CO2 laser, with the other half receiving the same laser and acoustic pressure ultrasound for transepidermal delivery of cosmeceuticals. Two semiquantitative scales and two visual analog scales were completed to evaluate the efficacy of each treatment. The results were assessed on the basis of photographs taken before treatment and then after 1, 2, and 6 months afterward. Potential adverse effects and complications were recorded. [RESULTS] Both treatments achieved significant improvements in all parameters evaluated (p < 0.001). The combined ultrasound and cosmeceutical treatment had better scores for reduced fine lines and wrinkles as well as for overall facial aging at 6 months (p < 0.01), with nearly 80 % overall improvement in facial aging. The treatment was well tolerated, and no unexpected adverse effects were observed. The majority of the patients (86 %) stated that they were satisfied or very satisfied with their results. [CONCLUSION] One session of fractional ablative CO2 laser and acoustic pressure ultrasound technology for transepidermal delivery of cosmeceuticals is an effective method for treating facial rejuvenation.",RCT,0.99,1.0,0.0,0.89,749.0844959393144,True,
198,23119170,non_RCT,Combined Stimulation with the Tumor Necrosis Factor α and the Epidermal Growth Factor Promotes the Proliferation of Hepatocytes in Rat Liver Cultured Slices.,"The culture liver slices are mainly used to investigate drug metabolism and xenobiotic-mediated liver injuries while apoptosis and proliferation remain unexplored in this culture model. Here, we show a transient increase in LDH release and caspase activities indicating an ischemic injury during the slicing procedure. Then, caspase activities decrease and remain low in cultured slices demonstrating a low level of apoptosis. The slicing procedure is also associated with the G0/G1 transition of hepatocytes demonstrated by the activation of stress and proliferation signalling pathways including the ERK1/2 and JNK1/2/3 MAPKinases and the transient upregulation of c-fos. The cells further progress up to mid-G1 phase as indicated by the sequential induction of c-myc and p53 mRNA levels after the slicing procedure and at 24 h of culture, respectively. The stimulation by epidermal growth factor induces the ERK1/2 phosphorylation but fails to activate expression of late G1 and S phase markers such as cyclin D1 and Cdk1 indicating that hepatocytes are arrested in mid-G1 phase of the cell cycle. However, we found that combined stimulation by the proinflammatory cytokine tumor necrosis factor α and the epidermal growth factor promotes the commitment to DNA replication as observed in vivo during the liver regeneration.",non_RCT,1.0,0.0,1.0,0.01,527.6920730248094,True,
199,24451226,non_RCT,A stepwise likelihood ratio test procedure for rare variant selection in case-control studies.,"There is much recent interest in finding rare genetic variants associated with various diseases. Owing to the scarcity of rare mutations, single-variant analyses often lack power. To enable pooling of information across variants, we use a random effect formulation within a retrospective modeling framework that respects the retrospective data collecting mechanism of case-control studies. More concretely, we model the control allele frequencies of the variants as random effects, and the systematic differences between the case and control frequencies as fixed effects, resulting in a mixed model. The use of Poisson approximation and gamma-distributed random effects results in a generalized negative binomial distribution for the joint distribution of the control and case frequencies. Variants are selected by conducting stepwise likelihood ratio tests. The superiority of the proposed method over two existing variant selection methods is demonstrated in a simulation study. The effects of non-gamma random effects and correlated variants are also found to be not too detrimental in the simulation study. When the proposed procedure is applied to identify rare variants associated with obesity, it identifies one additional variant not picked up by existing methods.",non_RCT,1.0,0.0,1.0,0.01,537.6318150665611,True,
